dataset,encoder,seed,latent_dim,payload,component,explained_variance_ratio,cumulative_explained_variance
bouncing_disks,AE,0,64,models/bouncing_disks/latent_tda_features/seed0_test_T50_B128_H64_W64_latent64_win15_bins16.pt,1,0.27011770453564915,0.27011770453564915
bouncing_disks,AE,0,64,models/bouncing_disks/latent_tda_features/seed0_test_T50_B128_H64_W64_latent64_win15_bins16.pt,2,0.19340037456645762,0.46351807910210674
bouncing_disks,AE,0,64,models/bouncing_disks/latent_tda_features/seed0_test_T50_B128_H64_W64_latent64_win15_bins16.pt,3,0.10390912953726064,0.5674272086393674
bouncing_disks,AE,0,64,models/bouncing_disks/latent_tda_features/seed0_test_T50_B128_H64_W64_latent64_win15_bins16.pt,4,0.07234080921868362,0.6397680178580509
bouncing_disks,AE,0,64,models/bouncing_disks/latent_tda_features/seed0_test_T50_B128_H64_W64_latent64_win15_bins16.pt,5,0.07026052790049644,0.7100285457585473
bouncing_disks,AE,0,64,models/bouncing_disks/latent_tda_features/seed0_test_T50_B128_H64_W64_latent64_win15_bins16.pt,6,0.06431330409987769,0.774341849858425
bouncing_disks,AE,0,64,models/bouncing_disks/latent_tda_features/seed0_test_T50_B128_H64_W64_latent64_win15_bins16.pt,7,0.05770870182991313,0.8320505516883382
bouncing_disks,AE,0,64,models/bouncing_disks/latent_tda_features/seed0_test_T50_B128_H64_W64_latent64_win15_bins16.pt,8,0.04889148251185057,0.8809420342001888
bouncing_disks,AE,0,64,models/bouncing_disks/latent_tda_features/seed0_test_T50_B128_H64_W64_latent64_win15_bins16.pt,9,0.04365246209931464,0.9245944962995034
bouncing_disks,AE,0,64,models/bouncing_disks/latent_tda_features/seed0_test_T50_B128_H64_W64_latent64_win15_bins16.pt,10,0.0259089933761528,0.9505034896756562
bouncing_disks,AE,0,64,models/bouncing_disks/latent_tda_features/seed0_test_T50_B128_H64_W64_latent64_win15_bins16.pt,11,0.019869228202862157,0.9703727178785184
bouncing_disks,AE,0,64,models/bouncing_disks/latent_tda_features/seed0_test_T50_B128_H64_W64_latent64_win15_bins16.pt,12,0.014873948488523414,0.9852466663670418
bouncing_disks,AE,0,64,models/bouncing_disks/latent_tda_features/seed0_test_T50_B128_H64_W64_latent64_win15_bins16.pt,13,0.0049139452802119616,0.9901606116472538
bouncing_disks,AE,0,64,models/bouncing_disks/latent_tda_features/seed0_test_T50_B128_H64_W64_latent64_win15_bins16.pt,14,0.004754305546033517,0.9949149171932873
bouncing_disks,AE,0,64,models/bouncing_disks/latent_tda_features/seed0_test_T50_B128_H64_W64_latent64_win15_bins16.pt,15,0.002070770679266782,0.996985687872554
bouncing_disks,AE,0,64,models/bouncing_disks/latent_tda_features/seed0_test_T50_B128_H64_W64_latent64_win15_bins16.pt,16,0.0011396975477338046,0.9981253854202878
bouncing_disks,AE,0,64,models/bouncing_disks/latent_tda_features/seed0_test_T50_B128_H64_W64_latent64_win15_bins16.pt,17,0.0007088983856427966,0.9988342838059306
bouncing_disks,AE,0,64,models/bouncing_disks/latent_tda_features/seed0_test_T50_B128_H64_W64_latent64_win15_bins16.pt,18,0.0003927040202823756,0.999226987826213
bouncing_disks,AE,0,64,models/bouncing_disks/latent_tda_features/seed0_test_T50_B128_H64_W64_latent64_win15_bins16.pt,19,0.0001871729485708308,0.9994141607747838
bouncing_disks,AE,0,64,models/bouncing_disks/latent_tda_features/seed0_test_T50_B128_H64_W64_latent64_win15_bins16.pt,20,0.00010217030549104889,0.9995163310802749
bouncing_disks,AE,0,64,models/bouncing_disks/latent_tda_features/seed0_test_T50_B128_H64_W64_latent64_win15_bins16.pt,21,9.031190449614318e-05,0.9996066429847711
bouncing_disks,AE,0,64,models/bouncing_disks/latent_tda_features/seed0_test_T50_B128_H64_W64_latent64_win15_bins16.pt,22,6.866288674748054e-05,0.9996753058715185
bouncing_disks,AE,0,64,models/bouncing_disks/latent_tda_features/seed0_test_T50_B128_H64_W64_latent64_win15_bins16.pt,23,5.428859123512124e-05,0.9997295944627537
bouncing_disks,AE,0,64,models/bouncing_disks/latent_tda_features/seed0_test_T50_B128_H64_W64_latent64_win15_bins16.pt,24,3.8978066327696216e-05,0.9997685725290814
bouncing_disks,AE,0,64,models/bouncing_disks/latent_tda_features/seed0_test_T50_B128_H64_W64_latent64_win15_bins16.pt,25,3.350027750694591e-05,0.9998020728065883
bouncing_disks,AE,0,64,models/bouncing_disks/latent_tda_features/seed0_test_T50_B128_H64_W64_latent64_win15_bins16.pt,26,2.8595257130626314e-05,0.9998306680637189
bouncing_disks,AE,0,64,models/bouncing_disks/latent_tda_features/seed0_test_T50_B128_H64_W64_latent64_win15_bins16.pt,27,2.0908261318671343e-05,0.9998515763250375
bouncing_disks,AE,0,64,models/bouncing_disks/latent_tda_features/seed0_test_T50_B128_H64_W64_latent64_win15_bins16.pt,28,1.9093397832628472e-05,0.9998706697228702
bouncing_disks,AE,0,64,models/bouncing_disks/latent_tda_features/seed0_test_T50_B128_H64_W64_latent64_win15_bins16.pt,29,1.5682228763786448e-05,0.999886351951634
bouncing_disks,AE,0,64,models/bouncing_disks/latent_tda_features/seed0_test_T50_B128_H64_W64_latent64_win15_bins16.pt,30,1.4216322813035906e-05,0.9999005682744471
bouncing_disks,AE,0,64,models/bouncing_disks/latent_tda_features/seed0_test_T50_B128_H64_W64_latent64_win15_bins16.pt,31,1.2887683018330207e-05,0.9999134559574654
bouncing_disks,AE,0,64,models/bouncing_disks/latent_tda_features/seed0_test_T50_B128_H64_W64_latent64_win15_bins16.pt,32,1.0281950441240295e-05,0.9999237379079067
bouncing_disks,AE,0,64,models/bouncing_disks/latent_tda_features/seed0_test_T50_B128_H64_W64_latent64_win15_bins16.pt,33,9.257600249171852e-06,0.9999329955081558
bouncing_disks,AE,0,64,models/bouncing_disks/latent_tda_features/seed0_test_T50_B128_H64_W64_latent64_win15_bins16.pt,34,8.410297240481344e-06,0.9999414058053964
bouncing_disks,AE,0,64,models/bouncing_disks/latent_tda_features/seed0_test_T50_B128_H64_W64_latent64_win15_bins16.pt,35,7.19524771403291e-06,0.9999486010531105
bouncing_disks,AE,0,64,models/bouncing_disks/latent_tda_features/seed0_test_T50_B128_H64_W64_latent64_win15_bins16.pt,36,6.113522657093822e-06,0.9999547145757676
bouncing_disks,AE,0,64,models/bouncing_disks/latent_tda_features/seed0_test_T50_B128_H64_W64_latent64_win15_bins16.pt,37,5.275695401396623e-06,0.999959990271169
bouncing_disks,AE,0,64,models/bouncing_disks/latent_tda_features/seed0_test_T50_B128_H64_W64_latent64_win15_bins16.pt,38,5.005708508175662e-06,0.9999649959796771
bouncing_disks,AE,0,64,models/bouncing_disks/latent_tda_features/seed0_test_T50_B128_H64_W64_latent64_win15_bins16.pt,39,4.078897963741391e-06,0.9999690748776409
bouncing_disks,AE,0,64,models/bouncing_disks/latent_tda_features/seed0_test_T50_B128_H64_W64_latent64_win15_bins16.pt,40,3.4598672912422016e-06,0.9999725347449321
bouncing_disks,AE,0,64,models/bouncing_disks/latent_tda_features/seed0_test_T50_B128_H64_W64_latent64_win15_bins16.pt,41,2.9138889408169886e-06,0.9999754486338729
bouncing_disks,AE,0,64,models/bouncing_disks/latent_tda_features/seed0_test_T50_B128_H64_W64_latent64_win15_bins16.pt,42,2.8940207408161565e-06,0.9999783426546137
bouncing_disks,AE,0,64,models/bouncing_disks/latent_tda_features/seed0_test_T50_B128_H64_W64_latent64_win15_bins16.pt,43,2.5984610984781665e-06,0.9999809411157122
bouncing_disks,AE,0,64,models/bouncing_disks/latent_tda_features/seed0_test_T50_B128_H64_W64_latent64_win15_bins16.pt,44,2.565426548974267e-06,0.9999835065422612
bouncing_disks,AE,0,64,models/bouncing_disks/latent_tda_features/seed0_test_T50_B128_H64_W64_latent64_win15_bins16.pt,45,2.2068828642519763e-06,0.9999857134251254
bouncing_disks,AE,0,64,models/bouncing_disks/latent_tda_features/seed0_test_T50_B128_H64_W64_latent64_win15_bins16.pt,46,1.6730297058664387e-06,0.9999873864548313
bouncing_disks,AE,0,64,models/bouncing_disks/latent_tda_features/seed0_test_T50_B128_H64_W64_latent64_win15_bins16.pt,47,1.5824814224011476e-06,0.9999889689362537
bouncing_disks,AE,0,64,models/bouncing_disks/latent_tda_features/seed0_test_T50_B128_H64_W64_latent64_win15_bins16.pt,48,1.3142045171750068e-06,0.9999902831407709
bouncing_disks,AE,0,64,models/bouncing_disks/latent_tda_features/seed0_test_T50_B128_H64_W64_latent64_win15_bins16.pt,49,1.167638980349147e-06,0.9999914507797513
bouncing_disks,AE,0,64,models/bouncing_disks/latent_tda_features/seed0_test_T50_B128_H64_W64_latent64_win15_bins16.pt,50,1.0941574240094728e-06,0.9999925449371753
bouncing_disks,AE,0,64,models/bouncing_disks/latent_tda_features/seed0_test_T50_B128_H64_W64_latent64_win15_bins16.pt,51,9.382474052684154e-07,0.9999934831845805
bouncing_disks,AE,0,64,models/bouncing_disks/latent_tda_features/seed0_test_T50_B128_H64_W64_latent64_win15_bins16.pt,52,9.349243720388391e-07,0.9999944181089525
bouncing_disks,AE,0,64,models/bouncing_disks/latent_tda_features/seed0_test_T50_B128_H64_W64_latent64_win15_bins16.pt,53,7.428276683975111e-07,0.9999951609366209
bouncing_disks,AE,0,64,models/bouncing_disks/latent_tda_features/seed0_test_T50_B128_H64_W64_latent64_win15_bins16.pt,54,6.747773572043067e-07,0.9999958357139781
bouncing_disks,AE,0,64,models/bouncing_disks/latent_tda_features/seed0_test_T50_B128_H64_W64_latent64_win15_bins16.pt,55,6.078853718394033e-07,0.9999964435993499
bouncing_disks,AE,0,64,models/bouncing_disks/latent_tda_features/seed0_test_T50_B128_H64_W64_latent64_win15_bins16.pt,56,5.822435691097175e-07,0.999997025842919
bouncing_disks,AE,0,64,models/bouncing_disks/latent_tda_features/seed0_test_T50_B128_H64_W64_latent64_win15_bins16.pt,57,5.349530820524774e-07,0.9999975607960011
bouncing_disks,AE,0,64,models/bouncing_disks/latent_tda_features/seed0_test_T50_B128_H64_W64_latent64_win15_bins16.pt,58,4.877455171947528e-07,0.9999980485415183
bouncing_disks,AE,0,64,models/bouncing_disks/latent_tda_features/seed0_test_T50_B128_H64_W64_latent64_win15_bins16.pt,59,4.380585287866296e-07,0.9999984866000471
bouncing_disks,AE,0,64,models/bouncing_disks/latent_tda_features/seed0_test_T50_B128_H64_W64_latent64_win15_bins16.pt,60,4.0926254609907154e-07,0.9999988958625932
bouncing_disks,AE,0,64,models/bouncing_disks/latent_tda_features/seed0_test_T50_B128_H64_W64_latent64_win15_bins16.pt,61,3.38039465194758e-07,0.9999992339020584
bouncing_disks,AE,0,64,models/bouncing_disks/latent_tda_features/seed0_test_T50_B128_H64_W64_latent64_win15_bins16.pt,62,2.935212240783248e-07,0.9999995274232825
bouncing_disks,AE,0,64,models/bouncing_disks/latent_tda_features/seed0_test_T50_B128_H64_W64_latent64_win15_bins16.pt,63,2.6767312527047696e-07,0.9999997950964077
bouncing_disks,AE,0,64,models/bouncing_disks/latent_tda_features/seed0_test_T50_B128_H64_W64_latent64_win15_bins16.pt,64,2.0490359225545412e-07,0.9999999999999999
bouncing_disks,GeoAE,0,64,models/bouncing_disks_geoae_lam0.1/latent_tda_features/seed0_test_T50_B128_H64_W64_latent64_win15_bins16.pt,1,0.1411955211300225,0.1411955211300225
bouncing_disks,GeoAE,0,64,models/bouncing_disks_geoae_lam0.1/latent_tda_features/seed0_test_T50_B128_H64_W64_latent64_win15_bins16.pt,2,0.0798932795243751,0.22108880065439762
bouncing_disks,GeoAE,0,64,models/bouncing_disks_geoae_lam0.1/latent_tda_features/seed0_test_T50_B128_H64_W64_latent64_win15_bins16.pt,3,0.06755529036551931,0.28864409101991695
bouncing_disks,GeoAE,0,64,models/bouncing_disks_geoae_lam0.1/latent_tda_features/seed0_test_T50_B128_H64_W64_latent64_win15_bins16.pt,4,0.053632525657832185,0.3422766166777491
bouncing_disks,GeoAE,0,64,models/bouncing_disks_geoae_lam0.1/latent_tda_features/seed0_test_T50_B128_H64_W64_latent64_win15_bins16.pt,5,0.04800853578369209,0.3902851524614412
bouncing_disks,GeoAE,0,64,models/bouncing_disks_geoae_lam0.1/latent_tda_features/seed0_test_T50_B128_H64_W64_latent64_win15_bins16.pt,6,0.043562646776617524,0.4338477992380587
bouncing_disks,GeoAE,0,64,models/bouncing_disks_geoae_lam0.1/latent_tda_features/seed0_test_T50_B128_H64_W64_latent64_win15_bins16.pt,7,0.03944941225757836,0.4732972114956371
bouncing_disks,GeoAE,0,64,models/bouncing_disks_geoae_lam0.1/latent_tda_features/seed0_test_T50_B128_H64_W64_latent64_win15_bins16.pt,8,0.032669052759647585,0.5059662642552847
bouncing_disks,GeoAE,0,64,models/bouncing_disks_geoae_lam0.1/latent_tda_features/seed0_test_T50_B128_H64_W64_latent64_win15_bins16.pt,9,0.02987295790120524,0.5358392221564899
bouncing_disks,GeoAE,0,64,models/bouncing_disks_geoae_lam0.1/latent_tda_features/seed0_test_T50_B128_H64_W64_latent64_win15_bins16.pt,10,0.026934350537644754,0.5627735726941346
bouncing_disks,GeoAE,0,64,models/bouncing_disks_geoae_lam0.1/latent_tda_features/seed0_test_T50_B128_H64_W64_latent64_win15_bins16.pt,11,0.024951247555838052,0.5877248202499727
bouncing_disks,GeoAE,0,64,models/bouncing_disks_geoae_lam0.1/latent_tda_features/seed0_test_T50_B128_H64_W64_latent64_win15_bins16.pt,12,0.022281842064555107,0.6100066623145278
bouncing_disks,GeoAE,0,64,models/bouncing_disks_geoae_lam0.1/latent_tda_features/seed0_test_T50_B128_H64_W64_latent64_win15_bins16.pt,13,0.020117270961474858,0.6301239332760027
bouncing_disks,GeoAE,0,64,models/bouncing_disks_geoae_lam0.1/latent_tda_features/seed0_test_T50_B128_H64_W64_latent64_win15_bins16.pt,14,0.01898541608212999,0.6491093493581327
bouncing_disks,GeoAE,0,64,models/bouncing_disks_geoae_lam0.1/latent_tda_features/seed0_test_T50_B128_H64_W64_latent64_win15_bins16.pt,15,0.018755182970981638,0.6678645323291144
bouncing_disks,GeoAE,0,64,models/bouncing_disks_geoae_lam0.1/latent_tda_features/seed0_test_T50_B128_H64_W64_latent64_win15_bins16.pt,16,0.01819757025950872,0.6860621025886231
bouncing_disks,GeoAE,0,64,models/bouncing_disks_geoae_lam0.1/latent_tda_features/seed0_test_T50_B128_H64_W64_latent64_win15_bins16.pt,17,0.017994651461874997,0.7040567540504981
bouncing_disks,GeoAE,0,64,models/bouncing_disks_geoae_lam0.1/latent_tda_features/seed0_test_T50_B128_H64_W64_latent64_win15_bins16.pt,18,0.016584511224795342,0.7206412652752934
bouncing_disks,GeoAE,0,64,models/bouncing_disks_geoae_lam0.1/latent_tda_features/seed0_test_T50_B128_H64_W64_latent64_win15_bins16.pt,19,0.015289958436496562,0.73593122371179
bouncing_disks,GeoAE,0,64,models/bouncing_disks_geoae_lam0.1/latent_tda_features/seed0_test_T50_B128_H64_W64_latent64_win15_bins16.pt,20,0.014389368671927106,0.7503205923837171
bouncing_disks,GeoAE,0,64,models/bouncing_disks_geoae_lam0.1/latent_tda_features/seed0_test_T50_B128_H64_W64_latent64_win15_bins16.pt,21,0.013742688568545153,0.7640632809522622
bouncing_disks,GeoAE,0,64,models/bouncing_disks_geoae_lam0.1/latent_tda_features/seed0_test_T50_B128_H64_W64_latent64_win15_bins16.pt,22,0.013116246660516959,0.7771795276127791
bouncing_disks,GeoAE,0,64,models/bouncing_disks_geoae_lam0.1/latent_tda_features/seed0_test_T50_B128_H64_W64_latent64_win15_bins16.pt,23,0.012743963014428945,0.789923490627208
bouncing_disks,GeoAE,0,64,models/bouncing_disks_geoae_lam0.1/latent_tda_features/seed0_test_T50_B128_H64_W64_latent64_win15_bins16.pt,24,0.012256661345174042,0.802180151972382
bouncing_disks,GeoAE,0,64,models/bouncing_disks_geoae_lam0.1/latent_tda_features/seed0_test_T50_B128_H64_W64_latent64_win15_bins16.pt,25,0.011717623886503358,0.8138977758588853
bouncing_disks,GeoAE,0,64,models/bouncing_disks_geoae_lam0.1/latent_tda_features/seed0_test_T50_B128_H64_W64_latent64_win15_bins16.pt,26,0.011277910912358054,0.8251756867712434
bouncing_disks,GeoAE,0,64,models/bouncing_disks_geoae_lam0.1/latent_tda_features/seed0_test_T50_B128_H64_W64_latent64_win15_bins16.pt,27,0.010207118516553966,0.8353828052877974
bouncing_disks,GeoAE,0,64,models/bouncing_disks_geoae_lam0.1/latent_tda_features/seed0_test_T50_B128_H64_W64_latent64_win15_bins16.pt,28,0.009703137183541894,0.8450859424713393
bouncing_disks,GeoAE,0,64,models/bouncing_disks_geoae_lam0.1/latent_tda_features/seed0_test_T50_B128_H64_W64_latent64_win15_bins16.pt,29,0.009431235158830056,0.8545171776301693
bouncing_disks,GeoAE,0,64,models/bouncing_disks_geoae_lam0.1/latent_tda_features/seed0_test_T50_B128_H64_W64_latent64_win15_bins16.pt,30,0.008646332451450743,0.8631635100816201
bouncing_disks,GeoAE,0,64,models/bouncing_disks_geoae_lam0.1/latent_tda_features/seed0_test_T50_B128_H64_W64_latent64_win15_bins16.pt,31,0.00856451176179695,0.871728021843417
bouncing_disks,GeoAE,0,64,models/bouncing_disks_geoae_lam0.1/latent_tda_features/seed0_test_T50_B128_H64_W64_latent64_win15_bins16.pt,32,0.008404100156228066,0.8801321219996451
bouncing_disks,GeoAE,0,64,models/bouncing_disks_geoae_lam0.1/latent_tda_features/seed0_test_T50_B128_H64_W64_latent64_win15_bins16.pt,33,0.00772563712599755,0.8878577591256426
bouncing_disks,GeoAE,0,64,models/bouncing_disks_geoae_lam0.1/latent_tda_features/seed0_test_T50_B128_H64_W64_latent64_win15_bins16.pt,34,0.007156614371975863,0.8950143734976185
bouncing_disks,GeoAE,0,64,models/bouncing_disks_geoae_lam0.1/latent_tda_features/seed0_test_T50_B128_H64_W64_latent64_win15_bins16.pt,35,0.006994070990750444,0.9020084444883689
bouncing_disks,GeoAE,0,64,models/bouncing_disks_geoae_lam0.1/latent_tda_features/seed0_test_T50_B128_H64_W64_latent64_win15_bins16.pt,36,0.006677013077118516,0.9086854575654875
bouncing_disks,GeoAE,0,64,models/bouncing_disks_geoae_lam0.1/latent_tda_features/seed0_test_T50_B128_H64_W64_latent64_win15_bins16.pt,37,0.006251711609206364,0.9149371691746938
bouncing_disks,GeoAE,0,64,models/bouncing_disks_geoae_lam0.1/latent_tda_features/seed0_test_T50_B128_H64_W64_latent64_win15_bins16.pt,38,0.006007358453480521,0.9209445276281744
bouncing_disks,GeoAE,0,64,models/bouncing_disks_geoae_lam0.1/latent_tda_features/seed0_test_T50_B128_H64_W64_latent64_win15_bins16.pt,39,0.005914223349046607,0.9268587509772209
bouncing_disks,GeoAE,0,64,models/bouncing_disks_geoae_lam0.1/latent_tda_features/seed0_test_T50_B128_H64_W64_latent64_win15_bins16.pt,40,0.00545710144711507,0.932315852424336
bouncing_disks,GeoAE,0,64,models/bouncing_disks_geoae_lam0.1/latent_tda_features/seed0_test_T50_B128_H64_W64_latent64_win15_bins16.pt,41,0.004980521493124511,0.9372963739174606
bouncing_disks,GeoAE,0,64,models/bouncing_disks_geoae_lam0.1/latent_tda_features/seed0_test_T50_B128_H64_W64_latent64_win15_bins16.pt,42,0.004815909339182397,0.942112283256643
bouncing_disks,GeoAE,0,64,models/bouncing_disks_geoae_lam0.1/latent_tda_features/seed0_test_T50_B128_H64_W64_latent64_win15_bins16.pt,43,0.004474980739782506,0.9465872639964255
bouncing_disks,GeoAE,0,64,models/bouncing_disks_geoae_lam0.1/latent_tda_features/seed0_test_T50_B128_H64_W64_latent64_win15_bins16.pt,44,0.004340399109117313,0.9509276631055428
bouncing_disks,GeoAE,0,64,models/bouncing_disks_geoae_lam0.1/latent_tda_features/seed0_test_T50_B128_H64_W64_latent64_win15_bins16.pt,45,0.004164505987580166,0.9550921690931229
bouncing_disks,GeoAE,0,64,models/bouncing_disks_geoae_lam0.1/latent_tda_features/seed0_test_T50_B128_H64_W64_latent64_win15_bins16.pt,46,0.003953552764221235,0.9590457218573442
bouncing_disks,GeoAE,0,64,models/bouncing_disks_geoae_lam0.1/latent_tda_features/seed0_test_T50_B128_H64_W64_latent64_win15_bins16.pt,47,0.0037816000141909635,0.9628273218715351
bouncing_disks,GeoAE,0,64,models/bouncing_disks_geoae_lam0.1/latent_tda_features/seed0_test_T50_B128_H64_W64_latent64_win15_bins16.pt,48,0.003438980616756071,0.9662663024882912
bouncing_disks,GeoAE,0,64,models/bouncing_disks_geoae_lam0.1/latent_tda_features/seed0_test_T50_B128_H64_W64_latent64_win15_bins16.pt,49,0.0033141531102960672,0.9695804555985872
bouncing_disks,GeoAE,0,64,models/bouncing_disks_geoae_lam0.1/latent_tda_features/seed0_test_T50_B128_H64_W64_latent64_win15_bins16.pt,50,0.0032818494422964624,0.9728623050408837
bouncing_disks,GeoAE,0,64,models/bouncing_disks_geoae_lam0.1/latent_tda_features/seed0_test_T50_B128_H64_W64_latent64_win15_bins16.pt,51,0.002932624967315078,0.9757949300081987
bouncing_disks,GeoAE,0,64,models/bouncing_disks_geoae_lam0.1/latent_tda_features/seed0_test_T50_B128_H64_W64_latent64_win15_bins16.pt,52,0.002755853241673531,0.9785507832498722
bouncing_disks,GeoAE,0,64,models/bouncing_disks_geoae_lam0.1/latent_tda_features/seed0_test_T50_B128_H64_W64_latent64_win15_bins16.pt,53,0.0025703648632451805,0.9811211481131173
bouncing_disks,GeoAE,0,64,models/bouncing_disks_geoae_lam0.1/latent_tda_features/seed0_test_T50_B128_H64_W64_latent64_win15_bins16.pt,54,0.0024033769818463764,0.9835245250949637
bouncing_disks,GeoAE,0,64,models/bouncing_disks_geoae_lam0.1/latent_tda_features/seed0_test_T50_B128_H64_W64_latent64_win15_bins16.pt,55,0.0022745624259558252,0.9857990875209195
bouncing_disks,GeoAE,0,64,models/bouncing_disks_geoae_lam0.1/latent_tda_features/seed0_test_T50_B128_H64_W64_latent64_win15_bins16.pt,56,0.0021287582545277536,0.9879278457754472
bouncing_disks,GeoAE,0,64,models/bouncing_disks_geoae_lam0.1/latent_tda_features/seed0_test_T50_B128_H64_W64_latent64_win15_bins16.pt,57,0.0019366114009323583,0.9898644571763796
bouncing_disks,GeoAE,0,64,models/bouncing_disks_geoae_lam0.1/latent_tda_features/seed0_test_T50_B128_H64_W64_latent64_win15_bins16.pt,58,0.001867186291722111,0.9917316434681017
bouncing_disks,GeoAE,0,64,models/bouncing_disks_geoae_lam0.1/latent_tda_features/seed0_test_T50_B128_H64_W64_latent64_win15_bins16.pt,59,0.0017105652990995679,0.9934422087672012
bouncing_disks,GeoAE,0,64,models/bouncing_disks_geoae_lam0.1/latent_tda_features/seed0_test_T50_B128_H64_W64_latent64_win15_bins16.pt,60,0.0015716626342747475,0.995013871401476
bouncing_disks,GeoAE,0,64,models/bouncing_disks_geoae_lam0.1/latent_tda_features/seed0_test_T50_B128_H64_W64_latent64_win15_bins16.pt,61,0.0013987804895651827,0.9964126518910412
bouncing_disks,GeoAE,0,64,models/bouncing_disks_geoae_lam0.1/latent_tda_features/seed0_test_T50_B128_H64_W64_latent64_win15_bins16.pt,62,0.0013573442664404911,0.9977699961574817
bouncing_disks,GeoAE,0,64,models/bouncing_disks_geoae_lam0.1/latent_tda_features/seed0_test_T50_B128_H64_W64_latent64_win15_bins16.pt,63,0.0012120738379661487,0.9989820699954479
bouncing_disks,GeoAE,0,64,models/bouncing_disks_geoae_lam0.1/latent_tda_features/seed0_test_T50_B128_H64_W64_latent64_win15_bins16.pt,64,0.0010179300045518882,0.9999999999999998
bouncing_disks,TopoAE,0,64,models/bouncing_disks_topoae_lam0.1_signature/latent_tda_features/seed0_test_T50_B128_H64_W64_latent64_win15_bins16.pt,1,0.2537221998911272,0.2537221998911272
bouncing_disks,TopoAE,0,64,models/bouncing_disks_topoae_lam0.1_signature/latent_tda_features/seed0_test_T50_B128_H64_W64_latent64_win15_bins16.pt,2,0.22492162116840497,0.4786438210595322
bouncing_disks,TopoAE,0,64,models/bouncing_disks_topoae_lam0.1_signature/latent_tda_features/seed0_test_T50_B128_H64_W64_latent64_win15_bins16.pt,3,0.19962076250410618,0.6782645835636384
bouncing_disks,TopoAE,0,64,models/bouncing_disks_topoae_lam0.1_signature/latent_tda_features/seed0_test_T50_B128_H64_W64_latent64_win15_bins16.pt,4,0.1094134516180127,0.7876780351816511
bouncing_disks,TopoAE,0,64,models/bouncing_disks_topoae_lam0.1_signature/latent_tda_features/seed0_test_T50_B128_H64_W64_latent64_win15_bins16.pt,5,0.10778851310920111,0.8954665482908523
bouncing_disks,TopoAE,0,64,models/bouncing_disks_topoae_lam0.1_signature/latent_tda_features/seed0_test_T50_B128_H64_W64_latent64_win15_bins16.pt,6,0.04299791049238753,0.9384644587832398
bouncing_disks,TopoAE,0,64,models/bouncing_disks_topoae_lam0.1_signature/latent_tda_features/seed0_test_T50_B128_H64_W64_latent64_win15_bins16.pt,7,0.036614418852921375,0.9750788776361612
bouncing_disks,TopoAE,0,64,models/bouncing_disks_topoae_lam0.1_signature/latent_tda_features/seed0_test_T50_B128_H64_W64_latent64_win15_bins16.pt,8,0.020475608661945435,0.9955544862981066
bouncing_disks,TopoAE,0,64,models/bouncing_disks_topoae_lam0.1_signature/latent_tda_features/seed0_test_T50_B128_H64_W64_latent64_win15_bins16.pt,9,0.0026648336621547452,0.9982193199602614
bouncing_disks,TopoAE,0,64,models/bouncing_disks_topoae_lam0.1_signature/latent_tda_features/seed0_test_T50_B128_H64_W64_latent64_win15_bins16.pt,10,0.0006656760407888769,0.9988849960010503
bouncing_disks,TopoAE,0,64,models/bouncing_disks_topoae_lam0.1_signature/latent_tda_features/seed0_test_T50_B128_H64_W64_latent64_win15_bins16.pt,11,0.00045620500067839267,0.9993412010017287
bouncing_disks,TopoAE,0,64,models/bouncing_disks_topoae_lam0.1_signature/latent_tda_features/seed0_test_T50_B128_H64_W64_latent64_win15_bins16.pt,12,0.0003092953396498001,0.9996504963413786
bouncing_disks,TopoAE,0,64,models/bouncing_disks_topoae_lam0.1_signature/latent_tda_features/seed0_test_T50_B128_H64_W64_latent64_win15_bins16.pt,13,0.00018383659810255196,0.9998343329394811
bouncing_disks,TopoAE,0,64,models/bouncing_disks_topoae_lam0.1_signature/latent_tda_features/seed0_test_T50_B128_H64_W64_latent64_win15_bins16.pt,14,0.00010834312825490709,0.999942676067736
bouncing_disks,TopoAE,0,64,models/bouncing_disks_topoae_lam0.1_signature/latent_tda_features/seed0_test_T50_B128_H64_W64_latent64_win15_bins16.pt,15,2.7356907419633042e-05,0.9999700329751556
bouncing_disks,TopoAE,0,64,models/bouncing_disks_topoae_lam0.1_signature/latent_tda_features/seed0_test_T50_B128_H64_W64_latent64_win15_bins16.pt,16,1.2486434763116388e-05,0.9999825194099188
bouncing_disks,TopoAE,0,64,models/bouncing_disks_topoae_lam0.1_signature/latent_tda_features/seed0_test_T50_B128_H64_W64_latent64_win15_bins16.pt,17,5.191087185418493e-06,0.9999877104971042
bouncing_disks,TopoAE,0,64,models/bouncing_disks_topoae_lam0.1_signature/latent_tda_features/seed0_test_T50_B128_H64_W64_latent64_win15_bins16.pt,18,2.4340205833209587e-06,0.9999901445176875
bouncing_disks,TopoAE,0,64,models/bouncing_disks_topoae_lam0.1_signature/latent_tda_features/seed0_test_T50_B128_H64_W64_latent64_win15_bins16.pt,19,1.8170456003637881e-06,0.9999919615632878
bouncing_disks,TopoAE,0,64,models/bouncing_disks_topoae_lam0.1_signature/latent_tda_features/seed0_test_T50_B128_H64_W64_latent64_win15_bins16.pt,20,1.6765950227161125e-06,0.9999936381583105
bouncing_disks,TopoAE,0,64,models/bouncing_disks_topoae_lam0.1_signature/latent_tda_features/seed0_test_T50_B128_H64_W64_latent64_win15_bins16.pt,21,1.0586799452323463e-06,0.9999946968382558
bouncing_disks,TopoAE,0,64,models/bouncing_disks_topoae_lam0.1_signature/latent_tda_features/seed0_test_T50_B128_H64_W64_latent64_win15_bins16.pt,22,8.059134037447728e-07,0.9999955027516596
bouncing_disks,TopoAE,0,64,models/bouncing_disks_topoae_lam0.1_signature/latent_tda_features/seed0_test_T50_B128_H64_W64_latent64_win15_bins16.pt,23,7.34111405787414e-07,0.9999962368630654
bouncing_disks,TopoAE,0,64,models/bouncing_disks_topoae_lam0.1_signature/latent_tda_features/seed0_test_T50_B128_H64_W64_latent64_win15_bins16.pt,24,6.136526486776249e-07,0.9999968505157141
bouncing_disks,TopoAE,0,64,models/bouncing_disks_topoae_lam0.1_signature/latent_tda_features/seed0_test_T50_B128_H64_W64_latent64_win15_bins16.pt,25,4.826362589820382e-07,0.999997333151973
bouncing_disks,TopoAE,0,64,models/bouncing_disks_topoae_lam0.1_signature/latent_tda_features/seed0_test_T50_B128_H64_W64_latent64_win15_bins16.pt,26,4.0614174804045424e-07,0.999997739293721
bouncing_disks,TopoAE,0,64,models/bouncing_disks_topoae_lam0.1_signature/latent_tda_features/seed0_test_T50_B128_H64_W64_latent64_win15_bins16.pt,27,3.145929391519746e-07,0.9999980538866602
bouncing_disks,TopoAE,0,64,models/bouncing_disks_topoae_lam0.1_signature/latent_tda_features/seed0_test_T50_B128_H64_W64_latent64_win15_bins16.pt,28,2.809489972841495e-07,0.9999983348356575
bouncing_disks,TopoAE,0,64,models/bouncing_disks_topoae_lam0.1_signature/latent_tda_features/seed0_test_T50_B128_H64_W64_latent64_win15_bins16.pt,29,1.8597562269985528e-07,0.9999985208112802
bouncing_disks,TopoAE,0,64,models/bouncing_disks_topoae_lam0.1_signature/latent_tda_features/seed0_test_T50_B128_H64_W64_latent64_win15_bins16.pt,30,1.8570801604125084e-07,0.9999987065192962
bouncing_disks,TopoAE,0,64,models/bouncing_disks_topoae_lam0.1_signature/latent_tda_features/seed0_test_T50_B128_H64_W64_latent64_win15_bins16.pt,31,1.6289248516709e-07,0.9999988694117814
bouncing_disks,TopoAE,0,64,models/bouncing_disks_topoae_lam0.1_signature/latent_tda_features/seed0_test_T50_B128_H64_W64_latent64_win15_bins16.pt,32,1.2078140757421652e-07,0.9999989901931889
bouncing_disks,TopoAE,0,64,models/bouncing_disks_topoae_lam0.1_signature/latent_tda_features/seed0_test_T50_B128_H64_W64_latent64_win15_bins16.pt,33,1.0581465267177157e-07,0.9999990960078416
bouncing_disks,TopoAE,0,64,models/bouncing_disks_topoae_lam0.1_signature/latent_tda_features/seed0_test_T50_B128_H64_W64_latent64_win15_bins16.pt,34,1.0093394531755135e-07,0.999999196941787
bouncing_disks,TopoAE,0,64,models/bouncing_disks_topoae_lam0.1_signature/latent_tda_features/seed0_test_T50_B128_H64_W64_latent64_win15_bins16.pt,35,9.546400508680856e-08,0.999999292405792
bouncing_disks,TopoAE,0,64,models/bouncing_disks_topoae_lam0.1_signature/latent_tda_features/seed0_test_T50_B128_H64_W64_latent64_win15_bins16.pt,36,7.798905869661036e-08,0.9999993703948507
bouncing_disks,TopoAE,0,64,models/bouncing_disks_topoae_lam0.1_signature/latent_tda_features/seed0_test_T50_B128_H64_W64_latent64_win15_bins16.pt,37,7.059162088401475e-08,0.9999994409864715
bouncing_disks,TopoAE,0,64,models/bouncing_disks_topoae_lam0.1_signature/latent_tda_features/seed0_test_T50_B128_H64_W64_latent64_win15_bins16.pt,38,6.797340337643244e-08,0.9999995089598749
bouncing_disks,TopoAE,0,64,models/bouncing_disks_topoae_lam0.1_signature/latent_tda_features/seed0_test_T50_B128_H64_W64_latent64_win15_bins16.pt,39,5.826306374010067e-08,0.9999995672229386
bouncing_disks,TopoAE,0,64,models/bouncing_disks_topoae_lam0.1_signature/latent_tda_features/seed0_test_T50_B128_H64_W64_latent64_win15_bins16.pt,40,5.436570789517958e-08,0.9999996215886465
bouncing_disks,TopoAE,0,64,models/bouncing_disks_topoae_lam0.1_signature/latent_tda_features/seed0_test_T50_B128_H64_W64_latent64_win15_bins16.pt,41,4.117622732610525e-08,0.9999996627648738
bouncing_disks,TopoAE,0,64,models/bouncing_disks_topoae_lam0.1_signature/latent_tda_features/seed0_test_T50_B128_H64_W64_latent64_win15_bins16.pt,42,3.982658363971948e-08,0.9999997025914574
bouncing_disks,TopoAE,0,64,models/bouncing_disks_topoae_lam0.1_signature/latent_tda_features/seed0_test_T50_B128_H64_W64_latent64_win15_bins16.pt,43,3.659540192077257e-08,0.9999997391868594
bouncing_disks,TopoAE,0,64,models/bouncing_disks_topoae_lam0.1_signature/latent_tda_features/seed0_test_T50_B128_H64_W64_latent64_win15_bins16.pt,44,2.8871874880510646e-08,0.9999997680587343
bouncing_disks,TopoAE,0,64,models/bouncing_disks_topoae_lam0.1_signature/latent_tda_features/seed0_test_T50_B128_H64_W64_latent64_win15_bins16.pt,45,2.4861681153880315e-08,0.9999997929204154
bouncing_disks,TopoAE,0,64,models/bouncing_disks_topoae_lam0.1_signature/latent_tda_features/seed0_test_T50_B128_H64_W64_latent64_win15_bins16.pt,46,2.428288162007825e-08,0.999999817203297
bouncing_disks,TopoAE,0,64,models/bouncing_disks_topoae_lam0.1_signature/latent_tda_features/seed0_test_T50_B128_H64_W64_latent64_win15_bins16.pt,47,2.1235095690483416e-08,0.9999998384383927
bouncing_disks,TopoAE,0,64,models/bouncing_disks_topoae_lam0.1_signature/latent_tda_features/seed0_test_T50_B128_H64_W64_latent64_win15_bins16.pt,48,1.969654953440245e-08,0.9999998581349422
bouncing_disks,TopoAE,0,64,models/bouncing_disks_topoae_lam0.1_signature/latent_tda_features/seed0_test_T50_B128_H64_W64_latent64_win15_bins16.pt,49,1.767825185867076e-08,0.999999875813194
bouncing_disks,TopoAE,0,64,models/bouncing_disks_topoae_lam0.1_signature/latent_tda_features/seed0_test_T50_B128_H64_W64_latent64_win15_bins16.pt,50,1.7296021137483167e-08,0.9999998931092152
bouncing_disks,TopoAE,0,64,models/bouncing_disks_topoae_lam0.1_signature/latent_tda_features/seed0_test_T50_B128_H64_W64_latent64_win15_bins16.pt,51,1.3902607982625534e-08,0.9999999070118232
bouncing_disks,TopoAE,0,64,models/bouncing_disks_topoae_lam0.1_signature/latent_tda_features/seed0_test_T50_B128_H64_W64_latent64_win15_bins16.pt,52,1.310757977512563e-08,0.999999920119403
bouncing_disks,TopoAE,0,64,models/bouncing_disks_topoae_lam0.1_signature/latent_tda_features/seed0_test_T50_B128_H64_W64_latent64_win15_bins16.pt,53,1.2846255539904169e-08,0.9999999329656585
bouncing_disks,TopoAE,0,64,models/bouncing_disks_topoae_lam0.1_signature/latent_tda_features/seed0_test_T50_B128_H64_W64_latent64_win15_bins16.pt,54,1.1397900611739632e-08,0.9999999443635591
bouncing_disks,TopoAE,0,64,models/bouncing_disks_topoae_lam0.1_signature/latent_tda_features/seed0_test_T50_B128_H64_W64_latent64_win15_bins16.pt,55,8.982636555012772e-09,0.9999999533461956
bouncing_disks,TopoAE,0,64,models/bouncing_disks_topoae_lam0.1_signature/latent_tda_features/seed0_test_T50_B128_H64_W64_latent64_win15_bins16.pt,56,8.609283179909922e-09,0.9999999619554788
bouncing_disks,TopoAE,0,64,models/bouncing_disks_topoae_lam0.1_signature/latent_tda_features/seed0_test_T50_B128_H64_W64_latent64_win15_bins16.pt,57,7.211502648099853e-09,0.9999999691669814
bouncing_disks,TopoAE,0,64,models/bouncing_disks_topoae_lam0.1_signature/latent_tda_features/seed0_test_T50_B128_H64_W64_latent64_win15_bins16.pt,58,6.497452388494152e-09,0.9999999756644338
bouncing_disks,TopoAE,0,64,models/bouncing_disks_topoae_lam0.1_signature/latent_tda_features/seed0_test_T50_B128_H64_W64_latent64_win15_bins16.pt,59,5.42418410779959e-09,0.9999999810886179
bouncing_disks,TopoAE,0,64,models/bouncing_disks_topoae_lam0.1_signature/latent_tda_features/seed0_test_T50_B128_H64_W64_latent64_win15_bins16.pt,60,4.781668455290471e-09,0.9999999858702864
bouncing_disks,TopoAE,0,64,models/bouncing_disks_topoae_lam0.1_signature/latent_tda_features/seed0_test_T50_B128_H64_W64_latent64_win15_bins16.pt,61,4.351815244893129e-09,0.9999999902221016
bouncing_disks,TopoAE,0,64,models/bouncing_disks_topoae_lam0.1_signature/latent_tda_features/seed0_test_T50_B128_H64_W64_latent64_win15_bins16.pt,62,3.5978440382592934e-09,0.9999999938199456
bouncing_disks,TopoAE,0,64,models/bouncing_disks_topoae_lam0.1_signature/latent_tda_features/seed0_test_T50_B128_H64_W64_latent64_win15_bins16.pt,63,3.3254009539593687e-09,0.9999999971453466
bouncing_disks,TopoAE,0,64,models/bouncing_disks_topoae_lam0.1_signature/latent_tda_features/seed0_test_T50_B128_H64_W64_latent64_win15_bins16.pt,64,2.854653456735799e-09,1.0
bouncing_rings,AE,0,64,models/bouncing_rings/latent_tda_features/seed0_test_T50_B128_H64_W64_latent64_win15_bins16.pt,1,0.3218189739114536,0.3218189739114536
bouncing_rings,AE,0,64,models/bouncing_rings/latent_tda_features/seed0_test_T50_B128_H64_W64_latent64_win15_bins16.pt,2,0.2456407814201712,0.5674597553316247
bouncing_rings,AE,0,64,models/bouncing_rings/latent_tda_features/seed0_test_T50_B128_H64_W64_latent64_win15_bins16.pt,3,0.14412669952223625,0.711586454853861
bouncing_rings,AE,0,64,models/bouncing_rings/latent_tda_features/seed0_test_T50_B128_H64_W64_latent64_win15_bins16.pt,4,0.07588404125257171,0.7874704961064327
bouncing_rings,AE,0,64,models/bouncing_rings/latent_tda_features/seed0_test_T50_B128_H64_W64_latent64_win15_bins16.pt,5,0.064302654361736,0.8517731504681687
bouncing_rings,AE,0,64,models/bouncing_rings/latent_tda_features/seed0_test_T50_B128_H64_W64_latent64_win15_bins16.pt,6,0.04779411861283122,0.8995672690809999
bouncing_rings,AE,0,64,models/bouncing_rings/latent_tda_features/seed0_test_T50_B128_H64_W64_latent64_win15_bins16.pt,7,0.039751925893599244,0.9393191949745991
bouncing_rings,AE,0,64,models/bouncing_rings/latent_tda_features/seed0_test_T50_B128_H64_W64_latent64_win15_bins16.pt,8,0.029130775674027293,0.9684499706486265
bouncing_rings,AE,0,64,models/bouncing_rings/latent_tda_features/seed0_test_T50_B128_H64_W64_latent64_win15_bins16.pt,9,0.02547602849662723,0.9939259991452537
bouncing_rings,AE,0,64,models/bouncing_rings/latent_tda_features/seed0_test_T50_B128_H64_W64_latent64_win15_bins16.pt,10,0.002283255771362478,0.9962092549166162
bouncing_rings,AE,0,64,models/bouncing_rings/latent_tda_features/seed0_test_T50_B128_H64_W64_latent64_win15_bins16.pt,11,0.0016493305719266903,0.9978585854885429
bouncing_rings,AE,0,64,models/bouncing_rings/latent_tda_features/seed0_test_T50_B128_H64_W64_latent64_win15_bins16.pt,12,0.000933417883060363,0.9987920033716032
bouncing_rings,AE,0,64,models/bouncing_rings/latent_tda_features/seed0_test_T50_B128_H64_W64_latent64_win15_bins16.pt,13,0.00046481565862122585,0.9992568190302245
bouncing_rings,AE,0,64,models/bouncing_rings/latent_tda_features/seed0_test_T50_B128_H64_W64_latent64_win15_bins16.pt,14,0.00023999359382606542,0.9994968126240505
bouncing_rings,AE,0,64,models/bouncing_rings/latent_tda_features/seed0_test_T50_B128_H64_W64_latent64_win15_bins16.pt,15,0.00016208913705491036,0.9996589017611055
bouncing_rings,AE,0,64,models/bouncing_rings/latent_tda_features/seed0_test_T50_B128_H64_W64_latent64_win15_bins16.pt,16,0.00012091299161537793,0.9997798147527209
bouncing_rings,AE,0,64,models/bouncing_rings/latent_tda_features/seed0_test_T50_B128_H64_W64_latent64_win15_bins16.pt,17,5.0973192079477406e-05,0.9998307879448004
bouncing_rings,AE,0,64,models/bouncing_rings/latent_tda_features/seed0_test_T50_B128_H64_W64_latent64_win15_bins16.pt,18,3.264835142979841e-05,0.9998634362962302
bouncing_rings,AE,0,64,models/bouncing_rings/latent_tda_features/seed0_test_T50_B128_H64_W64_latent64_win15_bins16.pt,19,2.946288511098438e-05,0.9998928991813412
bouncing_rings,AE,0,64,models/bouncing_rings/latent_tda_features/seed0_test_T50_B128_H64_W64_latent64_win15_bins16.pt,20,1.9110318584558767e-05,0.9999120094999258
bouncing_rings,AE,0,64,models/bouncing_rings/latent_tda_features/seed0_test_T50_B128_H64_W64_latent64_win15_bins16.pt,21,1.7489392495141048e-05,0.9999294988924209
bouncing_rings,AE,0,64,models/bouncing_rings/latent_tda_features/seed0_test_T50_B128_H64_W64_latent64_win15_bins16.pt,22,9.947188559988758e-06,0.9999394460809808
bouncing_rings,AE,0,64,models/bouncing_rings/latent_tda_features/seed0_test_T50_B128_H64_W64_latent64_win15_bins16.pt,23,7.2049637160852485e-06,0.9999466510446969
bouncing_rings,AE,0,64,models/bouncing_rings/latent_tda_features/seed0_test_T50_B128_H64_W64_latent64_win15_bins16.pt,24,6.8406467931184025e-06,0.9999534916914901
bouncing_rings,AE,0,64,models/bouncing_rings/latent_tda_features/seed0_test_T50_B128_H64_W64_latent64_win15_bins16.pt,25,5.852597080601137e-06,0.9999593442885707
bouncing_rings,AE,0,64,models/bouncing_rings/latent_tda_features/seed0_test_T50_B128_H64_W64_latent64_win15_bins16.pt,26,5.4359275845510695e-06,0.9999647802161552
bouncing_rings,AE,0,64,models/bouncing_rings/latent_tda_features/seed0_test_T50_B128_H64_W64_latent64_win15_bins16.pt,27,4.690785913995653e-06,0.9999694710020692
bouncing_rings,AE,0,64,models/bouncing_rings/latent_tda_features/seed0_test_T50_B128_H64_W64_latent64_win15_bins16.pt,28,3.454329456632883e-06,0.9999729253315258
bouncing_rings,AE,0,64,models/bouncing_rings/latent_tda_features/seed0_test_T50_B128_H64_W64_latent64_win15_bins16.pt,29,2.844987646269404e-06,0.9999757703191721
bouncing_rings,AE,0,64,models/bouncing_rings/latent_tda_features/seed0_test_T50_B128_H64_W64_latent64_win15_bins16.pt,30,2.595301621516404e-06,0.9999783656207936
bouncing_rings,AE,0,64,models/bouncing_rings/latent_tda_features/seed0_test_T50_B128_H64_W64_latent64_win15_bins16.pt,31,2.2887509486830833e-06,0.9999806543717422
bouncing_rings,AE,0,64,models/bouncing_rings/latent_tda_features/seed0_test_T50_B128_H64_W64_latent64_win15_bins16.pt,32,1.8870911410857744e-06,0.9999825414628833
bouncing_rings,AE,0,64,models/bouncing_rings/latent_tda_features/seed0_test_T50_B128_H64_W64_latent64_win15_bins16.pt,33,1.7677341508586596e-06,0.9999843091970342
bouncing_rings,AE,0,64,models/bouncing_rings/latent_tda_features/seed0_test_T50_B128_H64_W64_latent64_win15_bins16.pt,34,1.3661564154464909e-06,0.9999856753534496
bouncing_rings,AE,0,64,models/bouncing_rings/latent_tda_features/seed0_test_T50_B128_H64_W64_latent64_win15_bins16.pt,35,1.2847041392255653e-06,0.9999869600575888
bouncing_rings,AE,0,64,models/bouncing_rings/latent_tda_features/seed0_test_T50_B128_H64_W64_latent64_win15_bins16.pt,36,1.247409406589905e-06,0.9999882074669953
bouncing_rings,AE,0,64,models/bouncing_rings/latent_tda_features/seed0_test_T50_B128_H64_W64_latent64_win15_bins16.pt,37,9.854064592373583e-07,0.9999891928734546
bouncing_rings,AE,0,64,models/bouncing_rings/latent_tda_features/seed0_test_T50_B128_H64_W64_latent64_win15_bins16.pt,38,9.385905664989826e-07,0.999990131464021
bouncing_rings,AE,0,64,models/bouncing_rings/latent_tda_features/seed0_test_T50_B128_H64_W64_latent64_win15_bins16.pt,39,8.904981532844088e-07,0.9999910219621744
bouncing_rings,AE,0,64,models/bouncing_rings/latent_tda_features/seed0_test_T50_B128_H64_W64_latent64_win15_bins16.pt,40,8.414481295004365e-07,0.9999918634103039
bouncing_rings,AE,0,64,models/bouncing_rings/latent_tda_features/seed0_test_T50_B128_H64_W64_latent64_win15_bins16.pt,41,8.117045776133991e-07,0.9999926751148815
bouncing_rings,AE,0,64,models/bouncing_rings/latent_tda_features/seed0_test_T50_B128_H64_W64_latent64_win15_bins16.pt,42,6.922444572126714e-07,0.9999933673593387
bouncing_rings,AE,0,64,models/bouncing_rings/latent_tda_features/seed0_test_T50_B128_H64_W64_latent64_win15_bins16.pt,43,6.076288620100615e-07,0.9999939749882008
bouncing_rings,AE,0,64,models/bouncing_rings/latent_tda_features/seed0_test_T50_B128_H64_W64_latent64_win15_bins16.pt,44,5.824420779116351e-07,0.9999945574302787
bouncing_rings,AE,0,64,models/bouncing_rings/latent_tda_features/seed0_test_T50_B128_H64_W64_latent64_win15_bins16.pt,45,5.21713134007245e-07,0.9999950791434127
bouncing_rings,AE,0,64,models/bouncing_rings/latent_tda_features/seed0_test_T50_B128_H64_W64_latent64_win15_bins16.pt,46,5.116478126158814e-07,0.9999955907912252
bouncing_rings,AE,0,64,models/bouncing_rings/latent_tda_features/seed0_test_T50_B128_H64_W64_latent64_win15_bins16.pt,47,4.7123775221579025e-07,0.9999960620289775
bouncing_rings,AE,0,64,models/bouncing_rings/latent_tda_features/seed0_test_T50_B128_H64_W64_latent64_win15_bins16.pt,48,4.304460026869957e-07,0.9999964924749802
bouncing_rings,AE,0,64,models/bouncing_rings/latent_tda_features/seed0_test_T50_B128_H64_W64_latent64_win15_bins16.pt,49,3.824363960577506e-07,0.9999968749113763
bouncing_rings,AE,0,64,models/bouncing_rings/latent_tda_features/seed0_test_T50_B128_H64_W64_latent64_win15_bins16.pt,50,3.2361602196210126e-07,0.9999971985273983
bouncing_rings,AE,0,64,models/bouncing_rings/latent_tda_features/seed0_test_T50_B128_H64_W64_latent64_win15_bins16.pt,51,3.2260769374446117e-07,0.9999975211350921
bouncing_rings,AE,0,64,models/bouncing_rings/latent_tda_features/seed0_test_T50_B128_H64_W64_latent64_win15_bins16.pt,52,3.154333146770638e-07,0.9999978365684068
bouncing_rings,AE,0,64,models/bouncing_rings/latent_tda_features/seed0_test_T50_B128_H64_W64_latent64_win15_bins16.pt,53,2.718542982590291e-07,0.9999981084227051
bouncing_rings,AE,0,64,models/bouncing_rings/latent_tda_features/seed0_test_T50_B128_H64_W64_latent64_win15_bins16.pt,54,2.564351770836705e-07,0.9999983648578822
bouncing_rings,AE,0,64,models/bouncing_rings/latent_tda_features/seed0_test_T50_B128_H64_W64_latent64_win15_bins16.pt,55,2.3903792120892314e-07,0.9999986038958034
bouncing_rings,AE,0,64,models/bouncing_rings/latent_tda_features/seed0_test_T50_B128_H64_W64_latent64_win15_bins16.pt,56,2.1099500946707596e-07,0.9999988148908129
bouncing_rings,AE,0,64,models/bouncing_rings/latent_tda_features/seed0_test_T50_B128_H64_W64_latent64_win15_bins16.pt,57,2.0541789003949994e-07,0.9999990203087029
bouncing_rings,AE,0,64,models/bouncing_rings/latent_tda_features/seed0_test_T50_B128_H64_W64_latent64_win15_bins16.pt,58,1.8702519372589e-07,0.9999992073338967
bouncing_rings,AE,0,64,models/bouncing_rings/latent_tda_features/seed0_test_T50_B128_H64_W64_latent64_win15_bins16.pt,59,1.692726181110347e-07,0.9999993766065148
bouncing_rings,AE,0,64,models/bouncing_rings/latent_tda_features/seed0_test_T50_B128_H64_W64_latent64_win15_bins16.pt,60,1.5709225964127544e-07,0.9999995336987745
bouncing_rings,AE,0,64,models/bouncing_rings/latent_tda_features/seed0_test_T50_B128_H64_W64_latent64_win15_bins16.pt,61,1.3936413220016728e-07,0.9999996730629067
bouncing_rings,AE,0,64,models/bouncing_rings/latent_tda_features/seed0_test_T50_B128_H64_W64_latent64_win15_bins16.pt,62,1.291354606009583e-07,0.9999998021983673
bouncing_rings,AE,0,64,models/bouncing_rings/latent_tda_features/seed0_test_T50_B128_H64_W64_latent64_win15_bins16.pt,63,1.1218323909789333e-07,0.9999999143816064
bouncing_rings,AE,0,64,models/bouncing_rings/latent_tda_features/seed0_test_T50_B128_H64_W64_latent64_win15_bins16.pt,64,8.561839408509102e-08,1.0000000000000004
bouncing_rings,GeoAE,0,64,models/bouncing_rings_geoae_lam0.1/latent_tda_features/seed0_test_T50_B128_H64_W64_latent64_win15_bins16.pt,1,0.10238102346169907,0.10238102346169907
bouncing_rings,GeoAE,0,64,models/bouncing_rings_geoae_lam0.1/latent_tda_features/seed0_test_T50_B128_H64_W64_latent64_win15_bins16.pt,2,0.06626621790553107,0.16864724136723014
bouncing_rings,GeoAE,0,64,models/bouncing_rings_geoae_lam0.1/latent_tda_features/seed0_test_T50_B128_H64_W64_latent64_win15_bins16.pt,3,0.046585557280185874,0.215232798647416
bouncing_rings,GeoAE,0,64,models/bouncing_rings_geoae_lam0.1/latent_tda_features/seed0_test_T50_B128_H64_W64_latent64_win15_bins16.pt,4,0.04465745523904547,0.2598902538864615
bouncing_rings,GeoAE,0,64,models/bouncing_rings_geoae_lam0.1/latent_tda_features/seed0_test_T50_B128_H64_W64_latent64_win15_bins16.pt,5,0.040560146349361524,0.300450400235823
bouncing_rings,GeoAE,0,64,models/bouncing_rings_geoae_lam0.1/latent_tda_features/seed0_test_T50_B128_H64_W64_latent64_win15_bins16.pt,6,0.03469489452895988,0.33514529476478283
bouncing_rings,GeoAE,0,64,models/bouncing_rings_geoae_lam0.1/latent_tda_features/seed0_test_T50_B128_H64_W64_latent64_win15_bins16.pt,7,0.03330950494917691,0.3684547997139597
bouncing_rings,GeoAE,0,64,models/bouncing_rings_geoae_lam0.1/latent_tda_features/seed0_test_T50_B128_H64_W64_latent64_win15_bins16.pt,8,0.030967871201489413,0.39942267091544914
bouncing_rings,GeoAE,0,64,models/bouncing_rings_geoae_lam0.1/latent_tda_features/seed0_test_T50_B128_H64_W64_latent64_win15_bins16.pt,9,0.028957801518864814,0.42838047243431393
bouncing_rings,GeoAE,0,64,models/bouncing_rings_geoae_lam0.1/latent_tda_features/seed0_test_T50_B128_H64_W64_latent64_win15_bins16.pt,10,0.02739939837133584,0.45577987080564974
bouncing_rings,GeoAE,0,64,models/bouncing_rings_geoae_lam0.1/latent_tda_features/seed0_test_T50_B128_H64_W64_latent64_win15_bins16.pt,11,0.02533314383845731,0.48111301464410705
bouncing_rings,GeoAE,0,64,models/bouncing_rings_geoae_lam0.1/latent_tda_features/seed0_test_T50_B128_H64_W64_latent64_win15_bins16.pt,12,0.02411175474608343,0.5052247693901905
bouncing_rings,GeoAE,0,64,models/bouncing_rings_geoae_lam0.1/latent_tda_features/seed0_test_T50_B128_H64_W64_latent64_win15_bins16.pt,13,0.023462553385672758,0.5286873227758632
bouncing_rings,GeoAE,0,64,models/bouncing_rings_geoae_lam0.1/latent_tda_features/seed0_test_T50_B128_H64_W64_latent64_win15_bins16.pt,14,0.022533872012207055,0.5512211947880702
bouncing_rings,GeoAE,0,64,models/bouncing_rings_geoae_lam0.1/latent_tda_features/seed0_test_T50_B128_H64_W64_latent64_win15_bins16.pt,15,0.021656001629113956,0.5728771964171842
bouncing_rings,GeoAE,0,64,models/bouncing_rings_geoae_lam0.1/latent_tda_features/seed0_test_T50_B128_H64_W64_latent64_win15_bins16.pt,16,0.020595436743435117,0.5934726331606193
bouncing_rings,GeoAE,0,64,models/bouncing_rings_geoae_lam0.1/latent_tda_features/seed0_test_T50_B128_H64_W64_latent64_win15_bins16.pt,17,0.020054942869915725,0.613527576030535
bouncing_rings,GeoAE,0,64,models/bouncing_rings_geoae_lam0.1/latent_tda_features/seed0_test_T50_B128_H64_W64_latent64_win15_bins16.pt,18,0.01890166367878252,0.6324292397093175
bouncing_rings,GeoAE,0,64,models/bouncing_rings_geoae_lam0.1/latent_tda_features/seed0_test_T50_B128_H64_W64_latent64_win15_bins16.pt,19,0.018473886183499707,0.6509031258928172
bouncing_rings,GeoAE,0,64,models/bouncing_rings_geoae_lam0.1/latent_tda_features/seed0_test_T50_B128_H64_W64_latent64_win15_bins16.pt,20,0.018027873334167797,0.668930999226985
bouncing_rings,GeoAE,0,64,models/bouncing_rings_geoae_lam0.1/latent_tda_features/seed0_test_T50_B128_H64_W64_latent64_win15_bins16.pt,21,0.017373647230924848,0.6863046464579098
bouncing_rings,GeoAE,0,64,models/bouncing_rings_geoae_lam0.1/latent_tda_features/seed0_test_T50_B128_H64_W64_latent64_win15_bins16.pt,22,0.016828341551743134,0.703132988009653
bouncing_rings,GeoAE,0,64,models/bouncing_rings_geoae_lam0.1/latent_tda_features/seed0_test_T50_B128_H64_W64_latent64_win15_bins16.pt,23,0.015929392172525758,0.7190623801821787
bouncing_rings,GeoAE,0,64,models/bouncing_rings_geoae_lam0.1/latent_tda_features/seed0_test_T50_B128_H64_W64_latent64_win15_bins16.pt,24,0.015209812623854955,0.7342721928060336
bouncing_rings,GeoAE,0,64,models/bouncing_rings_geoae_lam0.1/latent_tda_features/seed0_test_T50_B128_H64_W64_latent64_win15_bins16.pt,25,0.014101489582498959,0.7483736823885325
bouncing_rings,GeoAE,0,64,models/bouncing_rings_geoae_lam0.1/latent_tda_features/seed0_test_T50_B128_H64_W64_latent64_win15_bins16.pt,26,0.01396354450503913,0.7623372268935716
bouncing_rings,GeoAE,0,64,models/bouncing_rings_geoae_lam0.1/latent_tda_features/seed0_test_T50_B128_H64_W64_latent64_win15_bins16.pt,27,0.013431547610843496,0.7757687745044152
bouncing_rings,GeoAE,0,64,models/bouncing_rings_geoae_lam0.1/latent_tda_features/seed0_test_T50_B128_H64_W64_latent64_win15_bins16.pt,28,0.012406711662151362,0.7881754861665665
bouncing_rings,GeoAE,0,64,models/bouncing_rings_geoae_lam0.1/latent_tda_features/seed0_test_T50_B128_H64_W64_latent64_win15_bins16.pt,29,0.012087239254121918,0.8002627254206884
bouncing_rings,GeoAE,0,64,models/bouncing_rings_geoae_lam0.1/latent_tda_features/seed0_test_T50_B128_H64_W64_latent64_win15_bins16.pt,30,0.011673364808843031,0.8119360902295315
bouncing_rings,GeoAE,0,64,models/bouncing_rings_geoae_lam0.1/latent_tda_features/seed0_test_T50_B128_H64_W64_latent64_win15_bins16.pt,31,0.011125016762004829,0.8230611069915363
bouncing_rings,GeoAE,0,64,models/bouncing_rings_geoae_lam0.1/latent_tda_features/seed0_test_T50_B128_H64_W64_latent64_win15_bins16.pt,32,0.010283635879377175,0.8333447428709135
bouncing_rings,GeoAE,0,64,models/bouncing_rings_geoae_lam0.1/latent_tda_features/seed0_test_T50_B128_H64_W64_latent64_win15_bins16.pt,33,0.01021409392173932,0.8435588367926529
bouncing_rings,GeoAE,0,64,models/bouncing_rings_geoae_lam0.1/latent_tda_features/seed0_test_T50_B128_H64_W64_latent64_win15_bins16.pt,34,0.009810595138621394,0.8533694319312742
bouncing_rings,GeoAE,0,64,models/bouncing_rings_geoae_lam0.1/latent_tda_features/seed0_test_T50_B128_H64_W64_latent64_win15_bins16.pt,35,0.009350236652241604,0.8627196685835158
bouncing_rings,GeoAE,0,64,models/bouncing_rings_geoae_lam0.1/latent_tda_features/seed0_test_T50_B128_H64_W64_latent64_win15_bins16.pt,36,0.009100270741611951,0.8718199393251277
bouncing_rings,GeoAE,0,64,models/bouncing_rings_geoae_lam0.1/latent_tda_features/seed0_test_T50_B128_H64_W64_latent64_win15_bins16.pt,37,0.008769547104046245,0.8805894864291739
bouncing_rings,GeoAE,0,64,models/bouncing_rings_geoae_lam0.1/latent_tda_features/seed0_test_T50_B128_H64_W64_latent64_win15_bins16.pt,38,0.008257922370789518,0.8888474087999634
bouncing_rings,GeoAE,0,64,models/bouncing_rings_geoae_lam0.1/latent_tda_features/seed0_test_T50_B128_H64_W64_latent64_win15_bins16.pt,39,0.007975809787188542,0.896823218587152
bouncing_rings,GeoAE,0,64,models/bouncing_rings_geoae_lam0.1/latent_tda_features/seed0_test_T50_B128_H64_W64_latent64_win15_bins16.pt,40,0.007261090022820582,0.9040843086099726
bouncing_rings,GeoAE,0,64,models/bouncing_rings_geoae_lam0.1/latent_tda_features/seed0_test_T50_B128_H64_W64_latent64_win15_bins16.pt,41,0.0071214911403924734,0.9112057997503651
bouncing_rings,GeoAE,0,64,models/bouncing_rings_geoae_lam0.1/latent_tda_features/seed0_test_T50_B128_H64_W64_latent64_win15_bins16.pt,42,0.006931852658899852,0.9181376524092649
bouncing_rings,GeoAE,0,64,models/bouncing_rings_geoae_lam0.1/latent_tda_features/seed0_test_T50_B128_H64_W64_latent64_win15_bins16.pt,43,0.00678239756391875,0.9249200499731837
bouncing_rings,GeoAE,0,64,models/bouncing_rings_geoae_lam0.1/latent_tda_features/seed0_test_T50_B128_H64_W64_latent64_win15_bins16.pt,44,0.0058982374081288464,0.9308182873813126
bouncing_rings,GeoAE,0,64,models/bouncing_rings_geoae_lam0.1/latent_tda_features/seed0_test_T50_B128_H64_W64_latent64_win15_bins16.pt,45,0.005522564151305627,0.9363408515326181
bouncing_rings,GeoAE,0,64,models/bouncing_rings_geoae_lam0.1/latent_tda_features/seed0_test_T50_B128_H64_W64_latent64_win15_bins16.pt,46,0.005390533959982131,0.9417313854926003
bouncing_rings,GeoAE,0,64,models/bouncing_rings_geoae_lam0.1/latent_tda_features/seed0_test_T50_B128_H64_W64_latent64_win15_bins16.pt,47,0.005174161762657973,0.9469055472552582
bouncing_rings,GeoAE,0,64,models/bouncing_rings_geoae_lam0.1/latent_tda_features/seed0_test_T50_B128_H64_W64_latent64_win15_bins16.pt,48,0.004757820331559148,0.9516633675868174
bouncing_rings,GeoAE,0,64,models/bouncing_rings_geoae_lam0.1/latent_tda_features/seed0_test_T50_B128_H64_W64_latent64_win15_bins16.pt,49,0.004715188082676011,0.9563785556694934
bouncing_rings,GeoAE,0,64,models/bouncing_rings_geoae_lam0.1/latent_tda_features/seed0_test_T50_B128_H64_W64_latent64_win15_bins16.pt,50,0.004434931420557909,0.9608134870900513
bouncing_rings,GeoAE,0,64,models/bouncing_rings_geoae_lam0.1/latent_tda_features/seed0_test_T50_B128_H64_W64_latent64_win15_bins16.pt,51,0.004237661800136571,0.9650511488901878
bouncing_rings,GeoAE,0,64,models/bouncing_rings_geoae_lam0.1/latent_tda_features/seed0_test_T50_B128_H64_W64_latent64_win15_bins16.pt,52,0.0039486449282047816,0.9689997938183926
bouncing_rings,GeoAE,0,64,models/bouncing_rings_geoae_lam0.1/latent_tda_features/seed0_test_T50_B128_H64_W64_latent64_win15_bins16.pt,53,0.003746149981319091,0.9727459437997117
bouncing_rings,GeoAE,0,64,models/bouncing_rings_geoae_lam0.1/latent_tda_features/seed0_test_T50_B128_H64_W64_latent64_win15_bins16.pt,54,0.0035612421398318016,0.9763071859395435
bouncing_rings,GeoAE,0,64,models/bouncing_rings_geoae_lam0.1/latent_tda_features/seed0_test_T50_B128_H64_W64_latent64_win15_bins16.pt,55,0.0032931837777609983,0.9796003697173045
bouncing_rings,GeoAE,0,64,models/bouncing_rings_geoae_lam0.1/latent_tda_features/seed0_test_T50_B128_H64_W64_latent64_win15_bins16.pt,56,0.0030503179677599575,0.9826506876850645
bouncing_rings,GeoAE,0,64,models/bouncing_rings_geoae_lam0.1/latent_tda_features/seed0_test_T50_B128_H64_W64_latent64_win15_bins16.pt,57,0.002713412232781662,0.9853640999178461
bouncing_rings,GeoAE,0,64,models/bouncing_rings_geoae_lam0.1/latent_tda_features/seed0_test_T50_B128_H64_W64_latent64_win15_bins16.pt,58,0.0026275731710959684,0.9879916730889421
bouncing_rings,GeoAE,0,64,models/bouncing_rings_geoae_lam0.1/latent_tda_features/seed0_test_T50_B128_H64_W64_latent64_win15_bins16.pt,59,0.002582785559945113,0.9905744586488872
bouncing_rings,GeoAE,0,64,models/bouncing_rings_geoae_lam0.1/latent_tda_features/seed0_test_T50_B128_H64_W64_latent64_win15_bins16.pt,60,0.002293656364092526,0.9928681150129797
bouncing_rings,GeoAE,0,64,models/bouncing_rings_geoae_lam0.1/latent_tda_features/seed0_test_T50_B128_H64_W64_latent64_win15_bins16.pt,61,0.001991430002699378,0.9948595450156791
bouncing_rings,GeoAE,0,64,models/bouncing_rings_geoae_lam0.1/latent_tda_features/seed0_test_T50_B128_H64_W64_latent64_win15_bins16.pt,62,0.0019201296103310784,0.9967796746260101
bouncing_rings,GeoAE,0,64,models/bouncing_rings_geoae_lam0.1/latent_tda_features/seed0_test_T50_B128_H64_W64_latent64_win15_bins16.pt,63,0.00165454913732181,0.9984342237633319
bouncing_rings,GeoAE,0,64,models/bouncing_rings_geoae_lam0.1/latent_tda_features/seed0_test_T50_B128_H64_W64_latent64_win15_bins16.pt,64,0.0015657762366675986,0.9999999999999996
bouncing_rings,TopoAE,0,64,models/bouncing_rings_topoae_lam0.1_signature/latent_tda_features/seed0_test_T50_B128_H64_W64_latent64_win15_bins16.pt,1,0.26118680298637487,0.26118680298637487
bouncing_rings,TopoAE,0,64,models/bouncing_rings_topoae_lam0.1_signature/latent_tda_features/seed0_test_T50_B128_H64_W64_latent64_win15_bins16.pt,2,0.23759300442107964,0.49877980740745453
bouncing_rings,TopoAE,0,64,models/bouncing_rings_topoae_lam0.1_signature/latent_tda_features/seed0_test_T50_B128_H64_W64_latent64_win15_bins16.pt,3,0.20832519362727203,0.7071050010347266
bouncing_rings,TopoAE,0,64,models/bouncing_rings_topoae_lam0.1_signature/latent_tda_features/seed0_test_T50_B128_H64_W64_latent64_win15_bins16.pt,4,0.10435388723292802,0.8114588882676547
bouncing_rings,TopoAE,0,64,models/bouncing_rings_topoae_lam0.1_signature/latent_tda_features/seed0_test_T50_B128_H64_W64_latent64_win15_bins16.pt,5,0.09762004062409996,0.9090789288917547
bouncing_rings,TopoAE,0,64,models/bouncing_rings_topoae_lam0.1_signature/latent_tda_features/seed0_test_T50_B128_H64_W64_latent64_win15_bins16.pt,6,0.03636214111574942,0.9454410700075041
bouncing_rings,TopoAE,0,64,models/bouncing_rings_topoae_lam0.1_signature/latent_tda_features/seed0_test_T50_B128_H64_W64_latent64_win15_bins16.pt,7,0.03355088371551537,0.9789919537230195
bouncing_rings,TopoAE,0,64,models/bouncing_rings_topoae_lam0.1_signature/latent_tda_features/seed0_test_T50_B128_H64_W64_latent64_win15_bins16.pt,8,0.01766845584410209,0.9966604095671215
bouncing_rings,TopoAE,0,64,models/bouncing_rings_topoae_lam0.1_signature/latent_tda_features/seed0_test_T50_B128_H64_W64_latent64_win15_bins16.pt,9,0.002097714028676208,0.9987581235957977
bouncing_rings,TopoAE,0,64,models/bouncing_rings_topoae_lam0.1_signature/latent_tda_features/seed0_test_T50_B128_H64_W64_latent64_win15_bins16.pt,10,0.00047037915118509953,0.9992285027469828
bouncing_rings,TopoAE,0,64,models/bouncing_rings_topoae_lam0.1_signature/latent_tda_features/seed0_test_T50_B128_H64_W64_latent64_win15_bins16.pt,11,0.00033084486748079364,0.9995593476144636
bouncing_rings,TopoAE,0,64,models/bouncing_rings_topoae_lam0.1_signature/latent_tda_features/seed0_test_T50_B128_H64_W64_latent64_win15_bins16.pt,12,0.00021734770386787434,0.9997766953183315
bouncing_rings,TopoAE,0,64,models/bouncing_rings_topoae_lam0.1_signature/latent_tda_features/seed0_test_T50_B128_H64_W64_latent64_win15_bins16.pt,13,0.000111176534262472,0.999887871852594
bouncing_rings,TopoAE,0,64,models/bouncing_rings_topoae_lam0.1_signature/latent_tda_features/seed0_test_T50_B128_H64_W64_latent64_win15_bins16.pt,14,9.466027989485942e-05,0.9999825321324889
bouncing_rings,TopoAE,0,64,models/bouncing_rings_topoae_lam0.1_signature/latent_tda_features/seed0_test_T50_B128_H64_W64_latent64_win15_bins16.pt,15,9.323331707693963e-06,0.9999918554641966
bouncing_rings,TopoAE,0,64,models/bouncing_rings_topoae_lam0.1_signature/latent_tda_features/seed0_test_T50_B128_H64_W64_latent64_win15_bins16.pt,16,2.653800079358976e-06,0.9999945092642759
bouncing_rings,TopoAE,0,64,models/bouncing_rings_topoae_lam0.1_signature/latent_tda_features/seed0_test_T50_B128_H64_W64_latent64_win15_bins16.pt,17,1.170948814770591e-06,0.9999956802130907
bouncing_rings,TopoAE,0,64,models/bouncing_rings_topoae_lam0.1_signature/latent_tda_features/seed0_test_T50_B128_H64_W64_latent64_win15_bins16.pt,18,7.468856127758275e-07,0.9999964270987035
bouncing_rings,TopoAE,0,64,models/bouncing_rings_topoae_lam0.1_signature/latent_tda_features/seed0_test_T50_B128_H64_W64_latent64_win15_bins16.pt,19,5.750339160894211e-07,0.9999970021326196
bouncing_rings,TopoAE,0,64,models/bouncing_rings_topoae_lam0.1_signature/latent_tda_features/seed0_test_T50_B128_H64_W64_latent64_win15_bins16.pt,20,4.963469242155759e-07,0.9999974984795438
bouncing_rings,TopoAE,0,64,models/bouncing_rings_topoae_lam0.1_signature/latent_tda_features/seed0_test_T50_B128_H64_W64_latent64_win15_bins16.pt,21,3.729269051633491e-07,0.9999978714064489
bouncing_rings,TopoAE,0,64,models/bouncing_rings_topoae_lam0.1_signature/latent_tda_features/seed0_test_T50_B128_H64_W64_latent64_win15_bins16.pt,22,3.494214124161455e-07,0.9999982208278614
bouncing_rings,TopoAE,0,64,models/bouncing_rings_topoae_lam0.1_signature/latent_tda_features/seed0_test_T50_B128_H64_W64_latent64_win15_bins16.pt,23,2.6326969511220143e-07,0.9999984840975565
bouncing_rings,TopoAE,0,64,models/bouncing_rings_topoae_lam0.1_signature/latent_tda_features/seed0_test_T50_B128_H64_W64_latent64_win15_bins16.pt,24,1.918239992300509e-07,0.9999986759215558
bouncing_rings,TopoAE,0,64,models/bouncing_rings_topoae_lam0.1_signature/latent_tda_features/seed0_test_T50_B128_H64_W64_latent64_win15_bins16.pt,25,1.7728089489746936e-07,0.9999988532024506
bouncing_rings,TopoAE,0,64,models/bouncing_rings_topoae_lam0.1_signature/latent_tda_features/seed0_test_T50_B128_H64_W64_latent64_win15_bins16.pt,26,1.5002725871652066e-07,0.9999990032297094
bouncing_rings,TopoAE,0,64,models/bouncing_rings_topoae_lam0.1_signature/latent_tda_features/seed0_test_T50_B128_H64_W64_latent64_win15_bins16.pt,27,1.0067153081948474e-07,0.9999991039012401
bouncing_rings,TopoAE,0,64,models/bouncing_rings_topoae_lam0.1_signature/latent_tda_features/seed0_test_T50_B128_H64_W64_latent64_win15_bins16.pt,28,8.575858011604748e-08,0.9999991896598203
bouncing_rings,TopoAE,0,64,models/bouncing_rings_topoae_lam0.1_signature/latent_tda_features/seed0_test_T50_B128_H64_W64_latent64_win15_bins16.pt,29,8.09716035418413e-08,0.9999992706314238
bouncing_rings,TopoAE,0,64,models/bouncing_rings_topoae_lam0.1_signature/latent_tda_features/seed0_test_T50_B128_H64_W64_latent64_win15_bins16.pt,30,7.536469137721993e-08,0.9999993459961152
bouncing_rings,TopoAE,0,64,models/bouncing_rings_topoae_lam0.1_signature/latent_tda_features/seed0_test_T50_B128_H64_W64_latent64_win15_bins16.pt,31,6.031701165562331e-08,0.9999994063131268
bouncing_rings,TopoAE,0,64,models/bouncing_rings_topoae_lam0.1_signature/latent_tda_features/seed0_test_T50_B128_H64_W64_latent64_win15_bins16.pt,32,5.28269542073848e-08,0.999999459140081
bouncing_rings,TopoAE,0,64,models/bouncing_rings_topoae_lam0.1_signature/latent_tda_features/seed0_test_T50_B128_H64_W64_latent64_win15_bins16.pt,33,5.1325727172983565e-08,0.9999995104658083
bouncing_rings,TopoAE,0,64,models/bouncing_rings_topoae_lam0.1_signature/latent_tda_features/seed0_test_T50_B128_H64_W64_latent64_win15_bins16.pt,34,4.485218736475058e-08,0.9999995553179957
bouncing_rings,TopoAE,0,64,models/bouncing_rings_topoae_lam0.1_signature/latent_tda_features/seed0_test_T50_B128_H64_W64_latent64_win15_bins16.pt,35,3.948193321655072e-08,0.9999995947999288
bouncing_rings,TopoAE,0,64,models/bouncing_rings_topoae_lam0.1_signature/latent_tda_features/seed0_test_T50_B128_H64_W64_latent64_win15_bins16.pt,36,3.550828779185756e-08,0.9999996303082166
bouncing_rings,TopoAE,0,64,models/bouncing_rings_topoae_lam0.1_signature/latent_tda_features/seed0_test_T50_B128_H64_W64_latent64_win15_bins16.pt,37,3.331386666148184e-08,0.9999996636220833
bouncing_rings,TopoAE,0,64,models/bouncing_rings_topoae_lam0.1_signature/latent_tda_features/seed0_test_T50_B128_H64_W64_latent64_win15_bins16.pt,38,2.9583400691950647e-08,0.999999693205484
bouncing_rings,TopoAE,0,64,models/bouncing_rings_topoae_lam0.1_signature/latent_tda_features/seed0_test_T50_B128_H64_W64_latent64_win15_bins16.pt,39,2.675459515449949e-08,0.9999997199600792
bouncing_rings,TopoAE,0,64,models/bouncing_rings_topoae_lam0.1_signature/latent_tda_features/seed0_test_T50_B128_H64_W64_latent64_win15_bins16.pt,40,2.5019414377781628e-08,0.9999997449794936
bouncing_rings,TopoAE,0,64,models/bouncing_rings_topoae_lam0.1_signature/latent_tda_features/seed0_test_T50_B128_H64_W64_latent64_win15_bins16.pt,41,2.3568568523886634e-08,0.9999997685480622
bouncing_rings,TopoAE,0,64,models/bouncing_rings_topoae_lam0.1_signature/latent_tda_features/seed0_test_T50_B128_H64_W64_latent64_win15_bins16.pt,42,2.1197050203585064e-08,0.9999997897451124
bouncing_rings,TopoAE,0,64,models/bouncing_rings_topoae_lam0.1_signature/latent_tda_features/seed0_test_T50_B128_H64_W64_latent64_win15_bins16.pt,43,1.968709400559034e-08,0.9999998094322063
bouncing_rings,TopoAE,0,64,models/bouncing_rings_topoae_lam0.1_signature/latent_tda_features/seed0_test_T50_B128_H64_W64_latent64_win15_bins16.pt,44,1.7993992655321925e-08,0.999999827426199
bouncing_rings,TopoAE,0,64,models/bouncing_rings_topoae_lam0.1_signature/latent_tda_features/seed0_test_T50_B128_H64_W64_latent64_win15_bins16.pt,45,1.7009516049707814e-08,0.999999844435715
bouncing_rings,TopoAE,0,64,models/bouncing_rings_topoae_lam0.1_signature/latent_tda_features/seed0_test_T50_B128_H64_W64_latent64_win15_bins16.pt,46,1.498491441128112e-08,0.9999998594206294
bouncing_rings,TopoAE,0,64,models/bouncing_rings_topoae_lam0.1_signature/latent_tda_features/seed0_test_T50_B128_H64_W64_latent64_win15_bins16.pt,47,1.4243587733196584e-08,0.9999998736642172
bouncing_rings,TopoAE,0,64,models/bouncing_rings_topoae_lam0.1_signature/latent_tda_features/seed0_test_T50_B128_H64_W64_latent64_win15_bins16.pt,48,1.3178769371007241e-08,0.9999998868429866
bouncing_rings,TopoAE,0,64,models/bouncing_rings_topoae_lam0.1_signature/latent_tda_features/seed0_test_T50_B128_H64_W64_latent64_win15_bins16.pt,49,1.2678320383609825e-08,0.999999899521307
bouncing_rings,TopoAE,0,64,models/bouncing_rings_topoae_lam0.1_signature/latent_tda_features/seed0_test_T50_B128_H64_W64_latent64_win15_bins16.pt,50,1.1829688444778086e-08,0.9999999113509954
bouncing_rings,TopoAE,0,64,models/bouncing_rings_topoae_lam0.1_signature/latent_tda_features/seed0_test_T50_B128_H64_W64_latent64_win15_bins16.pt,51,1.0574078393639834e-08,0.9999999219250738
bouncing_rings,TopoAE,0,64,models/bouncing_rings_topoae_lam0.1_signature/latent_tda_features/seed0_test_T50_B128_H64_W64_latent64_win15_bins16.pt,52,9.851556386498487e-09,0.9999999317766302
bouncing_rings,TopoAE,0,64,models/bouncing_rings_topoae_lam0.1_signature/latent_tda_features/seed0_test_T50_B128_H64_W64_latent64_win15_bins16.pt,53,9.4262726777381e-09,0.9999999412029028
bouncing_rings,TopoAE,0,64,models/bouncing_rings_topoae_lam0.1_signature/latent_tda_features/seed0_test_T50_B128_H64_W64_latent64_win15_bins16.pt,54,8.37326816469686e-09,0.999999949576171
bouncing_rings,TopoAE,0,64,models/bouncing_rings_topoae_lam0.1_signature/latent_tda_features/seed0_test_T50_B128_H64_W64_latent64_win15_bins16.pt,55,7.826488642757807e-09,0.9999999574026597
bouncing_rings,TopoAE,0,64,models/bouncing_rings_topoae_lam0.1_signature/latent_tda_features/seed0_test_T50_B128_H64_W64_latent64_win15_bins16.pt,56,6.841384215445989e-09,0.9999999642440439
bouncing_rings,TopoAE,0,64,models/bouncing_rings_topoae_lam0.1_signature/latent_tda_features/seed0_test_T50_B128_H64_W64_latent64_win15_bins16.pt,57,6.418637658904204e-09,0.9999999706626815
bouncing_rings,TopoAE,0,64,models/bouncing_rings_topoae_lam0.1_signature/latent_tda_features/seed0_test_T50_B128_H64_W64_latent64_win15_bins16.pt,58,6.035483033342678e-09,0.9999999766981645
bouncing_rings,TopoAE,0,64,models/bouncing_rings_topoae_lam0.1_signature/latent_tda_features/seed0_test_T50_B128_H64_W64_latent64_win15_bins16.pt,59,5.5812549783320864e-09,0.9999999822794196
bouncing_rings,TopoAE,0,64,models/bouncing_rings_topoae_lam0.1_signature/latent_tda_features/seed0_test_T50_B128_H64_W64_latent64_win15_bins16.pt,60,4.714026465083606e-09,0.999999986993446
bouncing_rings,TopoAE,0,64,models/bouncing_rings_topoae_lam0.1_signature/latent_tda_features/seed0_test_T50_B128_H64_W64_latent64_win15_bins16.pt,61,4.10508933531154e-09,0.9999999910985354
bouncing_rings,TopoAE,0,64,models/bouncing_rings_topoae_lam0.1_signature/latent_tda_features/seed0_test_T50_B128_H64_W64_latent64_win15_bins16.pt,62,3.379664462251913e-09,0.9999999944781999
bouncing_rings,TopoAE,0,64,models/bouncing_rings_topoae_lam0.1_signature/latent_tda_features/seed0_test_T50_B128_H64_W64_latent64_win15_bins16.pt,63,2.8386823920850387e-09,0.9999999973168823
bouncing_rings,TopoAE,0,64,models/bouncing_rings_topoae_lam0.1_signature/latent_tda_features/seed0_test_T50_B128_H64_W64_latent64_win15_bins16.pt,64,2.6831182451359422e-09,1.0000000000000004
orbiting_disks,AE,0,64,models/orbiting_disks/latent_tda_features/seed0_test_T50_B128_H64_W64_latent64_win15_bins16.pt,1,0.8983880164073059,0.8983880164073059
orbiting_disks,AE,0,64,models/orbiting_disks/latent_tda_features/seed0_test_T50_B128_H64_W64_latent64_win15_bins16.pt,2,0.03521803374666923,0.9336060501539751
orbiting_disks,AE,0,64,models/orbiting_disks/latent_tda_features/seed0_test_T50_B128_H64_W64_latent64_win15_bins16.pt,3,0.02591325275616975,0.9595193029101449
orbiting_disks,AE,0,64,models/orbiting_disks/latent_tda_features/seed0_test_T50_B128_H64_W64_latent64_win15_bins16.pt,4,0.01390713377119238,0.9734264366813372
orbiting_disks,AE,0,64,models/orbiting_disks/latent_tda_features/seed0_test_T50_B128_H64_W64_latent64_win15_bins16.pt,5,0.007386755824625198,0.9808131925059624
orbiting_disks,AE,0,64,models/orbiting_disks/latent_tda_features/seed0_test_T50_B128_H64_W64_latent64_win15_bins16.pt,6,0.006245102767016857,0.9870582952729793
orbiting_disks,AE,0,64,models/orbiting_disks/latent_tda_features/seed0_test_T50_B128_H64_W64_latent64_win15_bins16.pt,7,0.0044866272962489325,0.9915449225692282
orbiting_disks,AE,0,64,models/orbiting_disks/latent_tda_features/seed0_test_T50_B128_H64_W64_latent64_win15_bins16.pt,8,0.002637088694595645,0.9941820112638239
orbiting_disks,AE,0,64,models/orbiting_disks/latent_tda_features/seed0_test_T50_B128_H64_W64_latent64_win15_bins16.pt,9,0.0022725782319337117,0.9964545894957576
orbiting_disks,AE,0,64,models/orbiting_disks/latent_tda_features/seed0_test_T50_B128_H64_W64_latent64_win15_bins16.pt,10,0.0013576887406290862,0.9978122782363867
orbiting_disks,AE,0,64,models/orbiting_disks/latent_tda_features/seed0_test_T50_B128_H64_W64_latent64_win15_bins16.pt,11,0.0010399942624774014,0.9988522724988641
orbiting_disks,AE,0,64,models/orbiting_disks/latent_tda_features/seed0_test_T50_B128_H64_W64_latent64_win15_bins16.pt,12,0.0005646260718789311,0.999416898570743
orbiting_disks,AE,0,64,models/orbiting_disks/latent_tda_features/seed0_test_T50_B128_H64_W64_latent64_win15_bins16.pt,13,0.0001555324016668485,0.9995724309724099
orbiting_disks,AE,0,64,models/orbiting_disks/latent_tda_features/seed0_test_T50_B128_H64_W64_latent64_win15_bins16.pt,14,7.22356644284311e-05,0.9996446666368383
orbiting_disks,AE,0,64,models/orbiting_disks/latent_tda_features/seed0_test_T50_B128_H64_W64_latent64_win15_bins16.pt,15,5.1341439666722675e-05,0.9996960080765049
orbiting_disks,AE,0,64,models/orbiting_disks/latent_tda_features/seed0_test_T50_B128_H64_W64_latent64_win15_bins16.pt,16,4.3168759174862675e-05,0.9997391768356798
orbiting_disks,AE,0,64,models/orbiting_disks/latent_tda_features/seed0_test_T50_B128_H64_W64_latent64_win15_bins16.pt,17,3.6070955021626036e-05,0.9997752477907015
orbiting_disks,AE,0,64,models/orbiting_disks/latent_tda_features/seed0_test_T50_B128_H64_W64_latent64_win15_bins16.pt,18,2.9773010572330105e-05,0.9998050208012738
orbiting_disks,AE,0,64,models/orbiting_disks/latent_tda_features/seed0_test_T50_B128_H64_W64_latent64_win15_bins16.pt,19,2.7933525118533216e-05,0.9998329543263923
orbiting_disks,AE,0,64,models/orbiting_disks/latent_tda_features/seed0_test_T50_B128_H64_W64_latent64_win15_bins16.pt,20,1.5917897008508074e-05,0.9998488722234008
orbiting_disks,AE,0,64,models/orbiting_disks/latent_tda_features/seed0_test_T50_B128_H64_W64_latent64_win15_bins16.pt,21,1.4998086572230575e-05,0.999863870309973
orbiting_disks,AE,0,64,models/orbiting_disks/latent_tda_features/seed0_test_T50_B128_H64_W64_latent64_win15_bins16.pt,22,1.2310529974063716e-05,0.9998761808399471
orbiting_disks,AE,0,64,models/orbiting_disks/latent_tda_features/seed0_test_T50_B128_H64_W64_latent64_win15_bins16.pt,23,9.69384081122093e-06,0.9998858746807583
orbiting_disks,AE,0,64,models/orbiting_disks/latent_tda_features/seed0_test_T50_B128_H64_W64_latent64_win15_bins16.pt,24,9.146291725658579e-06,0.999895020972484
orbiting_disks,AE,0,64,models/orbiting_disks/latent_tda_features/seed0_test_T50_B128_H64_W64_latent64_win15_bins16.pt,25,7.49824940074261e-06,0.9999025192218847
orbiting_disks,AE,0,64,models/orbiting_disks/latent_tda_features/seed0_test_T50_B128_H64_W64_latent64_win15_bins16.pt,26,6.988589471937394e-06,0.9999095078113566
orbiting_disks,AE,0,64,models/orbiting_disks/latent_tda_features/seed0_test_T50_B128_H64_W64_latent64_win15_bins16.pt,27,6.220083277402939e-06,0.999915727894634
orbiting_disks,AE,0,64,models/orbiting_disks/latent_tda_features/seed0_test_T50_B128_H64_W64_latent64_win15_bins16.pt,28,5.759268708882313e-06,0.9999214871633428
orbiting_disks,AE,0,64,models/orbiting_disks/latent_tda_features/seed0_test_T50_B128_H64_W64_latent64_win15_bins16.pt,29,5.329225561155621e-06,0.999926816388904
orbiting_disks,AE,0,64,models/orbiting_disks/latent_tda_features/seed0_test_T50_B128_H64_W64_latent64_win15_bins16.pt,30,5.039249605682274e-06,0.9999318556385097
orbiting_disks,AE,0,64,models/orbiting_disks/latent_tda_features/seed0_test_T50_B128_H64_W64_latent64_win15_bins16.pt,31,4.4697087590894415e-06,0.9999363253472688
orbiting_disks,AE,0,64,models/orbiting_disks/latent_tda_features/seed0_test_T50_B128_H64_W64_latent64_win15_bins16.pt,32,4.09079902266938e-06,0.9999404161462915
orbiting_disks,AE,0,64,models/orbiting_disks/latent_tda_features/seed0_test_T50_B128_H64_W64_latent64_win15_bins16.pt,33,3.6458369950887114e-06,0.9999440619832866
orbiting_disks,AE,0,64,models/orbiting_disks/latent_tda_features/seed0_test_T50_B128_H64_W64_latent64_win15_bins16.pt,34,3.5657551982668583e-06,0.9999476277384848
orbiting_disks,AE,0,64,models/orbiting_disks/latent_tda_features/seed0_test_T50_B128_H64_W64_latent64_win15_bins16.pt,35,3.4589284642821864e-06,0.9999510866669491
orbiting_disks,AE,0,64,models/orbiting_disks/latent_tda_features/seed0_test_T50_B128_H64_W64_latent64_win15_bins16.pt,36,3.3764394713246365e-06,0.9999544631064204
orbiting_disks,AE,0,64,models/orbiting_disks/latent_tda_features/seed0_test_T50_B128_H64_W64_latent64_win15_bins16.pt,37,2.954168999427448e-06,0.9999574172754199
orbiting_disks,AE,0,64,models/orbiting_disks/latent_tda_features/seed0_test_T50_B128_H64_W64_latent64_win15_bins16.pt,38,2.9004573093158447e-06,0.9999603177327292
orbiting_disks,AE,0,64,models/orbiting_disks/latent_tda_features/seed0_test_T50_B128_H64_W64_latent64_win15_bins16.pt,39,2.7896295244912574e-06,0.9999631073622537
orbiting_disks,AE,0,64,models/orbiting_disks/latent_tda_features/seed0_test_T50_B128_H64_W64_latent64_win15_bins16.pt,40,2.724868274811233e-06,0.9999658322305285
orbiting_disks,AE,0,64,models/orbiting_disks/latent_tda_features/seed0_test_T50_B128_H64_W64_latent64_win15_bins16.pt,41,2.603398883447059e-06,0.999968435629412
orbiting_disks,AE,0,64,models/orbiting_disks/latent_tda_features/seed0_test_T50_B128_H64_W64_latent64_win15_bins16.pt,42,2.3795253005164103e-06,0.9999708151547124
orbiting_disks,AE,0,64,models/orbiting_disks/latent_tda_features/seed0_test_T50_B128_H64_W64_latent64_win15_bins16.pt,43,2.2897116012675416e-06,0.9999731048663137
orbiting_disks,AE,0,64,models/orbiting_disks/latent_tda_features/seed0_test_T50_B128_H64_W64_latent64_win15_bins16.pt,44,2.1178834264447676e-06,0.9999752227497402
orbiting_disks,AE,0,64,models/orbiting_disks/latent_tda_features/seed0_test_T50_B128_H64_W64_latent64_win15_bins16.pt,45,2.045290731224189e-06,0.9999772680404714
orbiting_disks,AE,0,64,models/orbiting_disks/latent_tda_features/seed0_test_T50_B128_H64_W64_latent64_win15_bins16.pt,46,1.9512129329025597e-06,0.9999792192534043
orbiting_disks,AE,0,64,models/orbiting_disks/latent_tda_features/seed0_test_T50_B128_H64_W64_latent64_win15_bins16.pt,47,1.8081023790499457e-06,0.9999810273557833
orbiting_disks,AE,0,64,models/orbiting_disks/latent_tda_features/seed0_test_T50_B128_H64_W64_latent64_win15_bins16.pt,48,1.7319195375556527e-06,0.9999827592753209
orbiting_disks,AE,0,64,models/orbiting_disks/latent_tda_features/seed0_test_T50_B128_H64_W64_latent64_win15_bins16.pt,49,1.6264070400319496e-06,0.9999843856823609
orbiting_disks,AE,0,64,models/orbiting_disks/latent_tda_features/seed0_test_T50_B128_H64_W64_latent64_win15_bins16.pt,50,1.4852942903802683e-06,0.9999858709766513
orbiting_disks,AE,0,64,models/orbiting_disks/latent_tda_features/seed0_test_T50_B128_H64_W64_latent64_win15_bins16.pt,51,1.4739651484717582e-06,0.9999873449417997
orbiting_disks,AE,0,64,models/orbiting_disks/latent_tda_features/seed0_test_T50_B128_H64_W64_latent64_win15_bins16.pt,52,1.3742178795992996e-06,0.9999887191596794
orbiting_disks,AE,0,64,models/orbiting_disks/latent_tda_features/seed0_test_T50_B128_H64_W64_latent64_win15_bins16.pt,53,1.3196538791403325e-06,0.9999900388135585
orbiting_disks,AE,0,64,models/orbiting_disks/latent_tda_features/seed0_test_T50_B128_H64_W64_latent64_win15_bins16.pt,54,1.2499276829504876e-06,0.9999912887412414
orbiting_disks,AE,0,64,models/orbiting_disks/latent_tda_features/seed0_test_T50_B128_H64_W64_latent64_win15_bins16.pt,55,1.0845255701845797e-06,0.9999923732668117
orbiting_disks,AE,0,64,models/orbiting_disks/latent_tda_features/seed0_test_T50_B128_H64_W64_latent64_win15_bins16.pt,56,1.0537132433107525e-06,0.999993426980055
orbiting_disks,AE,0,64,models/orbiting_disks/latent_tda_features/seed0_test_T50_B128_H64_W64_latent64_win15_bins16.pt,57,1.0347258647063806e-06,0.9999944617059197
orbiting_disks,AE,0,64,models/orbiting_disks/latent_tda_features/seed0_test_T50_B128_H64_W64_latent64_win15_bins16.pt,58,9.445479849776586e-07,0.9999954062539046
orbiting_disks,AE,0,64,models/orbiting_disks/latent_tda_features/seed0_test_T50_B128_H64_W64_latent64_win15_bins16.pt,59,9.080726172901382e-07,0.9999963143265219
orbiting_disks,AE,0,64,models/orbiting_disks/latent_tda_features/seed0_test_T50_B128_H64_W64_latent64_win15_bins16.pt,60,8.520298244362776e-07,0.9999971663563464
orbiting_disks,AE,0,64,models/orbiting_disks/latent_tda_features/seed0_test_T50_B128_H64_W64_latent64_win15_bins16.pt,61,7.882351886290681e-07,0.9999979545915351
orbiting_disks,AE,0,64,models/orbiting_disks/latent_tda_features/seed0_test_T50_B128_H64_W64_latent64_win15_bins16.pt,62,7.380657222705357e-07,0.9999986926572574
orbiting_disks,AE,0,64,models/orbiting_disks/latent_tda_features/seed0_test_T50_B128_H64_W64_latent64_win15_bins16.pt,63,7.257440576178765e-07,0.999999418401315
orbiting_disks,AE,0,64,models/orbiting_disks/latent_tda_features/seed0_test_T50_B128_H64_W64_latent64_win15_bins16.pt,64,5.815986849343739e-07,0.9999999999999999
orbiting_disks,GeoAE,0,64,models/orbiting_disks_geoae_lam0.1/latent_tda_features/seed0_test_T50_B128_H64_W64_latent64_win15_bins16.pt,1,0.06936868215129642,0.06936868215129642
orbiting_disks,GeoAE,0,64,models/orbiting_disks_geoae_lam0.1/latent_tda_features/seed0_test_T50_B128_H64_W64_latent64_win15_bins16.pt,2,0.05618487009036409,0.1255535522416605
orbiting_disks,GeoAE,0,64,models/orbiting_disks_geoae_lam0.1/latent_tda_features/seed0_test_T50_B128_H64_W64_latent64_win15_bins16.pt,3,0.05350743439219445,0.17906098663385495
orbiting_disks,GeoAE,0,64,models/orbiting_disks_geoae_lam0.1/latent_tda_features/seed0_test_T50_B128_H64_W64_latent64_win15_bins16.pt,4,0.049494231848016726,0.22855521848187166
orbiting_disks,GeoAE,0,64,models/orbiting_disks_geoae_lam0.1/latent_tda_features/seed0_test_T50_B128_H64_W64_latent64_win15_bins16.pt,5,0.04647659960507839,0.27503181808695004
orbiting_disks,GeoAE,0,64,models/orbiting_disks_geoae_lam0.1/latent_tda_features/seed0_test_T50_B128_H64_W64_latent64_win15_bins16.pt,6,0.036789981987359284,0.3118218000743093
orbiting_disks,GeoAE,0,64,models/orbiting_disks_geoae_lam0.1/latent_tda_features/seed0_test_T50_B128_H64_W64_latent64_win15_bins16.pt,7,0.0351970200345854,0.34701882010889473
orbiting_disks,GeoAE,0,64,models/orbiting_disks_geoae_lam0.1/latent_tda_features/seed0_test_T50_B128_H64_W64_latent64_win15_bins16.pt,8,0.03395234303933678,0.38097116314823154
orbiting_disks,GeoAE,0,64,models/orbiting_disks_geoae_lam0.1/latent_tda_features/seed0_test_T50_B128_H64_W64_latent64_win15_bins16.pt,9,0.03307567005038705,0.41404683319861857
orbiting_disks,GeoAE,0,64,models/orbiting_disks_geoae_lam0.1/latent_tda_features/seed0_test_T50_B128_H64_W64_latent64_win15_bins16.pt,10,0.03139919018185274,0.4454460233804713
orbiting_disks,GeoAE,0,64,models/orbiting_disks_geoae_lam0.1/latent_tda_features/seed0_test_T50_B128_H64_W64_latent64_win15_bins16.pt,11,0.028872511820143793,0.47431853520061507
orbiting_disks,GeoAE,0,64,models/orbiting_disks_geoae_lam0.1/latent_tda_features/seed0_test_T50_B128_H64_W64_latent64_win15_bins16.pt,12,0.026234060973323214,0.5005525961739383
orbiting_disks,GeoAE,0,64,models/orbiting_disks_geoae_lam0.1/latent_tda_features/seed0_test_T50_B128_H64_W64_latent64_win15_bins16.pt,13,0.025861178604439206,0.5264137747783775
orbiting_disks,GeoAE,0,64,models/orbiting_disks_geoae_lam0.1/latent_tda_features/seed0_test_T50_B128_H64_W64_latent64_win15_bins16.pt,14,0.024561316966085402,0.5509750917444629
orbiting_disks,GeoAE,0,64,models/orbiting_disks_geoae_lam0.1/latent_tda_features/seed0_test_T50_B128_H64_W64_latent64_win15_bins16.pt,15,0.02330096615848946,0.5742760579029523
orbiting_disks,GeoAE,0,64,models/orbiting_disks_geoae_lam0.1/latent_tda_features/seed0_test_T50_B128_H64_W64_latent64_win15_bins16.pt,16,0.021153876910821563,0.5954299348137739
orbiting_disks,GeoAE,0,64,models/orbiting_disks_geoae_lam0.1/latent_tda_features/seed0_test_T50_B128_H64_W64_latent64_win15_bins16.pt,17,0.020601923857913897,0.6160318586716879
orbiting_disks,GeoAE,0,64,models/orbiting_disks_geoae_lam0.1/latent_tda_features/seed0_test_T50_B128_H64_W64_latent64_win15_bins16.pt,18,0.019859790178381968,0.6358916488500699
orbiting_disks,GeoAE,0,64,models/orbiting_disks_geoae_lam0.1/latent_tda_features/seed0_test_T50_B128_H64_W64_latent64_win15_bins16.pt,19,0.01970291045570325,0.6555945593057732
orbiting_disks,GeoAE,0,64,models/orbiting_disks_geoae_lam0.1/latent_tda_features/seed0_test_T50_B128_H64_W64_latent64_win15_bins16.pt,20,0.01878724901851238,0.6743818083242855
orbiting_disks,GeoAE,0,64,models/orbiting_disks_geoae_lam0.1/latent_tda_features/seed0_test_T50_B128_H64_W64_latent64_win15_bins16.pt,21,0.017697761511653115,0.6920795698359387
orbiting_disks,GeoAE,0,64,models/orbiting_disks_geoae_lam0.1/latent_tda_features/seed0_test_T50_B128_H64_W64_latent64_win15_bins16.pt,22,0.01641292491810334,0.708492494754042
orbiting_disks,GeoAE,0,64,models/orbiting_disks_geoae_lam0.1/latent_tda_features/seed0_test_T50_B128_H64_W64_latent64_win15_bins16.pt,23,0.016188590455007337,0.7246810852090493
orbiting_disks,GeoAE,0,64,models/orbiting_disks_geoae_lam0.1/latent_tda_features/seed0_test_T50_B128_H64_W64_latent64_win15_bins16.pt,24,0.015469938878402617,0.7401510240874519
orbiting_disks,GeoAE,0,64,models/orbiting_disks_geoae_lam0.1/latent_tda_features/seed0_test_T50_B128_H64_W64_latent64_win15_bins16.pt,25,0.01527093335037801,0.7554219574378299
orbiting_disks,GeoAE,0,64,models/orbiting_disks_geoae_lam0.1/latent_tda_features/seed0_test_T50_B128_H64_W64_latent64_win15_bins16.pt,26,0.014452241557740778,0.7698741989955707
orbiting_disks,GeoAE,0,64,models/orbiting_disks_geoae_lam0.1/latent_tda_features/seed0_test_T50_B128_H64_W64_latent64_win15_bins16.pt,27,0.013575650815784324,0.7834498498113551
orbiting_disks,GeoAE,0,64,models/orbiting_disks_geoae_lam0.1/latent_tda_features/seed0_test_T50_B128_H64_W64_latent64_win15_bins16.pt,28,0.013346809934179164,0.7967966597455343
orbiting_disks,GeoAE,0,64,models/orbiting_disks_geoae_lam0.1/latent_tda_features/seed0_test_T50_B128_H64_W64_latent64_win15_bins16.pt,29,0.012436693846678337,0.8092333535922126
orbiting_disks,GeoAE,0,64,models/orbiting_disks_geoae_lam0.1/latent_tda_features/seed0_test_T50_B128_H64_W64_latent64_win15_bins16.pt,30,0.011007754526081482,0.8202411081182941
orbiting_disks,GeoAE,0,64,models/orbiting_disks_geoae_lam0.1/latent_tda_features/seed0_test_T50_B128_H64_W64_latent64_win15_bins16.pt,31,0.010474866149373551,0.8307159742676676
orbiting_disks,GeoAE,0,64,models/orbiting_disks_geoae_lam0.1/latent_tda_features/seed0_test_T50_B128_H64_W64_latent64_win15_bins16.pt,32,0.010157239219931781,0.8408732134875995
orbiting_disks,GeoAE,0,64,models/orbiting_disks_geoae_lam0.1/latent_tda_features/seed0_test_T50_B128_H64_W64_latent64_win15_bins16.pt,33,0.009796948623900705,0.8506701621115001
orbiting_disks,GeoAE,0,64,models/orbiting_disks_geoae_lam0.1/latent_tda_features/seed0_test_T50_B128_H64_W64_latent64_win15_bins16.pt,34,0.009504351121568439,0.8601745132330686
orbiting_disks,GeoAE,0,64,models/orbiting_disks_geoae_lam0.1/latent_tda_features/seed0_test_T50_B128_H64_W64_latent64_win15_bins16.pt,35,0.00915690274616471,0.8693314159792334
orbiting_disks,GeoAE,0,64,models/orbiting_disks_geoae_lam0.1/latent_tda_features/seed0_test_T50_B128_H64_W64_latent64_win15_bins16.pt,36,0.008639246493012686,0.8779706624722461
orbiting_disks,GeoAE,0,64,models/orbiting_disks_geoae_lam0.1/latent_tda_features/seed0_test_T50_B128_H64_W64_latent64_win15_bins16.pt,37,0.008477136733132483,0.8864477992053785
orbiting_disks,GeoAE,0,64,models/orbiting_disks_geoae_lam0.1/latent_tda_features/seed0_test_T50_B128_H64_W64_latent64_win15_bins16.pt,38,0.007904523365792539,0.894352322571171
orbiting_disks,GeoAE,0,64,models/orbiting_disks_geoae_lam0.1/latent_tda_features/seed0_test_T50_B128_H64_W64_latent64_win15_bins16.pt,39,0.0073813147014653345,0.9017336372726363
orbiting_disks,GeoAE,0,64,models/orbiting_disks_geoae_lam0.1/latent_tda_features/seed0_test_T50_B128_H64_W64_latent64_win15_bins16.pt,40,0.007095360094055536,0.9088289973666919
orbiting_disks,GeoAE,0,64,models/orbiting_disks_geoae_lam0.1/latent_tda_features/seed0_test_T50_B128_H64_W64_latent64_win15_bins16.pt,41,0.007030234296641652,0.9158592316633335
orbiting_disks,GeoAE,0,64,models/orbiting_disks_geoae_lam0.1/latent_tda_features/seed0_test_T50_B128_H64_W64_latent64_win15_bins16.pt,42,0.006320766261387155,0.9221799979247206
orbiting_disks,GeoAE,0,64,models/orbiting_disks_geoae_lam0.1/latent_tda_features/seed0_test_T50_B128_H64_W64_latent64_win15_bins16.pt,43,0.006314192644312513,0.9284941905690332
orbiting_disks,GeoAE,0,64,models/orbiting_disks_geoae_lam0.1/latent_tda_features/seed0_test_T50_B128_H64_W64_latent64_win15_bins16.pt,44,0.005675655394869758,0.934169845963903
orbiting_disks,GeoAE,0,64,models/orbiting_disks_geoae_lam0.1/latent_tda_features/seed0_test_T50_B128_H64_W64_latent64_win15_bins16.pt,45,0.005335096954601774,0.9395049429185047
orbiting_disks,GeoAE,0,64,models/orbiting_disks_geoae_lam0.1/latent_tda_features/seed0_test_T50_B128_H64_W64_latent64_win15_bins16.pt,46,0.005102807860439648,0.9446077507789443
orbiting_disks,GeoAE,0,64,models/orbiting_disks_geoae_lam0.1/latent_tda_features/seed0_test_T50_B128_H64_W64_latent64_win15_bins16.pt,47,0.005082954460809144,0.9496907052397535
orbiting_disks,GeoAE,0,64,models/orbiting_disks_geoae_lam0.1/latent_tda_features/seed0_test_T50_B128_H64_W64_latent64_win15_bins16.pt,48,0.004845679946786666,0.9545363851865402
orbiting_disks,GeoAE,0,64,models/orbiting_disks_geoae_lam0.1/latent_tda_features/seed0_test_T50_B128_H64_W64_latent64_win15_bins16.pt,49,0.004416267520485099,0.9589526527070252
orbiting_disks,GeoAE,0,64,models/orbiting_disks_geoae_lam0.1/latent_tda_features/seed0_test_T50_B128_H64_W64_latent64_win15_bins16.pt,50,0.004157144948969297,0.9631097976559946
orbiting_disks,GeoAE,0,64,models/orbiting_disks_geoae_lam0.1/latent_tda_features/seed0_test_T50_B128_H64_W64_latent64_win15_bins16.pt,51,0.003909734131281528,0.9670195317872761
orbiting_disks,GeoAE,0,64,models/orbiting_disks_geoae_lam0.1/latent_tda_features/seed0_test_T50_B128_H64_W64_latent64_win15_bins16.pt,52,0.003750452625683038,0.9707699844129591
orbiting_disks,GeoAE,0,64,models/orbiting_disks_geoae_lam0.1/latent_tda_features/seed0_test_T50_B128_H64_W64_latent64_win15_bins16.pt,53,0.003647421308415699,0.9744174057213748
orbiting_disks,GeoAE,0,64,models/orbiting_disks_geoae_lam0.1/latent_tda_features/seed0_test_T50_B128_H64_W64_latent64_win15_bins16.pt,54,0.003455298314466936,0.9778727040358417
orbiting_disks,GeoAE,0,64,models/orbiting_disks_geoae_lam0.1/latent_tda_features/seed0_test_T50_B128_H64_W64_latent64_win15_bins16.pt,55,0.003383950131280172,0.9812566541671218
orbiting_disks,GeoAE,0,64,models/orbiting_disks_geoae_lam0.1/latent_tda_features/seed0_test_T50_B128_H64_W64_latent64_win15_bins16.pt,56,0.0029204467661995068,0.9841771009333213
orbiting_disks,GeoAE,0,64,models/orbiting_disks_geoae_lam0.1/latent_tda_features/seed0_test_T50_B128_H64_W64_latent64_win15_bins16.pt,57,0.002798831250284308,0.9869759321836057
orbiting_disks,GeoAE,0,64,models/orbiting_disks_geoae_lam0.1/latent_tda_features/seed0_test_T50_B128_H64_W64_latent64_win15_bins16.pt,58,0.0027042132286014945,0.9896801454122072
orbiting_disks,GeoAE,0,64,models/orbiting_disks_geoae_lam0.1/latent_tda_features/seed0_test_T50_B128_H64_W64_latent64_win15_bins16.pt,59,0.0023286962290787363,0.9920088416412859
orbiting_disks,GeoAE,0,64,models/orbiting_disks_geoae_lam0.1/latent_tda_features/seed0_test_T50_B128_H64_W64_latent64_win15_bins16.pt,60,0.00205801841241591,0.9940668600537018
orbiting_disks,GeoAE,0,64,models/orbiting_disks_geoae_lam0.1/latent_tda_features/seed0_test_T50_B128_H64_W64_latent64_win15_bins16.pt,61,0.0017028291945436658,0.9957696892482455
orbiting_disks,GeoAE,0,64,models/orbiting_disks_geoae_lam0.1/latent_tda_features/seed0_test_T50_B128_H64_W64_latent64_win15_bins16.pt,62,0.0016686873868251564,0.9974383766350706
orbiting_disks,GeoAE,0,64,models/orbiting_disks_geoae_lam0.1/latent_tda_features/seed0_test_T50_B128_H64_W64_latent64_win15_bins16.pt,63,0.001349800272105867,0.9987881769071765
orbiting_disks,GeoAE,0,64,models/orbiting_disks_geoae_lam0.1/latent_tda_features/seed0_test_T50_B128_H64_W64_latent64_win15_bins16.pt,64,0.001211823092823496,1.0
orbiting_disks,TopoAE,0,64,models/orbiting_disks_topoae_lam0.1_signature/latent_tda_features/seed0_test_T50_B128_H64_W64_latent64_win15_bins16.pt,1,0.2281693950429296,0.2281693950429296
orbiting_disks,TopoAE,0,64,models/orbiting_disks_topoae_lam0.1_signature/latent_tda_features/seed0_test_T50_B128_H64_W64_latent64_win15_bins16.pt,2,0.21194422694238443,0.440113621985314
orbiting_disks,TopoAE,0,64,models/orbiting_disks_topoae_lam0.1_signature/latent_tda_features/seed0_test_T50_B128_H64_W64_latent64_win15_bins16.pt,3,0.18160457161529153,0.6217181936006055
orbiting_disks,TopoAE,0,64,models/orbiting_disks_topoae_lam0.1_signature/latent_tda_features/seed0_test_T50_B128_H64_W64_latent64_win15_bins16.pt,4,0.16708398775757355,0.7888021813581791
orbiting_disks,TopoAE,0,64,models/orbiting_disks_topoae_lam0.1_signature/latent_tda_features/seed0_test_T50_B128_H64_W64_latent64_win15_bins16.pt,5,0.08597516638994421,0.8747773477481233
orbiting_disks,TopoAE,0,64,models/orbiting_disks_topoae_lam0.1_signature/latent_tda_features/seed0_test_T50_B128_H64_W64_latent64_win15_bins16.pt,6,0.04536983568290283,0.9201471834310262
orbiting_disks,TopoAE,0,64,models/orbiting_disks_topoae_lam0.1_signature/latent_tda_features/seed0_test_T50_B128_H64_W64_latent64_win15_bins16.pt,7,0.02857938128440628,0.9487265647154325
orbiting_disks,TopoAE,0,64,models/orbiting_disks_topoae_lam0.1_signature/latent_tda_features/seed0_test_T50_B128_H64_W64_latent64_win15_bins16.pt,8,0.02670004083698631,0.9754266055524188
orbiting_disks,TopoAE,0,64,models/orbiting_disks_topoae_lam0.1_signature/latent_tda_features/seed0_test_T50_B128_H64_W64_latent64_win15_bins16.pt,9,0.011296381175584123,0.9867229867280028
orbiting_disks,TopoAE,0,64,models/orbiting_disks_topoae_lam0.1_signature/latent_tda_features/seed0_test_T50_B128_H64_W64_latent64_win15_bins16.pt,10,0.009211497611409682,0.9959344843394126
orbiting_disks,TopoAE,0,64,models/orbiting_disks_topoae_lam0.1_signature/latent_tda_features/seed0_test_T50_B128_H64_W64_latent64_win15_bins16.pt,11,0.0030778103377985906,0.9990122946772112
orbiting_disks,TopoAE,0,64,models/orbiting_disks_topoae_lam0.1_signature/latent_tda_features/seed0_test_T50_B128_H64_W64_latent64_win15_bins16.pt,12,0.0008971970966423362,0.9999094917738536
orbiting_disks,TopoAE,0,64,models/orbiting_disks_topoae_lam0.1_signature/latent_tda_features/seed0_test_T50_B128_H64_W64_latent64_win15_bins16.pt,13,5.892160316848078e-05,0.999968413377022
orbiting_disks,TopoAE,0,64,models/orbiting_disks_topoae_lam0.1_signature/latent_tda_features/seed0_test_T50_B128_H64_W64_latent64_win15_bins16.pt,14,1.0456108877661516e-05,0.9999788694858996
orbiting_disks,TopoAE,0,64,models/orbiting_disks_topoae_lam0.1_signature/latent_tda_features/seed0_test_T50_B128_H64_W64_latent64_win15_bins16.pt,15,7.364545432283519e-06,0.9999862340313319
orbiting_disks,TopoAE,0,64,models/orbiting_disks_topoae_lam0.1_signature/latent_tda_features/seed0_test_T50_B128_H64_W64_latent64_win15_bins16.pt,16,4.091130335745178e-06,0.9999903251616676
orbiting_disks,TopoAE,0,64,models/orbiting_disks_topoae_lam0.1_signature/latent_tda_features/seed0_test_T50_B128_H64_W64_latent64_win15_bins16.pt,17,3.0217065200266626e-06,0.9999933468681876
orbiting_disks,TopoAE,0,64,models/orbiting_disks_topoae_lam0.1_signature/latent_tda_features/seed0_test_T50_B128_H64_W64_latent64_win15_bins16.pt,18,1.625014778346548e-06,0.9999949718829659
orbiting_disks,TopoAE,0,64,models/orbiting_disks_topoae_lam0.1_signature/latent_tda_features/seed0_test_T50_B128_H64_W64_latent64_win15_bins16.pt,19,1.5914463139914225e-06,0.9999965633292799
orbiting_disks,TopoAE,0,64,models/orbiting_disks_topoae_lam0.1_signature/latent_tda_features/seed0_test_T50_B128_H64_W64_latent64_win15_bins16.pt,20,7.185483003416783e-07,0.9999972818775802
orbiting_disks,TopoAE,0,64,models/orbiting_disks_topoae_lam0.1_signature/latent_tda_features/seed0_test_T50_B128_H64_W64_latent64_win15_bins16.pt,21,5.845448169150613e-07,0.9999978664223971
orbiting_disks,TopoAE,0,64,models/orbiting_disks_topoae_lam0.1_signature/latent_tda_features/seed0_test_T50_B128_H64_W64_latent64_win15_bins16.pt,22,4.136446486614824e-07,0.9999982800670457
orbiting_disks,TopoAE,0,64,models/orbiting_disks_topoae_lam0.1_signature/latent_tda_features/seed0_test_T50_B128_H64_W64_latent64_win15_bins16.pt,23,2.8345920208370225e-07,0.9999985635262478
orbiting_disks,TopoAE,0,64,models/orbiting_disks_topoae_lam0.1_signature/latent_tda_features/seed0_test_T50_B128_H64_W64_latent64_win15_bins16.pt,24,2.338427979088359e-07,0.9999987973690457
orbiting_disks,TopoAE,0,64,models/orbiting_disks_topoae_lam0.1_signature/latent_tda_features/seed0_test_T50_B128_H64_W64_latent64_win15_bins16.pt,25,2.137612861376236e-07,0.9999990111303318
orbiting_disks,TopoAE,0,64,models/orbiting_disks_topoae_lam0.1_signature/latent_tda_features/seed0_test_T50_B128_H64_W64_latent64_win15_bins16.pt,26,1.5314103674754078e-07,0.9999991642713686
orbiting_disks,TopoAE,0,64,models/orbiting_disks_topoae_lam0.1_signature/latent_tda_features/seed0_test_T50_B128_H64_W64_latent64_win15_bins16.pt,27,1.1090640613780811e-07,0.9999992751777748
orbiting_disks,TopoAE,0,64,models/orbiting_disks_topoae_lam0.1_signature/latent_tda_features/seed0_test_T50_B128_H64_W64_latent64_win15_bins16.pt,28,9.174384290325827e-08,0.9999993669216176
orbiting_disks,TopoAE,0,64,models/orbiting_disks_topoae_lam0.1_signature/latent_tda_features/seed0_test_T50_B128_H64_W64_latent64_win15_bins16.pt,29,8.014773615600009e-08,0.9999994470693537
orbiting_disks,TopoAE,0,64,models/orbiting_disks_topoae_lam0.1_signature/latent_tda_features/seed0_test_T50_B128_H64_W64_latent64_win15_bins16.pt,30,6.919016507922254e-08,0.9999995162595188
orbiting_disks,TopoAE,0,64,models/orbiting_disks_topoae_lam0.1_signature/latent_tda_features/seed0_test_T50_B128_H64_W64_latent64_win15_bins16.pt,31,5.3479398391722e-08,0.9999995697389171
orbiting_disks,TopoAE,0,64,models/orbiting_disks_topoae_lam0.1_signature/latent_tda_features/seed0_test_T50_B128_H64_W64_latent64_win15_bins16.pt,32,4.8753489734746786e-08,0.9999996184924068
orbiting_disks,TopoAE,0,64,models/orbiting_disks_topoae_lam0.1_signature/latent_tda_features/seed0_test_T50_B128_H64_W64_latent64_win15_bins16.pt,33,3.901079019203155e-08,0.999999657503197
orbiting_disks,TopoAE,0,64,models/orbiting_disks_topoae_lam0.1_signature/latent_tda_features/seed0_test_T50_B128_H64_W64_latent64_win15_bins16.pt,34,3.66083660324452e-08,0.999999694111563
orbiting_disks,TopoAE,0,64,models/orbiting_disks_topoae_lam0.1_signature/latent_tda_features/seed0_test_T50_B128_H64_W64_latent64_win15_bins16.pt,35,3.554106617061027e-08,0.9999997296526292
orbiting_disks,TopoAE,0,64,models/orbiting_disks_topoae_lam0.1_signature/latent_tda_features/seed0_test_T50_B128_H64_W64_latent64_win15_bins16.pt,36,2.8109151266271274e-08,0.9999997577617804
orbiting_disks,TopoAE,0,64,models/orbiting_disks_topoae_lam0.1_signature/latent_tda_features/seed0_test_T50_B128_H64_W64_latent64_win15_bins16.pt,37,2.315454625847955e-08,0.9999997809163267
orbiting_disks,TopoAE,0,64,models/orbiting_disks_topoae_lam0.1_signature/latent_tda_features/seed0_test_T50_B128_H64_W64_latent64_win15_bins16.pt,38,2.1854324714715994e-08,0.9999998027706514
orbiting_disks,TopoAE,0,64,models/orbiting_disks_topoae_lam0.1_signature/latent_tda_features/seed0_test_T50_B128_H64_W64_latent64_win15_bins16.pt,39,2.125282030471357e-08,0.9999998240234717
orbiting_disks,TopoAE,0,64,models/orbiting_disks_topoae_lam0.1_signature/latent_tda_features/seed0_test_T50_B128_H64_W64_latent64_win15_bins16.pt,40,1.6732406919815703e-08,0.9999998407558786
orbiting_disks,TopoAE,0,64,models/orbiting_disks_topoae_lam0.1_signature/latent_tda_features/seed0_test_T50_B128_H64_W64_latent64_win15_bins16.pt,41,1.552414031667922e-08,0.9999998562800189
orbiting_disks,TopoAE,0,64,models/orbiting_disks_topoae_lam0.1_signature/latent_tda_features/seed0_test_T50_B128_H64_W64_latent64_win15_bins16.pt,42,1.3749912142143728e-08,0.999999870029931
orbiting_disks,TopoAE,0,64,models/orbiting_disks_topoae_lam0.1_signature/latent_tda_features/seed0_test_T50_B128_H64_W64_latent64_win15_bins16.pt,43,1.3069820240508009e-08,0.9999998830997512
orbiting_disks,TopoAE,0,64,models/orbiting_disks_topoae_lam0.1_signature/latent_tda_features/seed0_test_T50_B128_H64_W64_latent64_win15_bins16.pt,44,1.2004472841555702e-08,0.999999895104224
orbiting_disks,TopoAE,0,64,models/orbiting_disks_topoae_lam0.1_signature/latent_tda_features/seed0_test_T50_B128_H64_W64_latent64_win15_bins16.pt,45,1.1101225811814788e-08,0.9999999062054499
orbiting_disks,TopoAE,0,64,models/orbiting_disks_topoae_lam0.1_signature/latent_tda_features/seed0_test_T50_B128_H64_W64_latent64_win15_bins16.pt,46,1.0111752344406839e-08,0.9999999163172022
orbiting_disks,TopoAE,0,64,models/orbiting_disks_topoae_lam0.1_signature/latent_tda_features/seed0_test_T50_B128_H64_W64_latent64_win15_bins16.pt,47,9.935091047684497e-09,0.9999999262522933
orbiting_disks,TopoAE,0,64,models/orbiting_disks_topoae_lam0.1_signature/latent_tda_features/seed0_test_T50_B128_H64_W64_latent64_win15_bins16.pt,48,8.83238967558466e-09,0.999999935084683
orbiting_disks,TopoAE,0,64,models/orbiting_disks_topoae_lam0.1_signature/latent_tda_features/seed0_test_T50_B128_H64_W64_latent64_win15_bins16.pt,49,7.467275783392629e-09,0.9999999425519588
orbiting_disks,TopoAE,0,64,models/orbiting_disks_topoae_lam0.1_signature/latent_tda_features/seed0_test_T50_B128_H64_W64_latent64_win15_bins16.pt,50,6.50731008274912e-09,0.9999999490592689
orbiting_disks,TopoAE,0,64,models/orbiting_disks_topoae_lam0.1_signature/latent_tda_features/seed0_test_T50_B128_H64_W64_latent64_win15_bins16.pt,51,6.3931973543662826e-09,0.9999999554524662
orbiting_disks,TopoAE,0,64,models/orbiting_disks_topoae_lam0.1_signature/latent_tda_features/seed0_test_T50_B128_H64_W64_latent64_win15_bins16.pt,52,5.780695844531973e-09,0.999999961233162
orbiting_disks,TopoAE,0,64,models/orbiting_disks_topoae_lam0.1_signature/latent_tda_features/seed0_test_T50_B128_H64_W64_latent64_win15_bins16.pt,53,5.345148599274277e-09,0.9999999665783106
orbiting_disks,TopoAE,0,64,models/orbiting_disks_topoae_lam0.1_signature/latent_tda_features/seed0_test_T50_B128_H64_W64_latent64_win15_bins16.pt,54,4.975775820028445e-09,0.9999999715540864
orbiting_disks,TopoAE,0,64,models/orbiting_disks_topoae_lam0.1_signature/latent_tda_features/seed0_test_T50_B128_H64_W64_latent64_win15_bins16.pt,55,4.513351432409183e-09,0.9999999760674378
orbiting_disks,TopoAE,0,64,models/orbiting_disks_topoae_lam0.1_signature/latent_tda_features/seed0_test_T50_B128_H64_W64_latent64_win15_bins16.pt,56,4.031782040307746e-09,0.9999999800992199
orbiting_disks,TopoAE,0,64,models/orbiting_disks_topoae_lam0.1_signature/latent_tda_features/seed0_test_T50_B128_H64_W64_latent64_win15_bins16.pt,57,3.730154033143349e-09,0.9999999838293739
orbiting_disks,TopoAE,0,64,models/orbiting_disks_topoae_lam0.1_signature/latent_tda_features/seed0_test_T50_B128_H64_W64_latent64_win15_bins16.pt,58,3.214167743306834e-09,0.9999999870435416
orbiting_disks,TopoAE,0,64,models/orbiting_disks_topoae_lam0.1_signature/latent_tda_features/seed0_test_T50_B128_H64_W64_latent64_win15_bins16.pt,59,2.8566848850995175e-09,0.9999999899002265
orbiting_disks,TopoAE,0,64,models/orbiting_disks_topoae_lam0.1_signature/latent_tda_features/seed0_test_T50_B128_H64_W64_latent64_win15_bins16.pt,60,2.602258211977172e-09,0.9999999925024847
orbiting_disks,TopoAE,0,64,models/orbiting_disks_topoae_lam0.1_signature/latent_tda_features/seed0_test_T50_B128_H64_W64_latent64_win15_bins16.pt,61,2.2676453541257687e-09,0.9999999947701301
orbiting_disks,TopoAE,0,64,models/orbiting_disks_topoae_lam0.1_signature/latent_tda_features/seed0_test_T50_B128_H64_W64_latent64_win15_bins16.pt,62,2.0380349039410708e-09,0.999999996808165
orbiting_disks,TopoAE,0,64,models/orbiting_disks_topoae_lam0.1_signature/latent_tda_features/seed0_test_T50_B128_H64_W64_latent64_win15_bins16.pt,63,1.7565449443160408e-09,0.9999999985647099
orbiting_disks,TopoAE,0,64,models/orbiting_disks_topoae_lam0.1_signature/latent_tda_features/seed0_test_T50_B128_H64_W64_latent64_win15_bins16.pt,64,1.435289297219621e-09,0.9999999999999992
orbiting_rings,AE,0,64,models/orbiting_rings/latent_tda_features/seed0_test_T50_B128_H64_W64_latent64_win15_bins16.pt,1,0.9138799471030247,0.9138799471030247
orbiting_rings,AE,0,64,models/orbiting_rings/latent_tda_features/seed0_test_T50_B128_H64_W64_latent64_win15_bins16.pt,2,0.030288146669125063,0.9441680937721497
orbiting_rings,AE,0,64,models/orbiting_rings/latent_tda_features/seed0_test_T50_B128_H64_W64_latent64_win15_bins16.pt,3,0.021058094687459696,0.9652261884596094
orbiting_rings,AE,0,64,models/orbiting_rings/latent_tda_features/seed0_test_T50_B128_H64_W64_latent64_win15_bins16.pt,4,0.012208384309758442,0.9774345727693678
orbiting_rings,AE,0,64,models/orbiting_rings/latent_tda_features/seed0_test_T50_B128_H64_W64_latent64_win15_bins16.pt,5,0.006227196126909546,0.9836617688962774
orbiting_rings,AE,0,64,models/orbiting_rings/latent_tda_features/seed0_test_T50_B128_H64_W64_latent64_win15_bins16.pt,6,0.004965169875079544,0.988626938771357
orbiting_rings,AE,0,64,models/orbiting_rings/latent_tda_features/seed0_test_T50_B128_H64_W64_latent64_win15_bins16.pt,7,0.003889115051805291,0.9925160538231623
orbiting_rings,AE,0,64,models/orbiting_rings/latent_tda_features/seed0_test_T50_B128_H64_W64_latent64_win15_bins16.pt,8,0.002290865240928374,0.9948069190640907
orbiting_rings,AE,0,64,models/orbiting_rings/latent_tda_features/seed0_test_T50_B128_H64_W64_latent64_win15_bins16.pt,9,0.0019987554321652303,0.9968056744962559
orbiting_rings,AE,0,64,models/orbiting_rings/latent_tda_features/seed0_test_T50_B128_H64_W64_latent64_win15_bins16.pt,10,0.0012002011187983825,0.9980058756150543
orbiting_rings,AE,0,64,models/orbiting_rings/latent_tda_features/seed0_test_T50_B128_H64_W64_latent64_win15_bins16.pt,11,0.0008886282801425539,0.9988945038951969
orbiting_rings,AE,0,64,models/orbiting_rings/latent_tda_features/seed0_test_T50_B128_H64_W64_latent64_win15_bins16.pt,12,0.0005113860212181791,0.999405889916415
orbiting_rings,AE,0,64,models/orbiting_rings/latent_tda_features/seed0_test_T50_B128_H64_W64_latent64_win15_bins16.pt,13,0.00011673512271700747,0.999522625039132
orbiting_rings,AE,0,64,models/orbiting_rings/latent_tda_features/seed0_test_T50_B128_H64_W64_latent64_win15_bins16.pt,14,5.693510933199102e-05,0.999579560148464
orbiting_rings,AE,0,64,models/orbiting_rings/latent_tda_features/seed0_test_T50_B128_H64_W64_latent64_win15_bins16.pt,15,3.9709032217003685e-05,0.999619269180681
orbiting_rings,AE,0,64,models/orbiting_rings/latent_tda_features/seed0_test_T50_B128_H64_W64_latent64_win15_bins16.pt,16,3.762561540169005e-05,0.9996568947960827
orbiting_rings,AE,0,64,models/orbiting_rings/latent_tda_features/seed0_test_T50_B128_H64_W64_latent64_win15_bins16.pt,17,3.50994614811396e-05,0.9996919942575638
orbiting_rings,AE,0,64,models/orbiting_rings/latent_tda_features/seed0_test_T50_B128_H64_W64_latent64_win15_bins16.pt,18,2.6274415904505266e-05,0.9997182686734684
orbiting_rings,AE,0,64,models/orbiting_rings/latent_tda_features/seed0_test_T50_B128_H64_W64_latent64_win15_bins16.pt,19,2.3787889681828772e-05,0.9997420565631502
orbiting_rings,AE,0,64,models/orbiting_rings/latent_tda_features/seed0_test_T50_B128_H64_W64_latent64_win15_bins16.pt,20,1.853457034947121e-05,0.9997605911334997
orbiting_rings,AE,0,64,models/orbiting_rings/latent_tda_features/seed0_test_T50_B128_H64_W64_latent64_win15_bins16.pt,21,1.5938663491023857e-05,0.9997765297969907
orbiting_rings,AE,0,64,models/orbiting_rings/latent_tda_features/seed0_test_T50_B128_H64_W64_latent64_win15_bins16.pt,22,1.5129912827667148e-05,0.9997916597098184
orbiting_rings,AE,0,64,models/orbiting_rings/latent_tda_features/seed0_test_T50_B128_H64_W64_latent64_win15_bins16.pt,23,1.2982322458850754e-05,0.9998046420322773
orbiting_rings,AE,0,64,models/orbiting_rings/latent_tda_features/seed0_test_T50_B128_H64_W64_latent64_win15_bins16.pt,24,1.2587781267733565e-05,0.999817229813545
orbiting_rings,AE,0,64,models/orbiting_rings/latent_tda_features/seed0_test_T50_B128_H64_W64_latent64_win15_bins16.pt,25,1.1047545907336264e-05,0.9998282773594523
orbiting_rings,AE,0,64,models/orbiting_rings/latent_tda_features/seed0_test_T50_B128_H64_W64_latent64_win15_bins16.pt,26,1.0667511776681839e-05,0.999838944871229
orbiting_rings,AE,0,64,models/orbiting_rings/latent_tda_features/seed0_test_T50_B128_H64_W64_latent64_win15_bins16.pt,27,1.0024164083420432e-05,0.9998489690353125
orbiting_rings,AE,0,64,models/orbiting_rings/latent_tda_features/seed0_test_T50_B128_H64_W64_latent64_win15_bins16.pt,28,8.809375435684331e-06,0.9998577784107482
orbiting_rings,AE,0,64,models/orbiting_rings/latent_tda_features/seed0_test_T50_B128_H64_W64_latent64_win15_bins16.pt,29,8.612852921549316e-06,0.9998663912636697
orbiting_rings,AE,0,64,models/orbiting_rings/latent_tda_features/seed0_test_T50_B128_H64_W64_latent64_win15_bins16.pt,30,7.957500285300654e-06,0.999874348763955
orbiting_rings,AE,0,64,models/orbiting_rings/latent_tda_features/seed0_test_T50_B128_H64_W64_latent64_win15_bins16.pt,31,7.508848611085934e-06,0.9998818576125661
orbiting_rings,AE,0,64,models/orbiting_rings/latent_tda_features/seed0_test_T50_B128_H64_W64_latent64_win15_bins16.pt,32,7.191831987092393e-06,0.9998890494445531
orbiting_rings,AE,0,64,models/orbiting_rings/latent_tda_features/seed0_test_T50_B128_H64_W64_latent64_win15_bins16.pt,33,6.703748585048539e-06,0.9998957531931382
orbiting_rings,AE,0,64,models/orbiting_rings/latent_tda_features/seed0_test_T50_B128_H64_W64_latent64_win15_bins16.pt,34,6.362331091880632e-06,0.99990211552423
orbiting_rings,AE,0,64,models/orbiting_rings/latent_tda_features/seed0_test_T50_B128_H64_W64_latent64_win15_bins16.pt,35,6.023707096438131e-06,0.9999081392313265
orbiting_rings,AE,0,64,models/orbiting_rings/latent_tda_features/seed0_test_T50_B128_H64_W64_latent64_win15_bins16.pt,36,5.893403867288952e-06,0.9999140326351937
orbiting_rings,AE,0,64,models/orbiting_rings/latent_tda_features/seed0_test_T50_B128_H64_W64_latent64_win15_bins16.pt,37,5.61062978932619e-06,0.9999196432649831
orbiting_rings,AE,0,64,models/orbiting_rings/latent_tda_features/seed0_test_T50_B128_H64_W64_latent64_win15_bins16.pt,38,5.3487968439261425e-06,0.999924992061827
orbiting_rings,AE,0,64,models/orbiting_rings/latent_tda_features/seed0_test_T50_B128_H64_W64_latent64_win15_bins16.pt,39,5.137756766858103e-06,0.9999301298185937
orbiting_rings,AE,0,64,models/orbiting_rings/latent_tda_features/seed0_test_T50_B128_H64_W64_latent64_win15_bins16.pt,40,4.805448460375839e-06,0.9999349352670541
orbiting_rings,AE,0,64,models/orbiting_rings/latent_tda_features/seed0_test_T50_B128_H64_W64_latent64_win15_bins16.pt,41,4.583760163848189e-06,0.999939519027218
orbiting_rings,AE,0,64,models/orbiting_rings/latent_tda_features/seed0_test_T50_B128_H64_W64_latent64_win15_bins16.pt,42,4.286264023031392e-06,0.999943805291241
orbiting_rings,AE,0,64,models/orbiting_rings/latent_tda_features/seed0_test_T50_B128_H64_W64_latent64_win15_bins16.pt,43,4.187270593411568e-06,0.9999479925618344
orbiting_rings,AE,0,64,models/orbiting_rings/latent_tda_features/seed0_test_T50_B128_H64_W64_latent64_win15_bins16.pt,44,4.126415158268888e-06,0.9999521189769927
orbiting_rings,AE,0,64,models/orbiting_rings/latent_tda_features/seed0_test_T50_B128_H64_W64_latent64_win15_bins16.pt,45,3.911686037782555e-06,0.9999560306630304
orbiting_rings,AE,0,64,models/orbiting_rings/latent_tda_features/seed0_test_T50_B128_H64_W64_latent64_win15_bins16.pt,46,3.7418572373185465e-06,0.9999597725202677
orbiting_rings,AE,0,64,models/orbiting_rings/latent_tda_features/seed0_test_T50_B128_H64_W64_latent64_win15_bins16.pt,47,3.476795867430614e-06,0.9999632493161351
orbiting_rings,AE,0,64,models/orbiting_rings/latent_tda_features/seed0_test_T50_B128_H64_W64_latent64_win15_bins16.pt,48,3.2027923393443603e-06,0.9999664521084745
orbiting_rings,AE,0,64,models/orbiting_rings/latent_tda_features/seed0_test_T50_B128_H64_W64_latent64_win15_bins16.pt,49,2.986163333784202e-06,0.9999694382718083
orbiting_rings,AE,0,64,models/orbiting_rings/latent_tda_features/seed0_test_T50_B128_H64_W64_latent64_win15_bins16.pt,50,2.889360651712013e-06,0.99997232763246
orbiting_rings,AE,0,64,models/orbiting_rings/latent_tda_features/seed0_test_T50_B128_H64_W64_latent64_win15_bins16.pt,51,2.8243216089908145e-06,0.999975151954069
orbiting_rings,AE,0,64,models/orbiting_rings/latent_tda_features/seed0_test_T50_B128_H64_W64_latent64_win15_bins16.pt,52,2.730930403614877e-06,0.9999778828844726
orbiting_rings,AE,0,64,models/orbiting_rings/latent_tda_features/seed0_test_T50_B128_H64_W64_latent64_win15_bins16.pt,53,2.5830377225093755e-06,0.9999804659221951
orbiting_rings,AE,0,64,models/orbiting_rings/latent_tda_features/seed0_test_T50_B128_H64_W64_latent64_win15_bins16.pt,54,2.351429384340796e-06,0.9999828173515795
orbiting_rings,AE,0,64,models/orbiting_rings/latent_tda_features/seed0_test_T50_B128_H64_W64_latent64_win15_bins16.pt,55,2.1660058772377174e-06,0.9999849833574567
orbiting_rings,AE,0,64,models/orbiting_rings/latent_tda_features/seed0_test_T50_B128_H64_W64_latent64_win15_bins16.pt,56,2.102475402747624e-06,0.9999870858328594
orbiting_rings,AE,0,64,models/orbiting_rings/latent_tda_features/seed0_test_T50_B128_H64_W64_latent64_win15_bins16.pt,57,1.984662194885751e-06,0.9999890704950544
orbiting_rings,AE,0,64,models/orbiting_rings/latent_tda_features/seed0_test_T50_B128_H64_W64_latent64_win15_bins16.pt,58,1.9789857129334763e-06,0.9999910494807673
orbiting_rings,AE,0,64,models/orbiting_rings/latent_tda_features/seed0_test_T50_B128_H64_W64_latent64_win15_bins16.pt,59,1.7934286063988094e-06,0.9999928429093737
orbiting_rings,AE,0,64,models/orbiting_rings/latent_tda_features/seed0_test_T50_B128_H64_W64_latent64_win15_bins16.pt,60,1.6299436543328022e-06,0.9999944728530281
orbiting_rings,AE,0,64,models/orbiting_rings/latent_tda_features/seed0_test_T50_B128_H64_W64_latent64_win15_bins16.pt,61,1.4777111067260666e-06,0.9999959505641348
orbiting_rings,AE,0,64,models/orbiting_rings/latent_tda_features/seed0_test_T50_B128_H64_W64_latent64_win15_bins16.pt,62,1.4336757310705173e-06,0.9999973842398658
orbiting_rings,AE,0,64,models/orbiting_rings/latent_tda_features/seed0_test_T50_B128_H64_W64_latent64_win15_bins16.pt,63,1.4188105757345322e-06,0.9999988030504415
orbiting_rings,AE,0,64,models/orbiting_rings/latent_tda_features/seed0_test_T50_B128_H64_W64_latent64_win15_bins16.pt,64,1.1969495582194988e-06,0.9999999999999998
orbiting_rings,GeoAE,0,64,models/orbiting_rings_geoae_lam0.1/latent_tda_features/seed0_test_T50_B128_H64_W64_latent64_win15_bins16.pt,1,0.06546677617736028,0.06546677617736028
orbiting_rings,GeoAE,0,64,models/orbiting_rings_geoae_lam0.1/latent_tda_features/seed0_test_T50_B128_H64_W64_latent64_win15_bins16.pt,2,0.05412743373760316,0.11959420991496345
orbiting_rings,GeoAE,0,64,models/orbiting_rings_geoae_lam0.1/latent_tda_features/seed0_test_T50_B128_H64_W64_latent64_win15_bins16.pt,3,0.04925210619817414,0.16884631611313758
orbiting_rings,GeoAE,0,64,models/orbiting_rings_geoae_lam0.1/latent_tda_features/seed0_test_T50_B128_H64_W64_latent64_win15_bins16.pt,4,0.04611277001391364,0.21495908612705122
orbiting_rings,GeoAE,0,64,models/orbiting_rings_geoae_lam0.1/latent_tda_features/seed0_test_T50_B128_H64_W64_latent64_win15_bins16.pt,5,0.042278582331774076,0.2572376684588253
orbiting_rings,GeoAE,0,64,models/orbiting_rings_geoae_lam0.1/latent_tda_features/seed0_test_T50_B128_H64_W64_latent64_win15_bins16.pt,6,0.03710852213971945,0.2943461905985447
orbiting_rings,GeoAE,0,64,models/orbiting_rings_geoae_lam0.1/latent_tda_features/seed0_test_T50_B128_H64_W64_latent64_win15_bins16.pt,7,0.03458757769351388,0.3289337682920586
orbiting_rings,GeoAE,0,64,models/orbiting_rings_geoae_lam0.1/latent_tda_features/seed0_test_T50_B128_H64_W64_latent64_win15_bins16.pt,8,0.03310388575517871,0.3620376540472373
orbiting_rings,GeoAE,0,64,models/orbiting_rings_geoae_lam0.1/latent_tda_features/seed0_test_T50_B128_H64_W64_latent64_win15_bins16.pt,9,0.030810665969260263,0.39284832001649755
orbiting_rings,GeoAE,0,64,models/orbiting_rings_geoae_lam0.1/latent_tda_features/seed0_test_T50_B128_H64_W64_latent64_win15_bins16.pt,10,0.028439957660094446,0.421288277676592
orbiting_rings,GeoAE,0,64,models/orbiting_rings_geoae_lam0.1/latent_tda_features/seed0_test_T50_B128_H64_W64_latent64_win15_bins16.pt,11,0.02712639805734376,0.44841467573393573
orbiting_rings,GeoAE,0,64,models/orbiting_rings_geoae_lam0.1/latent_tda_features/seed0_test_T50_B128_H64_W64_latent64_win15_bins16.pt,12,0.026013886183850688,0.47442856191778643
orbiting_rings,GeoAE,0,64,models/orbiting_rings_geoae_lam0.1/latent_tda_features/seed0_test_T50_B128_H64_W64_latent64_win15_bins16.pt,13,0.024718930584344684,0.4991474925021311
orbiting_rings,GeoAE,0,64,models/orbiting_rings_geoae_lam0.1/latent_tda_features/seed0_test_T50_B128_H64_W64_latent64_win15_bins16.pt,14,0.02364111948113211,0.5227886119832632
orbiting_rings,GeoAE,0,64,models/orbiting_rings_geoae_lam0.1/latent_tda_features/seed0_test_T50_B128_H64_W64_latent64_win15_bins16.pt,15,0.02278501726481257,0.5455736292480757
orbiting_rings,GeoAE,0,64,models/orbiting_rings_geoae_lam0.1/latent_tda_features/seed0_test_T50_B128_H64_W64_latent64_win15_bins16.pt,16,0.022693154176622755,0.5682667834246985
orbiting_rings,GeoAE,0,64,models/orbiting_rings_geoae_lam0.1/latent_tda_features/seed0_test_T50_B128_H64_W64_latent64_win15_bins16.pt,17,0.02089992751016589,0.5891667109348644
orbiting_rings,GeoAE,0,64,models/orbiting_rings_geoae_lam0.1/latent_tda_features/seed0_test_T50_B128_H64_W64_latent64_win15_bins16.pt,18,0.020446353195029673,0.609613064129894
orbiting_rings,GeoAE,0,64,models/orbiting_rings_geoae_lam0.1/latent_tda_features/seed0_test_T50_B128_H64_W64_latent64_win15_bins16.pt,19,0.020127170139148744,0.6297402342690428
orbiting_rings,GeoAE,0,64,models/orbiting_rings_geoae_lam0.1/latent_tda_features/seed0_test_T50_B128_H64_W64_latent64_win15_bins16.pt,20,0.018773198736213723,0.6485134330052565
orbiting_rings,GeoAE,0,64,models/orbiting_rings_geoae_lam0.1/latent_tda_features/seed0_test_T50_B128_H64_W64_latent64_win15_bins16.pt,21,0.018570571282109948,0.6670840042873665
orbiting_rings,GeoAE,0,64,models/orbiting_rings_geoae_lam0.1/latent_tda_features/seed0_test_T50_B128_H64_W64_latent64_win15_bins16.pt,22,0.017837435863213732,0.6849214401505802
orbiting_rings,GeoAE,0,64,models/orbiting_rings_geoae_lam0.1/latent_tda_features/seed0_test_T50_B128_H64_W64_latent64_win15_bins16.pt,23,0.017040947499813348,0.7019623876503935
orbiting_rings,GeoAE,0,64,models/orbiting_rings_geoae_lam0.1/latent_tda_features/seed0_test_T50_B128_H64_W64_latent64_win15_bins16.pt,24,0.015624060491112271,0.7175864481415059
orbiting_rings,GeoAE,0,64,models/orbiting_rings_geoae_lam0.1/latent_tda_features/seed0_test_T50_B128_H64_W64_latent64_win15_bins16.pt,25,0.01545261784860994,0.7330390659901158
orbiting_rings,GeoAE,0,64,models/orbiting_rings_geoae_lam0.1/latent_tda_features/seed0_test_T50_B128_H64_W64_latent64_win15_bins16.pt,26,0.01463198383446541,0.7476710498245812
orbiting_rings,GeoAE,0,64,models/orbiting_rings_geoae_lam0.1/latent_tda_features/seed0_test_T50_B128_H64_W64_latent64_win15_bins16.pt,27,0.014130522284906157,0.7618015721094874
orbiting_rings,GeoAE,0,64,models/orbiting_rings_geoae_lam0.1/latent_tda_features/seed0_test_T50_B128_H64_W64_latent64_win15_bins16.pt,28,0.013465567940286659,0.775267140049774
orbiting_rings,GeoAE,0,64,models/orbiting_rings_geoae_lam0.1/latent_tda_features/seed0_test_T50_B128_H64_W64_latent64_win15_bins16.pt,29,0.013176584025855234,0.7884437240756292
orbiting_rings,GeoAE,0,64,models/orbiting_rings_geoae_lam0.1/latent_tda_features/seed0_test_T50_B128_H64_W64_latent64_win15_bins16.pt,30,0.012022384828864335,0.8004661089044935
orbiting_rings,GeoAE,0,64,models/orbiting_rings_geoae_lam0.1/latent_tda_features/seed0_test_T50_B128_H64_W64_latent64_win15_bins16.pt,31,0.011946002819694676,0.8124121117241883
orbiting_rings,GeoAE,0,64,models/orbiting_rings_geoae_lam0.1/latent_tda_features/seed0_test_T50_B128_H64_W64_latent64_win15_bins16.pt,32,0.011313583077599323,0.8237256948017876
orbiting_rings,GeoAE,0,64,models/orbiting_rings_geoae_lam0.1/latent_tda_features/seed0_test_T50_B128_H64_W64_latent64_win15_bins16.pt,33,0.0106874349496572,0.8344131297514448
orbiting_rings,GeoAE,0,64,models/orbiting_rings_geoae_lam0.1/latent_tda_features/seed0_test_T50_B128_H64_W64_latent64_win15_bins16.pt,34,0.01016340079752352,0.8445765305489683
orbiting_rings,GeoAE,0,64,models/orbiting_rings_geoae_lam0.1/latent_tda_features/seed0_test_T50_B128_H64_W64_latent64_win15_bins16.pt,35,0.009807258559058072,0.8543837891080264
orbiting_rings,GeoAE,0,64,models/orbiting_rings_geoae_lam0.1/latent_tda_features/seed0_test_T50_B128_H64_W64_latent64_win15_bins16.pt,36,0.009444240273780281,0.8638280293818067
orbiting_rings,GeoAE,0,64,models/orbiting_rings_geoae_lam0.1/latent_tda_features/seed0_test_T50_B128_H64_W64_latent64_win15_bins16.pt,37,0.008955289261043477,0.8727833186428502
orbiting_rings,GeoAE,0,64,models/orbiting_rings_geoae_lam0.1/latent_tda_features/seed0_test_T50_B128_H64_W64_latent64_win15_bins16.pt,38,0.008895566663860799,0.881678885306711
orbiting_rings,GeoAE,0,64,models/orbiting_rings_geoae_lam0.1/latent_tda_features/seed0_test_T50_B128_H64_W64_latent64_win15_bins16.pt,39,0.008438470648626118,0.8901173559553371
orbiting_rings,GeoAE,0,64,models/orbiting_rings_geoae_lam0.1/latent_tda_features/seed0_test_T50_B128_H64_W64_latent64_win15_bins16.pt,40,0.008190342786399785,0.8983076987417369
orbiting_rings,GeoAE,0,64,models/orbiting_rings_geoae_lam0.1/latent_tda_features/seed0_test_T50_B128_H64_W64_latent64_win15_bins16.pt,41,0.007350265823190125,0.905657964564927
orbiting_rings,GeoAE,0,64,models/orbiting_rings_geoae_lam0.1/latent_tda_features/seed0_test_T50_B128_H64_W64_latent64_win15_bins16.pt,42,0.006926864438968462,0.9125848290038955
orbiting_rings,GeoAE,0,64,models/orbiting_rings_geoae_lam0.1/latent_tda_features/seed0_test_T50_B128_H64_W64_latent64_win15_bins16.pt,43,0.006579980527743749,0.9191648095316393
orbiting_rings,GeoAE,0,64,models/orbiting_rings_geoae_lam0.1/latent_tda_features/seed0_test_T50_B128_H64_W64_latent64_win15_bins16.pt,44,0.006101905989757438,0.9252667155213967
orbiting_rings,GeoAE,0,64,models/orbiting_rings_geoae_lam0.1/latent_tda_features/seed0_test_T50_B128_H64_W64_latent64_win15_bins16.pt,45,0.005985553079442205,0.9312522686008389
orbiting_rings,GeoAE,0,64,models/orbiting_rings_geoae_lam0.1/latent_tda_features/seed0_test_T50_B128_H64_W64_latent64_win15_bins16.pt,46,0.005638486916077183,0.936890755516916
orbiting_rings,GeoAE,0,64,models/orbiting_rings_geoae_lam0.1/latent_tda_features/seed0_test_T50_B128_H64_W64_latent64_win15_bins16.pt,47,0.005499363640381575,0.9423901191572976
orbiting_rings,GeoAE,0,64,models/orbiting_rings_geoae_lam0.1/latent_tda_features/seed0_test_T50_B128_H64_W64_latent64_win15_bins16.pt,48,0.005131204211047417,0.947521323368345
orbiting_rings,GeoAE,0,64,models/orbiting_rings_geoae_lam0.1/latent_tda_features/seed0_test_T50_B128_H64_W64_latent64_win15_bins16.pt,49,0.004939256895482577,0.9524605802638276
orbiting_rings,GeoAE,0,64,models/orbiting_rings_geoae_lam0.1/latent_tda_features/seed0_test_T50_B128_H64_W64_latent64_win15_bins16.pt,50,0.004810568898457762,0.9572711491622854
orbiting_rings,GeoAE,0,64,models/orbiting_rings_geoae_lam0.1/latent_tda_features/seed0_test_T50_B128_H64_W64_latent64_win15_bins16.pt,51,0.0046412963386366565,0.961912445500922
orbiting_rings,GeoAE,0,64,models/orbiting_rings_geoae_lam0.1/latent_tda_features/seed0_test_T50_B128_H64_W64_latent64_win15_bins16.pt,52,0.004433347969177137,0.9663457934700992
orbiting_rings,GeoAE,0,64,models/orbiting_rings_geoae_lam0.1/latent_tda_features/seed0_test_T50_B128_H64_W64_latent64_win15_bins16.pt,53,0.004348840852744053,0.9706946343228432
orbiting_rings,GeoAE,0,64,models/orbiting_rings_geoae_lam0.1/latent_tda_features/seed0_test_T50_B128_H64_W64_latent64_win15_bins16.pt,54,0.004087618244305694,0.9747822525671489
orbiting_rings,GeoAE,0,64,models/orbiting_rings_geoae_lam0.1/latent_tda_features/seed0_test_T50_B128_H64_W64_latent64_win15_bins16.pt,55,0.003765090459089314,0.9785473430262382
orbiting_rings,GeoAE,0,64,models/orbiting_rings_geoae_lam0.1/latent_tda_features/seed0_test_T50_B128_H64_W64_latent64_win15_bins16.pt,56,0.0032923206892914317,0.9818396637155297
orbiting_rings,GeoAE,0,64,models/orbiting_rings_geoae_lam0.1/latent_tda_features/seed0_test_T50_B128_H64_W64_latent64_win15_bins16.pt,57,0.0030168786785860885,0.9848565423941158
orbiting_rings,GeoAE,0,64,models/orbiting_rings_geoae_lam0.1/latent_tda_features/seed0_test_T50_B128_H64_W64_latent64_win15_bins16.pt,58,0.002709852651295271,0.9875663950454111
orbiting_rings,GeoAE,0,64,models/orbiting_rings_geoae_lam0.1/latent_tda_features/seed0_test_T50_B128_H64_W64_latent64_win15_bins16.pt,59,0.002607800294067796,0.9901741953394789
orbiting_rings,GeoAE,0,64,models/orbiting_rings_geoae_lam0.1/latent_tda_features/seed0_test_T50_B128_H64_W64_latent64_win15_bins16.pt,60,0.0024049364443321205,0.9925791317838111
orbiting_rings,GeoAE,0,64,models/orbiting_rings_geoae_lam0.1/latent_tda_features/seed0_test_T50_B128_H64_W64_latent64_win15_bins16.pt,61,0.002154498544645506,0.9947336303284566
orbiting_rings,GeoAE,0,64,models/orbiting_rings_geoae_lam0.1/latent_tda_features/seed0_test_T50_B128_H64_W64_latent64_win15_bins16.pt,62,0.0019233085101457484,0.9966569388386024
orbiting_rings,GeoAE,0,64,models/orbiting_rings_geoae_lam0.1/latent_tda_features/seed0_test_T50_B128_H64_W64_latent64_win15_bins16.pt,63,0.0018678295776677035,0.9985247684162701
orbiting_rings,GeoAE,0,64,models/orbiting_rings_geoae_lam0.1/latent_tda_features/seed0_test_T50_B128_H64_W64_latent64_win15_bins16.pt,64,0.001475231583729944,1.0
orbiting_rings,TopoAE,0,64,models/orbiting_rings_topoae_lam0.1_signature/latent_tda_features/seed0_test_T50_B128_H64_W64_latent64_win15_bins16.pt,1,0.23300428352541855,0.23300428352541855
orbiting_rings,TopoAE,0,64,models/orbiting_rings_topoae_lam0.1_signature/latent_tda_features/seed0_test_T50_B128_H64_W64_latent64_win15_bins16.pt,2,0.2210875985977036,0.4540918821231221
orbiting_rings,TopoAE,0,64,models/orbiting_rings_topoae_lam0.1_signature/latent_tda_features/seed0_test_T50_B128_H64_W64_latent64_win15_bins16.pt,3,0.18513214013437054,0.6392240222574926
orbiting_rings,TopoAE,0,64,models/orbiting_rings_topoae_lam0.1_signature/latent_tda_features/seed0_test_T50_B128_H64_W64_latent64_win15_bins16.pt,4,0.1721965814581136,0.8114206037156062
orbiting_rings,TopoAE,0,64,models/orbiting_rings_topoae_lam0.1_signature/latent_tda_features/seed0_test_T50_B128_H64_W64_latent64_win15_bins16.pt,5,0.07280108922946608,0.8842216929450722
orbiting_rings,TopoAE,0,64,models/orbiting_rings_topoae_lam0.1_signature/latent_tda_features/seed0_test_T50_B128_H64_W64_latent64_win15_bins16.pt,6,0.0445558098523445,0.9287775027974168
orbiting_rings,TopoAE,0,64,models/orbiting_rings_topoae_lam0.1_signature/latent_tda_features/seed0_test_T50_B128_H64_W64_latent64_win15_bins16.pt,7,0.028813616716282072,0.9575911195136988
orbiting_rings,TopoAE,0,64,models/orbiting_rings_topoae_lam0.1_signature/latent_tda_features/seed0_test_T50_B128_H64_W64_latent64_win15_bins16.pt,8,0.023940713887178108,0.9815318334008769
orbiting_rings,TopoAE,0,64,models/orbiting_rings_topoae_lam0.1_signature/latent_tda_features/seed0_test_T50_B128_H64_W64_latent64_win15_bins16.pt,9,0.009488126397942285,0.9910199597988192
orbiting_rings,TopoAE,0,64,models/orbiting_rings_topoae_lam0.1_signature/latent_tda_features/seed0_test_T50_B128_H64_W64_latent64_win15_bins16.pt,10,0.006395682302595715,0.9974156421014149
orbiting_rings,TopoAE,0,64,models/orbiting_rings_topoae_lam0.1_signature/latent_tda_features/seed0_test_T50_B128_H64_W64_latent64_win15_bins16.pt,11,0.0018430069712891662,0.999258649072704
orbiting_rings,TopoAE,0,64,models/orbiting_rings_topoae_lam0.1_signature/latent_tda_features/seed0_test_T50_B128_H64_W64_latent64_win15_bins16.pt,12,0.0006464165247727583,0.9999050655974767
orbiting_rings,TopoAE,0,64,models/orbiting_rings_topoae_lam0.1_signature/latent_tda_features/seed0_test_T50_B128_H64_W64_latent64_win15_bins16.pt,13,6.544925758464483e-05,0.9999705148550614
orbiting_rings,TopoAE,0,64,models/orbiting_rings_topoae_lam0.1_signature/latent_tda_features/seed0_test_T50_B128_H64_W64_latent64_win15_bins16.pt,14,1.0434875118909996e-05,0.9999809497301803
orbiting_rings,TopoAE,0,64,models/orbiting_rings_topoae_lam0.1_signature/latent_tda_features/seed0_test_T50_B128_H64_W64_latent64_win15_bins16.pt,15,6.250983878391223e-06,0.9999872007140587
orbiting_rings,TopoAE,0,64,models/orbiting_rings_topoae_lam0.1_signature/latent_tda_features/seed0_test_T50_B128_H64_W64_latent64_win15_bins16.pt,16,3.0669460617359237e-06,0.9999902676601204
orbiting_rings,TopoAE,0,64,models/orbiting_rings_topoae_lam0.1_signature/latent_tda_features/seed0_test_T50_B128_H64_W64_latent64_win15_bins16.pt,17,2.8142500357427505e-06,0.9999930819101562
orbiting_rings,TopoAE,0,64,models/orbiting_rings_topoae_lam0.1_signature/latent_tda_features/seed0_test_T50_B128_H64_W64_latent64_win15_bins16.pt,18,1.633100206867918e-06,0.9999947150103631
orbiting_rings,TopoAE,0,64,models/orbiting_rings_topoae_lam0.1_signature/latent_tda_features/seed0_test_T50_B128_H64_W64_latent64_win15_bins16.pt,19,1.0142584265744473e-06,0.9999957292687897
orbiting_rings,TopoAE,0,64,models/orbiting_rings_topoae_lam0.1_signature/latent_tda_features/seed0_test_T50_B128_H64_W64_latent64_win15_bins16.pt,20,5.906671437600413e-07,0.9999963199359334
orbiting_rings,TopoAE,0,64,models/orbiting_rings_topoae_lam0.1_signature/latent_tda_features/seed0_test_T50_B128_H64_W64_latent64_win15_bins16.pt,21,5.148541317807258e-07,0.9999968347900652
orbiting_rings,TopoAE,0,64,models/orbiting_rings_topoae_lam0.1_signature/latent_tda_features/seed0_test_T50_B128_H64_W64_latent64_win15_bins16.pt,22,4.6439190768102516e-07,0.9999972991819729
orbiting_rings,TopoAE,0,64,models/orbiting_rings_topoae_lam0.1_signature/latent_tda_features/seed0_test_T50_B128_H64_W64_latent64_win15_bins16.pt,23,3.700554033814887e-07,0.9999976692373763
orbiting_rings,TopoAE,0,64,models/orbiting_rings_topoae_lam0.1_signature/latent_tda_features/seed0_test_T50_B128_H64_W64_latent64_win15_bins16.pt,24,3.4313064258632455e-07,0.9999980123680189
orbiting_rings,TopoAE,0,64,models/orbiting_rings_topoae_lam0.1_signature/latent_tda_features/seed0_test_T50_B128_H64_W64_latent64_win15_bins16.pt,25,2.584720501901802e-07,0.9999982708400691
orbiting_rings,TopoAE,0,64,models/orbiting_rings_topoae_lam0.1_signature/latent_tda_features/seed0_test_T50_B128_H64_W64_latent64_win15_bins16.pt,26,2.1678219978276445e-07,0.9999984876222688
orbiting_rings,TopoAE,0,64,models/orbiting_rings_topoae_lam0.1_signature/latent_tda_features/seed0_test_T50_B128_H64_W64_latent64_win15_bins16.pt,27,1.8424719980539045e-07,0.9999986718694687
orbiting_rings,TopoAE,0,64,models/orbiting_rings_topoae_lam0.1_signature/latent_tda_features/seed0_test_T50_B128_H64_W64_latent64_win15_bins16.pt,28,1.8107250995125883e-07,0.9999988529419787
orbiting_rings,TopoAE,0,64,models/orbiting_rings_topoae_lam0.1_signature/latent_tda_features/seed0_test_T50_B128_H64_W64_latent64_win15_bins16.pt,29,1.2839448430494847e-07,0.9999989813364629
orbiting_rings,TopoAE,0,64,models/orbiting_rings_topoae_lam0.1_signature/latent_tda_features/seed0_test_T50_B128_H64_W64_latent64_win15_bins16.pt,30,1.1305905717631929e-07,0.9999990943955201
orbiting_rings,TopoAE,0,64,models/orbiting_rings_topoae_lam0.1_signature/latent_tda_features/seed0_test_T50_B128_H64_W64_latent64_win15_bins16.pt,31,9.484888960404242e-08,0.9999991892444098
orbiting_rings,TopoAE,0,64,models/orbiting_rings_topoae_lam0.1_signature/latent_tda_features/seed0_test_T50_B128_H64_W64_latent64_win15_bins16.pt,32,7.733114570450334e-08,0.9999992665755555
orbiting_rings,TopoAE,0,64,models/orbiting_rings_topoae_lam0.1_signature/latent_tda_features/seed0_test_T50_B128_H64_W64_latent64_win15_bins16.pt,33,6.790323983938034e-08,0.9999993344787953
orbiting_rings,TopoAE,0,64,models/orbiting_rings_topoae_lam0.1_signature/latent_tda_features/seed0_test_T50_B128_H64_W64_latent64_win15_bins16.pt,34,6.430822185764275e-08,0.9999993987870172
orbiting_rings,TopoAE,0,64,models/orbiting_rings_topoae_lam0.1_signature/latent_tda_features/seed0_test_T50_B128_H64_W64_latent64_win15_bins16.pt,35,5.522737083664991e-08,0.999999454014388
orbiting_rings,TopoAE,0,64,models/orbiting_rings_topoae_lam0.1_signature/latent_tda_features/seed0_test_T50_B128_H64_W64_latent64_win15_bins16.pt,36,4.847417222245714e-08,0.9999995024885602
orbiting_rings,TopoAE,0,64,models/orbiting_rings_topoae_lam0.1_signature/latent_tda_features/seed0_test_T50_B128_H64_W64_latent64_win15_bins16.pt,37,4.53044391312709e-08,0.9999995477929993
orbiting_rings,TopoAE,0,64,models/orbiting_rings_topoae_lam0.1_signature/latent_tda_features/seed0_test_T50_B128_H64_W64_latent64_win15_bins16.pt,38,3.958906997473671e-08,0.9999995873820693
orbiting_rings,TopoAE,0,64,models/orbiting_rings_topoae_lam0.1_signature/latent_tda_features/seed0_test_T50_B128_H64_W64_latent64_win15_bins16.pt,39,3.6907042455385454e-08,0.9999996242891117
orbiting_rings,TopoAE,0,64,models/orbiting_rings_topoae_lam0.1_signature/latent_tda_features/seed0_test_T50_B128_H64_W64_latent64_win15_bins16.pt,40,3.2478953716035355e-08,0.9999996567680655
orbiting_rings,TopoAE,0,64,models/orbiting_rings_topoae_lam0.1_signature/latent_tda_features/seed0_test_T50_B128_H64_W64_latent64_win15_bins16.pt,41,3.0177539157568155e-08,0.9999996869456046
orbiting_rings,TopoAE,0,64,models/orbiting_rings_topoae_lam0.1_signature/latent_tda_features/seed0_test_T50_B128_H64_W64_latent64_win15_bins16.pt,42,2.9626226004918978e-08,0.9999997165718306
orbiting_rings,TopoAE,0,64,models/orbiting_rings_topoae_lam0.1_signature/latent_tda_features/seed0_test_T50_B128_H64_W64_latent64_win15_bins16.pt,43,2.7245184853671005e-08,0.9999997438170155
orbiting_rings,TopoAE,0,64,models/orbiting_rings_topoae_lam0.1_signature/latent_tda_features/seed0_test_T50_B128_H64_W64_latent64_win15_bins16.pt,44,2.3190826309624777e-08,0.9999997670078418
orbiting_rings,TopoAE,0,64,models/orbiting_rings_topoae_lam0.1_signature/latent_tda_features/seed0_test_T50_B128_H64_W64_latent64_win15_bins16.pt,45,2.1284147289661502e-08,0.9999997882919891
orbiting_rings,TopoAE,0,64,models/orbiting_rings_topoae_lam0.1_signature/latent_tda_features/seed0_test_T50_B128_H64_W64_latent64_win15_bins16.pt,46,2.0555394712352665e-08,0.9999998088473838
orbiting_rings,TopoAE,0,64,models/orbiting_rings_topoae_lam0.1_signature/latent_tda_features/seed0_test_T50_B128_H64_W64_latent64_win15_bins16.pt,47,1.9457355550143443e-08,0.9999998283047393
orbiting_rings,TopoAE,0,64,models/orbiting_rings_topoae_lam0.1_signature/latent_tda_features/seed0_test_T50_B128_H64_W64_latent64_win15_bins16.pt,48,1.7088814994609673e-08,0.9999998453935544
orbiting_rings,TopoAE,0,64,models/orbiting_rings_topoae_lam0.1_signature/latent_tda_features/seed0_test_T50_B128_H64_W64_latent64_win15_bins16.pt,49,1.5828777413711036e-08,0.9999998612223318
orbiting_rings,TopoAE,0,64,models/orbiting_rings_topoae_lam0.1_signature/latent_tda_features/seed0_test_T50_B128_H64_W64_latent64_win15_bins16.pt,50,1.4703343935044802e-08,0.9999998759256757
orbiting_rings,TopoAE,0,64,models/orbiting_rings_topoae_lam0.1_signature/latent_tda_features/seed0_test_T50_B128_H64_W64_latent64_win15_bins16.pt,51,1.363616452936448e-08,0.9999998895618403
orbiting_rings,TopoAE,0,64,models/orbiting_rings_topoae_lam0.1_signature/latent_tda_features/seed0_test_T50_B128_H64_W64_latent64_win15_bins16.pt,52,1.3378552977938155e-08,0.9999999029403932
orbiting_rings,TopoAE,0,64,models/orbiting_rings_topoae_lam0.1_signature/latent_tda_features/seed0_test_T50_B128_H64_W64_latent64_win15_bins16.pt,53,1.2627518102674795e-08,0.9999999155679113
orbiting_rings,TopoAE,0,64,models/orbiting_rings_topoae_lam0.1_signature/latent_tda_features/seed0_test_T50_B128_H64_W64_latent64_win15_bins16.pt,54,1.2015340329586624e-08,0.9999999275832516
orbiting_rings,TopoAE,0,64,models/orbiting_rings_topoae_lam0.1_signature/latent_tda_features/seed0_test_T50_B128_H64_W64_latent64_win15_bins16.pt,55,1.1066495010452686e-08,0.9999999386497467
orbiting_rings,TopoAE,0,64,models/orbiting_rings_topoae_lam0.1_signature/latent_tda_features/seed0_test_T50_B128_H64_W64_latent64_win15_bins16.pt,56,9.071062357910292e-09,0.999999947720809
orbiting_rings,TopoAE,0,64,models/orbiting_rings_topoae_lam0.1_signature/latent_tda_features/seed0_test_T50_B128_H64_W64_latent64_win15_bins16.pt,57,8.772397289509641e-09,0.9999999564932063
orbiting_rings,TopoAE,0,64,models/orbiting_rings_topoae_lam0.1_signature/latent_tda_features/seed0_test_T50_B128_H64_W64_latent64_win15_bins16.pt,58,8.141083452522505e-09,0.9999999646342898
orbiting_rings,TopoAE,0,64,models/orbiting_rings_topoae_lam0.1_signature/latent_tda_features/seed0_test_T50_B128_H64_W64_latent64_win15_bins16.pt,59,7.285295515666077e-09,0.9999999719195852
orbiting_rings,TopoAE,0,64,models/orbiting_rings_topoae_lam0.1_signature/latent_tda_features/seed0_test_T50_B128_H64_W64_latent64_win15_bins16.pt,60,6.8561687364312365e-09,0.999999978775754
orbiting_rings,TopoAE,0,64,models/orbiting_rings_topoae_lam0.1_signature/latent_tda_features/seed0_test_T50_B128_H64_W64_latent64_win15_bins16.pt,61,6.404260767371368e-09,0.9999999851800148
orbiting_rings,TopoAE,0,64,models/orbiting_rings_topoae_lam0.1_signature/latent_tda_features/seed0_test_T50_B128_H64_W64_latent64_win15_bins16.pt,62,5.616982213378329e-09,0.999999990796997
orbiting_rings,TopoAE,0,64,models/orbiting_rings_topoae_lam0.1_signature/latent_tda_features/seed0_test_T50_B128_H64_W64_latent64_win15_bins16.pt,63,4.944839881570933e-09,0.9999999957418368
orbiting_rings,TopoAE,0,64,models/orbiting_rings_topoae_lam0.1_signature/latent_tda_features/seed0_test_T50_B128_H64_W64_latent64_win15_bins16.pt,64,4.258162980589081e-09,0.9999999999999998
moving_mnist,AE,0,48,models/moving_mnist/latent_tda_features/seed0_test_T20_B128_H64_W64_latent48_win15_bins16.pt,1,0.8412589946928433,0.8412589946928433
moving_mnist,AE,0,48,models/moving_mnist/latent_tda_features/seed0_test_T20_B128_H64_W64_latent48_win15_bins16.pt,2,0.0567568916625196,0.8980158863553629
moving_mnist,AE,0,48,models/moving_mnist/latent_tda_features/seed0_test_T20_B128_H64_W64_latent48_win15_bins16.pt,3,0.03730607344064638,0.9353219597960093
moving_mnist,AE,0,48,models/moving_mnist/latent_tda_features/seed0_test_T20_B128_H64_W64_latent48_win15_bins16.pt,4,0.02165381192281141,0.9569757717188208
moving_mnist,AE,0,48,models/moving_mnist/latent_tda_features/seed0_test_T20_B128_H64_W64_latent48_win15_bins16.pt,5,0.012645906074037304,0.969621677792858
moving_mnist,AE,0,48,models/moving_mnist/latent_tda_features/seed0_test_T20_B128_H64_W64_latent48_win15_bins16.pt,6,0.0109368321677817,0.9805585099606398
moving_mnist,AE,0,48,models/moving_mnist/latent_tda_features/seed0_test_T20_B128_H64_W64_latent48_win15_bins16.pt,7,0.005178582003788474,0.9857370919644283
moving_mnist,AE,0,48,models/moving_mnist/latent_tda_features/seed0_test_T20_B128_H64_W64_latent48_win15_bins16.pt,8,0.004071259620941693,0.98980835158537
moving_mnist,AE,0,48,models/moving_mnist/latent_tda_features/seed0_test_T20_B128_H64_W64_latent48_win15_bins16.pt,9,0.0029635562517653807,0.9927719078371353
moving_mnist,AE,0,48,models/moving_mnist/latent_tda_features/seed0_test_T20_B128_H64_W64_latent48_win15_bins16.pt,10,0.00214088558927298,0.9949127934264083
moving_mnist,AE,0,48,models/moving_mnist/latent_tda_features/seed0_test_T20_B128_H64_W64_latent48_win15_bins16.pt,11,0.0018306938910761588,0.9967434873174844
moving_mnist,AE,0,48,models/moving_mnist/latent_tda_features/seed0_test_T20_B128_H64_W64_latent48_win15_bins16.pt,12,0.0012267417921831975,0.9979702291096676
moving_mnist,AE,0,48,models/moving_mnist/latent_tda_features/seed0_test_T20_B128_H64_W64_latent48_win15_bins16.pt,13,0.0007922293207032576,0.9987624584303708
moving_mnist,AE,0,48,models/moving_mnist/latent_tda_features/seed0_test_T20_B128_H64_W64_latent48_win15_bins16.pt,14,0.0005387912333227391,0.9993012496636936
moving_mnist,AE,0,48,models/moving_mnist/latent_tda_features/seed0_test_T20_B128_H64_W64_latent48_win15_bins16.pt,15,0.0003036028825092754,0.9996048525462029
moving_mnist,AE,0,48,models/moving_mnist/latent_tda_features/seed0_test_T20_B128_H64_W64_latent48_win15_bins16.pt,16,8.678193893123544e-05,0.9996916344851341
moving_mnist,AE,0,48,models/moving_mnist/latent_tda_features/seed0_test_T20_B128_H64_W64_latent48_win15_bins16.pt,17,5.801956971529039e-05,0.9997496540548494
moving_mnist,AE,0,48,models/moving_mnist/latent_tda_features/seed0_test_T20_B128_H64_W64_latent48_win15_bins16.pt,18,4.7599815618258996e-05,0.9997972538704677
moving_mnist,AE,0,48,models/moving_mnist/latent_tda_features/seed0_test_T20_B128_H64_W64_latent48_win15_bins16.pt,19,2.3369292234415638e-05,0.9998206231627021
moving_mnist,AE,0,48,models/moving_mnist/latent_tda_features/seed0_test_T20_B128_H64_W64_latent48_win15_bins16.pt,20,1.6727741532340578e-05,0.9998373509042345
moving_mnist,AE,0,48,models/moving_mnist/latent_tda_features/seed0_test_T20_B128_H64_W64_latent48_win15_bins16.pt,21,1.5887877435981808e-05,0.9998532387816705
moving_mnist,AE,0,48,models/moving_mnist/latent_tda_features/seed0_test_T20_B128_H64_W64_latent48_win15_bins16.pt,22,1.3100532042682146e-05,0.9998663393137133
moving_mnist,AE,0,48,models/moving_mnist/latent_tda_features/seed0_test_T20_B128_H64_W64_latent48_win15_bins16.pt,23,1.1294957871383601e-05,0.9998776342715846
moving_mnist,AE,0,48,models/moving_mnist/latent_tda_features/seed0_test_T20_B128_H64_W64_latent48_win15_bins16.pt,24,1.0614980089001266e-05,0.9998882492516736
moving_mnist,AE,0,48,models/moving_mnist/latent_tda_features/seed0_test_T20_B128_H64_W64_latent48_win15_bins16.pt,25,9.588654825041654e-06,0.9998978379064987
moving_mnist,AE,0,48,models/moving_mnist/latent_tda_features/seed0_test_T20_B128_H64_W64_latent48_win15_bins16.pt,26,8.466194122828411e-06,0.9999063041006215
moving_mnist,AE,0,48,models/moving_mnist/latent_tda_features/seed0_test_T20_B128_H64_W64_latent48_win15_bins16.pt,27,8.044142437455253e-06,0.999914348243059
moving_mnist,AE,0,48,models/moving_mnist/latent_tda_features/seed0_test_T20_B128_H64_W64_latent48_win15_bins16.pt,28,7.633513054736385e-06,0.9999219817561138
moving_mnist,AE,0,48,models/moving_mnist/latent_tda_features/seed0_test_T20_B128_H64_W64_latent48_win15_bins16.pt,29,7.269069824681963e-06,0.9999292508259385
moving_mnist,AE,0,48,models/moving_mnist/latent_tda_features/seed0_test_T20_B128_H64_W64_latent48_win15_bins16.pt,30,6.4340115462246305e-06,0.9999356848374847
moving_mnist,AE,0,48,models/moving_mnist/latent_tda_features/seed0_test_T20_B128_H64_W64_latent48_win15_bins16.pt,31,5.864557945991692e-06,0.9999415493954308
moving_mnist,AE,0,48,models/moving_mnist/latent_tda_features/seed0_test_T20_B128_H64_W64_latent48_win15_bins16.pt,32,5.458903301479097e-06,0.9999470082987323
moving_mnist,AE,0,48,models/moving_mnist/latent_tda_features/seed0_test_T20_B128_H64_W64_latent48_win15_bins16.pt,33,5.155762312719944e-06,0.999952164061045
moving_mnist,AE,0,48,models/moving_mnist/latent_tda_features/seed0_test_T20_B128_H64_W64_latent48_win15_bins16.pt,34,5.047614367429689e-06,0.9999572116754125
moving_mnist,AE,0,48,models/moving_mnist/latent_tda_features/seed0_test_T20_B128_H64_W64_latent48_win15_bins16.pt,35,4.737182644209112e-06,0.9999619488580567
moving_mnist,AE,0,48,models/moving_mnist/latent_tda_features/seed0_test_T20_B128_H64_W64_latent48_win15_bins16.pt,36,4.351397422842873e-06,0.9999663002554795
moving_mnist,AE,0,48,models/moving_mnist/latent_tda_features/seed0_test_T20_B128_H64_W64_latent48_win15_bins16.pt,37,3.989439613237118e-06,0.9999702896950927
moving_mnist,AE,0,48,models/moving_mnist/latent_tda_features/seed0_test_T20_B128_H64_W64_latent48_win15_bins16.pt,38,3.749027052441814e-06,0.9999740387221452
moving_mnist,AE,0,48,models/moving_mnist/latent_tda_features/seed0_test_T20_B128_H64_W64_latent48_win15_bins16.pt,39,3.5767277392183976e-06,0.9999776154498844
moving_mnist,AE,0,48,models/moving_mnist/latent_tda_features/seed0_test_T20_B128_H64_W64_latent48_win15_bins16.pt,40,3.257658495770507e-06,0.9999808731083801
moving_mnist,AE,0,48,models/moving_mnist/latent_tda_features/seed0_test_T20_B128_H64_W64_latent48_win15_bins16.pt,41,3.0136520024509974e-06,0.9999838867603826
moving_mnist,AE,0,48,models/moving_mnist/latent_tda_features/seed0_test_T20_B128_H64_W64_latent48_win15_bins16.pt,42,2.9037218708724445e-06,0.9999867904822535
moving_mnist,AE,0,48,models/moving_mnist/latent_tda_features/seed0_test_T20_B128_H64_W64_latent48_win15_bins16.pt,43,2.610078148104246e-06,0.9999894005604015
moving_mnist,AE,0,48,models/moving_mnist/latent_tda_features/seed0_test_T20_B128_H64_W64_latent48_win15_bins16.pt,44,2.4648242245205804e-06,0.999991865384626
moving_mnist,AE,0,48,models/moving_mnist/latent_tda_features/seed0_test_T20_B128_H64_W64_latent48_win15_bins16.pt,45,2.2066779516178637e-06,0.9999940720625776
moving_mnist,AE,0,48,models/moving_mnist/latent_tda_features/seed0_test_T20_B128_H64_W64_latent48_win15_bins16.pt,46,2.0583253743335986e-06,0.999996130387952
moving_mnist,AE,0,48,models/moving_mnist/latent_tda_features/seed0_test_T20_B128_H64_W64_latent48_win15_bins16.pt,47,2.0165735722902402e-06,0.9999981469615242
moving_mnist,AE,0,48,models/moving_mnist/latent_tda_features/seed0_test_T20_B128_H64_W64_latent48_win15_bins16.pt,48,1.8530384760486458e-06,1.0000000000000002
moving_mnist,GeoAE,0,48,models/moving_mnist_geoae_lam0.1/latent_tda_features/seed0_test_T20_B128_H64_W64_latent48_win15_bins16.pt,1,0.25833267738921967,0.25833267738921967
moving_mnist,GeoAE,0,48,models/moving_mnist_geoae_lam0.1/latent_tda_features/seed0_test_T20_B128_H64_W64_latent48_win15_bins16.pt,2,0.09929585554259326,0.35762853293181296
moving_mnist,GeoAE,0,48,models/moving_mnist_geoae_lam0.1/latent_tda_features/seed0_test_T20_B128_H64_W64_latent48_win15_bins16.pt,3,0.08188678893208572,0.4395153218638987
moving_mnist,GeoAE,0,48,models/moving_mnist_geoae_lam0.1/latent_tda_features/seed0_test_T20_B128_H64_W64_latent48_win15_bins16.pt,4,0.07089453132643815,0.5104098531903368
moving_mnist,GeoAE,0,48,models/moving_mnist_geoae_lam0.1/latent_tda_features/seed0_test_T20_B128_H64_W64_latent48_win15_bins16.pt,5,0.058838641044085295,0.5692484942344221
moving_mnist,GeoAE,0,48,models/moving_mnist_geoae_lam0.1/latent_tda_features/seed0_test_T20_B128_H64_W64_latent48_win15_bins16.pt,6,0.05481737805456202,0.6240658722889841
moving_mnist,GeoAE,0,48,models/moving_mnist_geoae_lam0.1/latent_tda_features/seed0_test_T20_B128_H64_W64_latent48_win15_bins16.pt,7,0.04123554299286889,0.665301415281853
moving_mnist,GeoAE,0,48,models/moving_mnist_geoae_lam0.1/latent_tda_features/seed0_test_T20_B128_H64_W64_latent48_win15_bins16.pt,8,0.03842253422440311,0.7037239495062562
moving_mnist,GeoAE,0,48,models/moving_mnist_geoae_lam0.1/latent_tda_features/seed0_test_T20_B128_H64_W64_latent48_win15_bins16.pt,9,0.03367920877355557,0.7374031582798117
moving_mnist,GeoAE,0,48,models/moving_mnist_geoae_lam0.1/latent_tda_features/seed0_test_T20_B128_H64_W64_latent48_win15_bins16.pt,10,0.024491215646665926,0.7618943739264776
moving_mnist,GeoAE,0,48,models/moving_mnist_geoae_lam0.1/latent_tda_features/seed0_test_T20_B128_H64_W64_latent48_win15_bins16.pt,11,0.021504367814930602,0.7833987417414082
moving_mnist,GeoAE,0,48,models/moving_mnist_geoae_lam0.1/latent_tda_features/seed0_test_T20_B128_H64_W64_latent48_win15_bins16.pt,12,0.019360592929871082,0.8027593346712794
moving_mnist,GeoAE,0,48,models/moving_mnist_geoae_lam0.1/latent_tda_features/seed0_test_T20_B128_H64_W64_latent48_win15_bins16.pt,13,0.01736725957404188,0.8201265942453212
moving_mnist,GeoAE,0,48,models/moving_mnist_geoae_lam0.1/latent_tda_features/seed0_test_T20_B128_H64_W64_latent48_win15_bins16.pt,14,0.014928041948695625,0.8350546361940168
moving_mnist,GeoAE,0,48,models/moving_mnist_geoae_lam0.1/latent_tda_features/seed0_test_T20_B128_H64_W64_latent48_win15_bins16.pt,15,0.01290567959688141,0.8479603157908981
moving_mnist,GeoAE,0,48,models/moving_mnist_geoae_lam0.1/latent_tda_features/seed0_test_T20_B128_H64_W64_latent48_win15_bins16.pt,16,0.011982735590305412,0.8599430513812035
moving_mnist,GeoAE,0,48,models/moving_mnist_geoae_lam0.1/latent_tda_features/seed0_test_T20_B128_H64_W64_latent48_win15_bins16.pt,17,0.011459863793241048,0.8714029151744446
moving_mnist,GeoAE,0,48,models/moving_mnist_geoae_lam0.1/latent_tda_features/seed0_test_T20_B128_H64_W64_latent48_win15_bins16.pt,18,0.009543259376258675,0.8809461745507032
moving_mnist,GeoAE,0,48,models/moving_mnist_geoae_lam0.1/latent_tda_features/seed0_test_T20_B128_H64_W64_latent48_win15_bins16.pt,19,0.009390599011725611,0.8903367735624288
moving_mnist,GeoAE,0,48,models/moving_mnist_geoae_lam0.1/latent_tda_features/seed0_test_T20_B128_H64_W64_latent48_win15_bins16.pt,20,0.00896617180600101,0.8993029453684298
moving_mnist,GeoAE,0,48,models/moving_mnist_geoae_lam0.1/latent_tda_features/seed0_test_T20_B128_H64_W64_latent48_win15_bins16.pt,21,0.0076342944243040795,0.9069372397927339
moving_mnist,GeoAE,0,48,models/moving_mnist_geoae_lam0.1/latent_tda_features/seed0_test_T20_B128_H64_W64_latent48_win15_bins16.pt,22,0.0074889787132680725,0.9144262185060019
moving_mnist,GeoAE,0,48,models/moving_mnist_geoae_lam0.1/latent_tda_features/seed0_test_T20_B128_H64_W64_latent48_win15_bins16.pt,23,0.007030982084082024,0.921457200590084
moving_mnist,GeoAE,0,48,models/moving_mnist_geoae_lam0.1/latent_tda_features/seed0_test_T20_B128_H64_W64_latent48_win15_bins16.pt,24,0.006622925497934694,0.9280801260880186
moving_mnist,GeoAE,0,48,models/moving_mnist_geoae_lam0.1/latent_tda_features/seed0_test_T20_B128_H64_W64_latent48_win15_bins16.pt,25,0.005898358307873961,0.9339784843958926
moving_mnist,GeoAE,0,48,models/moving_mnist_geoae_lam0.1/latent_tda_features/seed0_test_T20_B128_H64_W64_latent48_win15_bins16.pt,26,0.005381424409451369,0.9393599088053439
moving_mnist,GeoAE,0,48,models/moving_mnist_geoae_lam0.1/latent_tda_features/seed0_test_T20_B128_H64_W64_latent48_win15_bins16.pt,27,0.0049638108510239925,0.944323719656368
moving_mnist,GeoAE,0,48,models/moving_mnist_geoae_lam0.1/latent_tda_features/seed0_test_T20_B128_H64_W64_latent48_win15_bins16.pt,28,0.004649684524972806,0.9489734041813408
moving_mnist,GeoAE,0,48,models/moving_mnist_geoae_lam0.1/latent_tda_features/seed0_test_T20_B128_H64_W64_latent48_win15_bins16.pt,29,0.004451358518084515,0.9534247626994253
moving_mnist,GeoAE,0,48,models/moving_mnist_geoae_lam0.1/latent_tda_features/seed0_test_T20_B128_H64_W64_latent48_win15_bins16.pt,30,0.004224664468587841,0.9576494271680132
moving_mnist,GeoAE,0,48,models/moving_mnist_geoae_lam0.1/latent_tda_features/seed0_test_T20_B128_H64_W64_latent48_win15_bins16.pt,31,0.003941605498796216,0.9615910326668093
moving_mnist,GeoAE,0,48,models/moving_mnist_geoae_lam0.1/latent_tda_features/seed0_test_T20_B128_H64_W64_latent48_win15_bins16.pt,32,0.003522016145325376,0.9651130488121347
moving_mnist,GeoAE,0,48,models/moving_mnist_geoae_lam0.1/latent_tda_features/seed0_test_T20_B128_H64_W64_latent48_win15_bins16.pt,33,0.0033106724548275326,0.9684237212669622
moving_mnist,GeoAE,0,48,models/moving_mnist_geoae_lam0.1/latent_tda_features/seed0_test_T20_B128_H64_W64_latent48_win15_bins16.pt,34,0.0031575846205773007,0.9715813058875394
moving_mnist,GeoAE,0,48,models/moving_mnist_geoae_lam0.1/latent_tda_features/seed0_test_T20_B128_H64_W64_latent48_win15_bins16.pt,35,0.002937454881807279,0.9745187607693467
moving_mnist,GeoAE,0,48,models/moving_mnist_geoae_lam0.1/latent_tda_features/seed0_test_T20_B128_H64_W64_latent48_win15_bins16.pt,36,0.0027946095091816747,0.9773133702785284
moving_mnist,GeoAE,0,48,models/moving_mnist_geoae_lam0.1/latent_tda_features/seed0_test_T20_B128_H64_W64_latent48_win15_bins16.pt,37,0.002739791585937979,0.9800531618644663
moving_mnist,GeoAE,0,48,models/moving_mnist_geoae_lam0.1/latent_tda_features/seed0_test_T20_B128_H64_W64_latent48_win15_bins16.pt,38,0.002509343027380656,0.982562504891847
moving_mnist,GeoAE,0,48,models/moving_mnist_geoae_lam0.1/latent_tda_features/seed0_test_T20_B128_H64_W64_latent48_win15_bins16.pt,39,0.0024132571749717296,0.9849757620668188
moving_mnist,GeoAE,0,48,models/moving_mnist_geoae_lam0.1/latent_tda_features/seed0_test_T20_B128_H64_W64_latent48_win15_bins16.pt,40,0.0022736385419942686,0.987249400608813
moving_mnist,GeoAE,0,48,models/moving_mnist_geoae_lam0.1/latent_tda_features/seed0_test_T20_B128_H64_W64_latent48_win15_bins16.pt,41,0.0020844726598675564,0.9893338732686806
moving_mnist,GeoAE,0,48,models/moving_mnist_geoae_lam0.1/latent_tda_features/seed0_test_T20_B128_H64_W64_latent48_win15_bins16.pt,42,0.0018447737139368162,0.9911786469826174
moving_mnist,GeoAE,0,48,models/moving_mnist_geoae_lam0.1/latent_tda_features/seed0_test_T20_B128_H64_W64_latent48_win15_bins16.pt,43,0.0017465472420194728,0.9929251942246369
moving_mnist,GeoAE,0,48,models/moving_mnist_geoae_lam0.1/latent_tda_features/seed0_test_T20_B128_H64_W64_latent48_win15_bins16.pt,44,0.0016106266768688927,0.9945358209015057
moving_mnist,GeoAE,0,48,models/moving_mnist_geoae_lam0.1/latent_tda_features/seed0_test_T20_B128_H64_W64_latent48_win15_bins16.pt,45,0.001546666172406913,0.9960824870739127
moving_mnist,GeoAE,0,48,models/moving_mnist_geoae_lam0.1/latent_tda_features/seed0_test_T20_B128_H64_W64_latent48_win15_bins16.pt,46,0.0014014026748196133,0.9974838897487323
moving_mnist,GeoAE,0,48,models/moving_mnist_geoae_lam0.1/latent_tda_features/seed0_test_T20_B128_H64_W64_latent48_win15_bins16.pt,47,0.0013337640022125041,0.9988176537509448
moving_mnist,GeoAE,0,48,models/moving_mnist_geoae_lam0.1/latent_tda_features/seed0_test_T20_B128_H64_W64_latent48_win15_bins16.pt,48,0.001182346249054834,0.9999999999999997
moving_mnist,TopoAE,0,48,models/moving_mnist_topoae_lam0.1_signature/latent_tda_features/seed0_test_T20_B128_H64_W64_latent48_win15_bins16.pt,1,0.26567698702813825,0.26567698702813825
moving_mnist,TopoAE,0,48,models/moving_mnist_topoae_lam0.1_signature/latent_tda_features/seed0_test_T20_B128_H64_W64_latent48_win15_bins16.pt,2,0.21695137164084427,0.4826283586689825
moving_mnist,TopoAE,0,48,models/moving_mnist_topoae_lam0.1_signature/latent_tda_features/seed0_test_T20_B128_H64_W64_latent48_win15_bins16.pt,3,0.18603770718033447,0.668666065849317
moving_mnist,TopoAE,0,48,models/moving_mnist_topoae_lam0.1_signature/latent_tda_features/seed0_test_T20_B128_H64_W64_latent48_win15_bins16.pt,4,0.12295199382865306,0.79161805967797
moving_mnist,TopoAE,0,48,models/moving_mnist_topoae_lam0.1_signature/latent_tda_features/seed0_test_T20_B128_H64_W64_latent48_win15_bins16.pt,5,0.07574982463455612,0.8673678843125262
moving_mnist,TopoAE,0,48,models/moving_mnist_topoae_lam0.1_signature/latent_tda_features/seed0_test_T20_B128_H64_W64_latent48_win15_bins16.pt,6,0.06025115497876254,0.9276190392912887
moving_mnist,TopoAE,0,48,models/moving_mnist_topoae_lam0.1_signature/latent_tda_features/seed0_test_T20_B128_H64_W64_latent48_win15_bins16.pt,7,0.0284070051202873,0.956026044411576
moving_mnist,TopoAE,0,48,models/moving_mnist_topoae_lam0.1_signature/latent_tda_features/seed0_test_T20_B128_H64_W64_latent48_win15_bins16.pt,8,0.0174230549842909,0.9734490993958669
moving_mnist,TopoAE,0,48,models/moving_mnist_topoae_lam0.1_signature/latent_tda_features/seed0_test_T20_B128_H64_W64_latent48_win15_bins16.pt,9,0.012555227623293842,0.9860043270191607
moving_mnist,TopoAE,0,48,models/moving_mnist_topoae_lam0.1_signature/latent_tda_features/seed0_test_T20_B128_H64_W64_latent48_win15_bins16.pt,10,0.006048868289500265,0.992053195308661
moving_mnist,TopoAE,0,48,models/moving_mnist_topoae_lam0.1_signature/latent_tda_features/seed0_test_T20_B128_H64_W64_latent48_win15_bins16.pt,11,0.0038606269612287813,0.9959138222698898
moving_mnist,TopoAE,0,48,models/moving_mnist_topoae_lam0.1_signature/latent_tda_features/seed0_test_T20_B128_H64_W64_latent48_win15_bins16.pt,12,0.0017056964003898884,0.9976195186702796
moving_mnist,TopoAE,0,48,models/moving_mnist_topoae_lam0.1_signature/latent_tda_features/seed0_test_T20_B128_H64_W64_latent48_win15_bins16.pt,13,0.0012234015494705945,0.9988429202197503
moving_mnist,TopoAE,0,48,models/moving_mnist_topoae_lam0.1_signature/latent_tda_features/seed0_test_T20_B128_H64_W64_latent48_win15_bins16.pt,14,0.0005429136576331553,0.9993858338773834
moving_mnist,TopoAE,0,48,models/moving_mnist_topoae_lam0.1_signature/latent_tda_features/seed0_test_T20_B128_H64_W64_latent48_win15_bins16.pt,15,0.00035227485861732554,0.9997381087360008
moving_mnist,TopoAE,0,48,models/moving_mnist_topoae_lam0.1_signature/latent_tda_features/seed0_test_T20_B128_H64_W64_latent48_win15_bins16.pt,16,0.0001022604630212059,0.999840369199022
moving_mnist,TopoAE,0,48,models/moving_mnist_topoae_lam0.1_signature/latent_tda_features/seed0_test_T20_B128_H64_W64_latent48_win15_bins16.pt,17,4.9259902094458984e-05,0.9998896291011165
moving_mnist,TopoAE,0,48,models/moving_mnist_topoae_lam0.1_signature/latent_tda_features/seed0_test_T20_B128_H64_W64_latent48_win15_bins16.pt,18,3.637552870038267e-05,0.9999260046298168
moving_mnist,TopoAE,0,48,models/moving_mnist_topoae_lam0.1_signature/latent_tda_features/seed0_test_T20_B128_H64_W64_latent48_win15_bins16.pt,19,1.67479798336852e-05,0.9999427526096505
moving_mnist,TopoAE,0,48,models/moving_mnist_topoae_lam0.1_signature/latent_tda_features/seed0_test_T20_B128_H64_W64_latent48_win15_bins16.pt,20,8.75650042224721e-06,0.9999515091100727
moving_mnist,TopoAE,0,48,models/moving_mnist_topoae_lam0.1_signature/latent_tda_features/seed0_test_T20_B128_H64_W64_latent48_win15_bins16.pt,21,7.342839750419528e-06,0.9999588519498231
moving_mnist,TopoAE,0,48,models/moving_mnist_topoae_lam0.1_signature/latent_tda_features/seed0_test_T20_B128_H64_W64_latent48_win15_bins16.pt,22,6.667636255789744e-06,0.9999655195860789
moving_mnist,TopoAE,0,48,models/moving_mnist_topoae_lam0.1_signature/latent_tda_features/seed0_test_T20_B128_H64_W64_latent48_win15_bins16.pt,23,4.635601572231127e-06,0.9999701551876512
moving_mnist,TopoAE,0,48,models/moving_mnist_topoae_lam0.1_signature/latent_tda_features/seed0_test_T20_B128_H64_W64_latent48_win15_bins16.pt,24,3.8222880748436765e-06,0.999973977475726
moving_mnist,TopoAE,0,48,models/moving_mnist_topoae_lam0.1_signature/latent_tda_features/seed0_test_T20_B128_H64_W64_latent48_win15_bins16.pt,25,3.2178565967020453e-06,0.9999771953323228
moving_mnist,TopoAE,0,48,models/moving_mnist_topoae_lam0.1_signature/latent_tda_features/seed0_test_T20_B128_H64_W64_latent48_win15_bins16.pt,26,2.7984522661838072e-06,0.9999799937845889
moving_mnist,TopoAE,0,48,models/moving_mnist_topoae_lam0.1_signature/latent_tda_features/seed0_test_T20_B128_H64_W64_latent48_win15_bins16.pt,27,2.3067775906361394e-06,0.9999823005621795
moving_mnist,TopoAE,0,48,models/moving_mnist_topoae_lam0.1_signature/latent_tda_features/seed0_test_T20_B128_H64_W64_latent48_win15_bins16.pt,28,2.129179702381959e-06,0.999984429741882
moving_mnist,TopoAE,0,48,models/moving_mnist_topoae_lam0.1_signature/latent_tda_features/seed0_test_T20_B128_H64_W64_latent48_win15_bins16.pt,29,1.947151141575182e-06,0.9999863768930235
moving_mnist,TopoAE,0,48,models/moving_mnist_topoae_lam0.1_signature/latent_tda_features/seed0_test_T20_B128_H64_W64_latent48_win15_bins16.pt,30,1.6515124897530863e-06,0.9999880284055133
moving_mnist,TopoAE,0,48,models/moving_mnist_topoae_lam0.1_signature/latent_tda_features/seed0_test_T20_B128_H64_W64_latent48_win15_bins16.pt,31,1.5242990648420017e-06,0.9999895527045781
moving_mnist,TopoAE,0,48,models/moving_mnist_topoae_lam0.1_signature/latent_tda_features/seed0_test_T20_B128_H64_W64_latent48_win15_bins16.pt,32,1.2915332388999385e-06,0.999990844237817
moving_mnist,TopoAE,0,48,models/moving_mnist_topoae_lam0.1_signature/latent_tda_features/seed0_test_T20_B128_H64_W64_latent48_win15_bins16.pt,33,1.1609098037459007e-06,0.9999920051476208
moving_mnist,TopoAE,0,48,models/moving_mnist_topoae_lam0.1_signature/latent_tda_features/seed0_test_T20_B128_H64_W64_latent48_win15_bins16.pt,34,1.0365510434691073e-06,0.9999930416986642
moving_mnist,TopoAE,0,48,models/moving_mnist_topoae_lam0.1_signature/latent_tda_features/seed0_test_T20_B128_H64_W64_latent48_win15_bins16.pt,35,9.199991000264035e-07,0.9999939616977642
moving_mnist,TopoAE,0,48,models/moving_mnist_topoae_lam0.1_signature/latent_tda_features/seed0_test_T20_B128_H64_W64_latent48_win15_bins16.pt,36,8.250032601584431e-07,0.9999947867010244
moving_mnist,TopoAE,0,48,models/moving_mnist_topoae_lam0.1_signature/latent_tda_features/seed0_test_T20_B128_H64_W64_latent48_win15_bins16.pt,37,8.078918155778746e-07,0.9999955945928399
moving_mnist,TopoAE,0,48,models/moving_mnist_topoae_lam0.1_signature/latent_tda_features/seed0_test_T20_B128_H64_W64_latent48_win15_bins16.pt,38,6.276251035175012e-07,0.9999962222179435
moving_mnist,TopoAE,0,48,models/moving_mnist_topoae_lam0.1_signature/latent_tda_features/seed0_test_T20_B128_H64_W64_latent48_win15_bins16.pt,39,5.804304826674719e-07,0.9999968026484262
moving_mnist,TopoAE,0,48,models/moving_mnist_topoae_lam0.1_signature/latent_tda_features/seed0_test_T20_B128_H64_W64_latent48_win15_bins16.pt,40,5.351105020085794e-07,0.9999973377589282
moving_mnist,TopoAE,0,48,models/moving_mnist_topoae_lam0.1_signature/latent_tda_features/seed0_test_T20_B128_H64_W64_latent48_win15_bins16.pt,41,4.666110262037453e-07,0.9999978043699543
moving_mnist,TopoAE,0,48,models/moving_mnist_topoae_lam0.1_signature/latent_tda_features/seed0_test_T20_B128_H64_W64_latent48_win15_bins16.pt,42,4.478186303960262e-07,0.9999982521885847
moving_mnist,TopoAE,0,48,models/moving_mnist_topoae_lam0.1_signature/latent_tda_features/seed0_test_T20_B128_H64_W64_latent48_win15_bins16.pt,43,3.988275736625069e-07,0.9999986510161584
moving_mnist,TopoAE,0,48,models/moving_mnist_topoae_lam0.1_signature/latent_tda_features/seed0_test_T20_B128_H64_W64_latent48_win15_bins16.pt,44,3.4505072235507135e-07,0.9999989960668807
moving_mnist,TopoAE,0,48,models/moving_mnist_topoae_lam0.1_signature/latent_tda_features/seed0_test_T20_B128_H64_W64_latent48_win15_bins16.pt,45,3.2547257458591035e-07,0.9999993215394553
moving_mnist,TopoAE,0,48,models/moving_mnist_topoae_lam0.1_signature/latent_tda_features/seed0_test_T20_B128_H64_W64_latent48_win15_bins16.pt,46,2.6541806402668834e-07,0.9999995869575192
moving_mnist,TopoAE,0,48,models/moving_mnist_topoae_lam0.1_signature/latent_tda_features/seed0_test_T20_B128_H64_W64_latent48_win15_bins16.pt,47,2.1342715188127784e-07,0.9999998003846711
moving_mnist,TopoAE,0,48,models/moving_mnist_topoae_lam0.1_signature/latent_tda_features/seed0_test_T20_B128_H64_W64_latent48_win15_bins16.pt,48,1.9961532863465413e-07,0.9999999999999997
lorenz96,AE,0,64,models/lorenz96/latent_tda_features/seed0_test_T100_B128_H64_W64_latent64_win15_bins16.pt,1,0.1244510774414277,0.1244510774414277
lorenz96,AE,0,64,models/lorenz96/latent_tda_features/seed0_test_T100_B128_H64_W64_latent64_win15_bins16.pt,2,0.10194250209595132,0.226393579537379
lorenz96,AE,0,64,models/lorenz96/latent_tda_features/seed0_test_T100_B128_H64_W64_latent64_win15_bins16.pt,3,0.09898320876887069,0.3253767883062497
lorenz96,AE,0,64,models/lorenz96/latent_tda_features/seed0_test_T100_B128_H64_W64_latent64_win15_bins16.pt,4,0.08675680870562863,0.41213359701187835
lorenz96,AE,0,64,models/lorenz96/latent_tda_features/seed0_test_T100_B128_H64_W64_latent64_win15_bins16.pt,5,0.08012292673902208,0.49225652375090045
lorenz96,AE,0,64,models/lorenz96/latent_tda_features/seed0_test_T100_B128_H64_W64_latent64_win15_bins16.pt,6,0.0731336592680799,0.5653901830189804
lorenz96,AE,0,64,models/lorenz96/latent_tda_features/seed0_test_T100_B128_H64_W64_latent64_win15_bins16.pt,7,0.0679776584251401,0.6333678414441205
lorenz96,AE,0,64,models/lorenz96/latent_tda_features/seed0_test_T100_B128_H64_W64_latent64_win15_bins16.pt,8,0.06207296515146268,0.6954408065955832
lorenz96,AE,0,64,models/lorenz96/latent_tda_features/seed0_test_T100_B128_H64_W64_latent64_win15_bins16.pt,9,0.05696195952215867,0.7524027661177418
lorenz96,AE,0,64,models/lorenz96/latent_tda_features/seed0_test_T100_B128_H64_W64_latent64_win15_bins16.pt,10,0.05084775825707913,0.8032505243748209
lorenz96,AE,0,64,models/lorenz96/latent_tda_features/seed0_test_T100_B128_H64_W64_latent64_win15_bins16.pt,11,0.0417084703406442,0.8449589947154651
lorenz96,AE,0,64,models/lorenz96/latent_tda_features/seed0_test_T100_B128_H64_W64_latent64_win15_bins16.pt,12,0.03878931809810264,0.8837483128135677
lorenz96,AE,0,64,models/lorenz96/latent_tda_features/seed0_test_T100_B128_H64_W64_latent64_win15_bins16.pt,13,0.03311383440487922,0.9168621472184469
lorenz96,AE,0,64,models/lorenz96/latent_tda_features/seed0_test_T100_B128_H64_W64_latent64_win15_bins16.pt,14,0.02425878080787903,0.941120928026326
lorenz96,AE,0,64,models/lorenz96/latent_tda_features/seed0_test_T100_B128_H64_W64_latent64_win15_bins16.pt,15,0.017352328898692784,0.9584732569250187
lorenz96,AE,0,64,models/lorenz96/latent_tda_features/seed0_test_T100_B128_H64_W64_latent64_win15_bins16.pt,16,0.013027442277360841,0.9715006992023796
lorenz96,AE,0,64,models/lorenz96/latent_tda_features/seed0_test_T100_B128_H64_W64_latent64_win15_bins16.pt,17,0.010636469542217303,0.9821371687445969
lorenz96,AE,0,64,models/lorenz96/latent_tda_features/seed0_test_T100_B128_H64_W64_latent64_win15_bins16.pt,18,0.005384794810950832,0.9875219635555477
lorenz96,AE,0,64,models/lorenz96/latent_tda_features/seed0_test_T100_B128_H64_W64_latent64_win15_bins16.pt,19,0.004162722168127997,0.9916846857236756
lorenz96,AE,0,64,models/lorenz96/latent_tda_features/seed0_test_T100_B128_H64_W64_latent64_win15_bins16.pt,20,0.002440200539776183,0.9941248862634519
lorenz96,AE,0,64,models/lorenz96/latent_tda_features/seed0_test_T100_B128_H64_W64_latent64_win15_bins16.pt,21,0.0014503697601751051,0.995575256023627
lorenz96,AE,0,64,models/lorenz96/latent_tda_features/seed0_test_T100_B128_H64_W64_latent64_win15_bins16.pt,22,0.001071486798481072,0.9966467428221081
lorenz96,AE,0,64,models/lorenz96/latent_tda_features/seed0_test_T100_B128_H64_W64_latent64_win15_bins16.pt,23,0.0008656280110151534,0.9975123708331233
lorenz96,AE,0,64,models/lorenz96/latent_tda_features/seed0_test_T100_B128_H64_W64_latent64_win15_bins16.pt,24,0.00052745481091279,0.998039825644036
lorenz96,AE,0,64,models/lorenz96/latent_tda_features/seed0_test_T100_B128_H64_W64_latent64_win15_bins16.pt,25,0.0003463603992973856,0.9983861860433334
lorenz96,AE,0,64,models/lorenz96/latent_tda_features/seed0_test_T100_B128_H64_W64_latent64_win15_bins16.pt,26,0.0002817688814287689,0.9986679549247621
lorenz96,AE,0,64,models/lorenz96/latent_tda_features/seed0_test_T100_B128_H64_W64_latent64_win15_bins16.pt,27,0.00019275867682692378,0.998860713601589
lorenz96,AE,0,64,models/lorenz96/latent_tda_features/seed0_test_T100_B128_H64_W64_latent64_win15_bins16.pt,28,0.0001807423182878956,0.9990414559198769
lorenz96,AE,0,64,models/lorenz96/latent_tda_features/seed0_test_T100_B128_H64_W64_latent64_win15_bins16.pt,29,0.00012371253434642488,0.9991651684542233
lorenz96,AE,0,64,models/lorenz96/latent_tda_features/seed0_test_T100_B128_H64_W64_latent64_win15_bins16.pt,30,0.00010952651283665316,0.99927469496706
lorenz96,AE,0,64,models/lorenz96/latent_tda_features/seed0_test_T100_B128_H64_W64_latent64_win15_bins16.pt,31,9.185153538718458e-05,0.9993665465024472
lorenz96,AE,0,64,models/lorenz96/latent_tda_features/seed0_test_T100_B128_H64_W64_latent64_win15_bins16.pt,32,8.26193087024501e-05,0.9994491658111496
lorenz96,AE,0,64,models/lorenz96/latent_tda_features/seed0_test_T100_B128_H64_W64_latent64_win15_bins16.pt,33,7.458285995299457e-05,0.9995237486711026
lorenz96,AE,0,64,models/lorenz96/latent_tda_features/seed0_test_T100_B128_H64_W64_latent64_win15_bins16.pt,34,7.066601588937076e-05,0.999594414686992
lorenz96,AE,0,64,models/lorenz96/latent_tda_features/seed0_test_T100_B128_H64_W64_latent64_win15_bins16.pt,35,5.459428380968586e-05,0.9996490089708017
lorenz96,AE,0,64,models/lorenz96/latent_tda_features/seed0_test_T100_B128_H64_W64_latent64_win15_bins16.pt,36,4.261080499490936e-05,0.9996916197757966
lorenz96,AE,0,64,models/lorenz96/latent_tda_features/seed0_test_T100_B128_H64_W64_latent64_win15_bins16.pt,37,3.6493077311244006e-05,0.9997281128531078
lorenz96,AE,0,64,models/lorenz96/latent_tda_features/seed0_test_T100_B128_H64_W64_latent64_win15_bins16.pt,38,3.4593804053425815e-05,0.9997627066571613
lorenz96,AE,0,64,models/lorenz96/latent_tda_features/seed0_test_T100_B128_H64_W64_latent64_win15_bins16.pt,39,2.9308112042477182e-05,0.9997920147692038
lorenz96,AE,0,64,models/lorenz96/latent_tda_features/seed0_test_T100_B128_H64_W64_latent64_win15_bins16.pt,40,2.805669653078064e-05,0.9998200714657346
lorenz96,AE,0,64,models/lorenz96/latent_tda_features/seed0_test_T100_B128_H64_W64_latent64_win15_bins16.pt,41,2.5092118777193918e-05,0.9998451635845118
lorenz96,AE,0,64,models/lorenz96/latent_tda_features/seed0_test_T100_B128_H64_W64_latent64_win15_bins16.pt,42,2.0735867890937462e-05,0.9998658994524028
lorenz96,AE,0,64,models/lorenz96/latent_tda_features/seed0_test_T100_B128_H64_W64_latent64_win15_bins16.pt,43,1.8814586745613575e-05,0.9998847140391484
lorenz96,AE,0,64,models/lorenz96/latent_tda_features/seed0_test_T100_B128_H64_W64_latent64_win15_bins16.pt,44,1.479657397480957e-05,0.9998995106131232
lorenz96,AE,0,64,models/lorenz96/latent_tda_features/seed0_test_T100_B128_H64_W64_latent64_win15_bins16.pt,45,1.387313963351791e-05,0.9999133837527567
lorenz96,AE,0,64,models/lorenz96/latent_tda_features/seed0_test_T100_B128_H64_W64_latent64_win15_bins16.pt,46,1.144071375978592e-05,0.9999248244665165
lorenz96,AE,0,64,models/lorenz96/latent_tda_features/seed0_test_T100_B128_H64_W64_latent64_win15_bins16.pt,47,1.0058994046842462e-05,0.9999348834605634
lorenz96,AE,0,64,models/lorenz96/latent_tda_features/seed0_test_T100_B128_H64_W64_latent64_win15_bins16.pt,48,8.9262061902647e-06,0.9999438096667537
lorenz96,AE,0,64,models/lorenz96/latent_tda_features/seed0_test_T100_B128_H64_W64_latent64_win15_bins16.pt,49,7.427002020722441e-06,0.9999512366687744
lorenz96,AE,0,64,models/lorenz96/latent_tda_features/seed0_test_T100_B128_H64_W64_latent64_win15_bins16.pt,50,6.926454674171491e-06,0.9999581631234485
lorenz96,AE,0,64,models/lorenz96/latent_tda_features/seed0_test_T100_B128_H64_W64_latent64_win15_bins16.pt,51,6.1753584930330795e-06,0.9999643384819416
lorenz96,AE,0,64,models/lorenz96/latent_tda_features/seed0_test_T100_B128_H64_W64_latent64_win15_bins16.pt,52,4.918082632367421e-06,0.9999692565645739
lorenz96,AE,0,64,models/lorenz96/latent_tda_features/seed0_test_T100_B128_H64_W64_latent64_win15_bins16.pt,53,4.770969402715626e-06,0.9999740275339767
lorenz96,AE,0,64,models/lorenz96/latent_tda_features/seed0_test_T100_B128_H64_W64_latent64_win15_bins16.pt,54,4.368086069413163e-06,0.9999783956200461
lorenz96,AE,0,64,models/lorenz96/latent_tda_features/seed0_test_T100_B128_H64_W64_latent64_win15_bins16.pt,55,3.583744495836584e-06,0.9999819793645419
lorenz96,AE,0,64,models/lorenz96/latent_tda_features/seed0_test_T100_B128_H64_W64_latent64_win15_bins16.pt,56,3.1353468994865436e-06,0.9999851147114414
lorenz96,AE,0,64,models/lorenz96/latent_tda_features/seed0_test_T100_B128_H64_W64_latent64_win15_bins16.pt,57,2.721560335897013e-06,0.9999878362717772
lorenz96,AE,0,64,models/lorenz96/latent_tda_features/seed0_test_T100_B128_H64_W64_latent64_win15_bins16.pt,58,2.5767687448192267e-06,0.999990413040522
lorenz96,AE,0,64,models/lorenz96/latent_tda_features/seed0_test_T100_B128_H64_W64_latent64_win15_bins16.pt,59,2.431752602467877e-06,0.9999928447931246
lorenz96,AE,0,64,models/lorenz96/latent_tda_features/seed0_test_T100_B128_H64_W64_latent64_win15_bins16.pt,60,1.9676721333263942e-06,0.9999948124652579
lorenz96,AE,0,64,models/lorenz96/latent_tda_features/seed0_test_T100_B128_H64_W64_latent64_win15_bins16.pt,61,1.7500904115766258e-06,0.9999965625556695
lorenz96,AE,0,64,models/lorenz96/latent_tda_features/seed0_test_T100_B128_H64_W64_latent64_win15_bins16.pt,62,1.3312268629279459e-06,0.9999978937825325
lorenz96,AE,0,64,models/lorenz96/latent_tda_features/seed0_test_T100_B128_H64_W64_latent64_win15_bins16.pt,63,1.174598846865945e-06,0.9999990683813793
lorenz96,AE,0,64,models/lorenz96/latent_tda_features/seed0_test_T100_B128_H64_W64_latent64_win15_bins16.pt,64,9.316186206631555e-07,1.0
lorenz96,GeoAE,0,64,models/lorenz96_geoae_lam0.1/latent_tda_features/seed0_test_T100_B128_H64_W64_latent64_win15_bins16.pt,1,0.08344473213552876,0.08344473213552876
lorenz96,GeoAE,0,64,models/lorenz96_geoae_lam0.1/latent_tda_features/seed0_test_T100_B128_H64_W64_latent64_win15_bins16.pt,2,0.06950616334602068,0.15295089548154944
lorenz96,GeoAE,0,64,models/lorenz96_geoae_lam0.1/latent_tda_features/seed0_test_T100_B128_H64_W64_latent64_win15_bins16.pt,3,0.06531722055482088,0.2182681160363703
lorenz96,GeoAE,0,64,models/lorenz96_geoae_lam0.1/latent_tda_features/seed0_test_T100_B128_H64_W64_latent64_win15_bins16.pt,4,0.060666347639699796,0.2789344636760701
lorenz96,GeoAE,0,64,models/lorenz96_geoae_lam0.1/latent_tda_features/seed0_test_T100_B128_H64_W64_latent64_win15_bins16.pt,5,0.06020078499845007,0.33913524867452016
lorenz96,GeoAE,0,64,models/lorenz96_geoae_lam0.1/latent_tda_features/seed0_test_T100_B128_H64_W64_latent64_win15_bins16.pt,6,0.05177183627478059,0.39090708494930076
lorenz96,GeoAE,0,64,models/lorenz96_geoae_lam0.1/latent_tda_features/seed0_test_T100_B128_H64_W64_latent64_win15_bins16.pt,7,0.04549661313926282,0.4364036980885636
lorenz96,GeoAE,0,64,models/lorenz96_geoae_lam0.1/latent_tda_features/seed0_test_T100_B128_H64_W64_latent64_win15_bins16.pt,8,0.04468369565534268,0.4810873937439063
lorenz96,GeoAE,0,64,models/lorenz96_geoae_lam0.1/latent_tda_features/seed0_test_T100_B128_H64_W64_latent64_win15_bins16.pt,9,0.04248219259871918,0.5235695863426255
lorenz96,GeoAE,0,64,models/lorenz96_geoae_lam0.1/latent_tda_features/seed0_test_T100_B128_H64_W64_latent64_win15_bins16.pt,10,0.04061676814687019,0.5641863544894957
lorenz96,GeoAE,0,64,models/lorenz96_geoae_lam0.1/latent_tda_features/seed0_test_T100_B128_H64_W64_latent64_win15_bins16.pt,11,0.03910694396267505,0.6032932984521707
lorenz96,GeoAE,0,64,models/lorenz96_geoae_lam0.1/latent_tda_features/seed0_test_T100_B128_H64_W64_latent64_win15_bins16.pt,12,0.03741521908758247,0.6407085175397532
lorenz96,GeoAE,0,64,models/lorenz96_geoae_lam0.1/latent_tda_features/seed0_test_T100_B128_H64_W64_latent64_win15_bins16.pt,13,0.032685111665660134,0.6733936292054133
lorenz96,GeoAE,0,64,models/lorenz96_geoae_lam0.1/latent_tda_features/seed0_test_T100_B128_H64_W64_latent64_win15_bins16.pt,14,0.027596920844670667,0.700990550050084
lorenz96,GeoAE,0,64,models/lorenz96_geoae_lam0.1/latent_tda_features/seed0_test_T100_B128_H64_W64_latent64_win15_bins16.pt,15,0.02481184941880637,0.7258023994688904
lorenz96,GeoAE,0,64,models/lorenz96_geoae_lam0.1/latent_tda_features/seed0_test_T100_B128_H64_W64_latent64_win15_bins16.pt,16,0.023875018582425984,0.7496774180513164
lorenz96,GeoAE,0,64,models/lorenz96_geoae_lam0.1/latent_tda_features/seed0_test_T100_B128_H64_W64_latent64_win15_bins16.pt,17,0.021898534830335065,0.7715759528816515
lorenz96,GeoAE,0,64,models/lorenz96_geoae_lam0.1/latent_tda_features/seed0_test_T100_B128_H64_W64_latent64_win15_bins16.pt,18,0.021308285668864498,0.7928842385505159
lorenz96,GeoAE,0,64,models/lorenz96_geoae_lam0.1/latent_tda_features/seed0_test_T100_B128_H64_W64_latent64_win15_bins16.pt,19,0.019722910404185213,0.8126071489547011
lorenz96,GeoAE,0,64,models/lorenz96_geoae_lam0.1/latent_tda_features/seed0_test_T100_B128_H64_W64_latent64_win15_bins16.pt,20,0.01831352087777438,0.8309206698324755
lorenz96,GeoAE,0,64,models/lorenz96_geoae_lam0.1/latent_tda_features/seed0_test_T100_B128_H64_W64_latent64_win15_bins16.pt,21,0.016476019059044306,0.8473966888915198
lorenz96,GeoAE,0,64,models/lorenz96_geoae_lam0.1/latent_tda_features/seed0_test_T100_B128_H64_W64_latent64_win15_bins16.pt,22,0.015436784474284346,0.8628334733658041
lorenz96,GeoAE,0,64,models/lorenz96_geoae_lam0.1/latent_tda_features/seed0_test_T100_B128_H64_W64_latent64_win15_bins16.pt,23,0.014716498402214463,0.8775499717680185
lorenz96,GeoAE,0,64,models/lorenz96_geoae_lam0.1/latent_tda_features/seed0_test_T100_B128_H64_W64_latent64_win15_bins16.pt,24,0.01442382160887097,0.8919737933768895
lorenz96,GeoAE,0,64,models/lorenz96_geoae_lam0.1/latent_tda_features/seed0_test_T100_B128_H64_W64_latent64_win15_bins16.pt,25,0.012378347360832013,0.9043521407377215
lorenz96,GeoAE,0,64,models/lorenz96_geoae_lam0.1/latent_tda_features/seed0_test_T100_B128_H64_W64_latent64_win15_bins16.pt,26,0.011744906062061926,0.9160970467997834
lorenz96,GeoAE,0,64,models/lorenz96_geoae_lam0.1/latent_tda_features/seed0_test_T100_B128_H64_W64_latent64_win15_bins16.pt,27,0.00935905730729955,0.925456104107083
lorenz96,GeoAE,0,64,models/lorenz96_geoae_lam0.1/latent_tda_features/seed0_test_T100_B128_H64_W64_latent64_win15_bins16.pt,28,0.008957614914837432,0.9344137190219205
lorenz96,GeoAE,0,64,models/lorenz96_geoae_lam0.1/latent_tda_features/seed0_test_T100_B128_H64_W64_latent64_win15_bins16.pt,29,0.008364238736523559,0.9427779577584441
lorenz96,GeoAE,0,64,models/lorenz96_geoae_lam0.1/latent_tda_features/seed0_test_T100_B128_H64_W64_latent64_win15_bins16.pt,30,0.007347762347002608,0.9501257201054467
lorenz96,GeoAE,0,64,models/lorenz96_geoae_lam0.1/latent_tda_features/seed0_test_T100_B128_H64_W64_latent64_win15_bins16.pt,31,0.006804920773430022,0.9569306408788767
lorenz96,GeoAE,0,64,models/lorenz96_geoae_lam0.1/latent_tda_features/seed0_test_T100_B128_H64_W64_latent64_win15_bins16.pt,32,0.006318118660718234,0.9632487595395949
lorenz96,GeoAE,0,64,models/lorenz96_geoae_lam0.1/latent_tda_features/seed0_test_T100_B128_H64_W64_latent64_win15_bins16.pt,33,0.004574536801052563,0.9678232963406475
lorenz96,GeoAE,0,64,models/lorenz96_geoae_lam0.1/latent_tda_features/seed0_test_T100_B128_H64_W64_latent64_win15_bins16.pt,34,0.0035922266605196685,0.9714155230011671
lorenz96,GeoAE,0,64,models/lorenz96_geoae_lam0.1/latent_tda_features/seed0_test_T100_B128_H64_W64_latent64_win15_bins16.pt,35,0.0029836643033273494,0.9743991873044944
lorenz96,GeoAE,0,64,models/lorenz96_geoae_lam0.1/latent_tda_features/seed0_test_T100_B128_H64_W64_latent64_win15_bins16.pt,36,0.0025317670711304577,0.9769309543756248
lorenz96,GeoAE,0,64,models/lorenz96_geoae_lam0.1/latent_tda_features/seed0_test_T100_B128_H64_W64_latent64_win15_bins16.pt,37,0.002249377458364422,0.9791803318339892
lorenz96,GeoAE,0,64,models/lorenz96_geoae_lam0.1/latent_tda_features/seed0_test_T100_B128_H64_W64_latent64_win15_bins16.pt,38,0.0020983206429916607,0.9812786524769809
lorenz96,GeoAE,0,64,models/lorenz96_geoae_lam0.1/latent_tda_features/seed0_test_T100_B128_H64_W64_latent64_win15_bins16.pt,39,0.0018036402834544084,0.9830822927604352
lorenz96,GeoAE,0,64,models/lorenz96_geoae_lam0.1/latent_tda_features/seed0_test_T100_B128_H64_W64_latent64_win15_bins16.pt,40,0.0016837781721507172,0.984766070932586
lorenz96,GeoAE,0,64,models/lorenz96_geoae_lam0.1/latent_tda_features/seed0_test_T100_B128_H64_W64_latent64_win15_bins16.pt,41,0.00154889277949538,0.9863149637120813
lorenz96,GeoAE,0,64,models/lorenz96_geoae_lam0.1/latent_tda_features/seed0_test_T100_B128_H64_W64_latent64_win15_bins16.pt,42,0.001339338947808766,0.9876543026598901
lorenz96,GeoAE,0,64,models/lorenz96_geoae_lam0.1/latent_tda_features/seed0_test_T100_B128_H64_W64_latent64_win15_bins16.pt,43,0.0012308020934743826,0.9888851047533644
lorenz96,GeoAE,0,64,models/lorenz96_geoae_lam0.1/latent_tda_features/seed0_test_T100_B128_H64_W64_latent64_win15_bins16.pt,44,0.0010614760837423182,0.9899465808371067
lorenz96,GeoAE,0,64,models/lorenz96_geoae_lam0.1/latent_tda_features/seed0_test_T100_B128_H64_W64_latent64_win15_bins16.pt,45,0.0010392823477387853,0.9909858631848455
lorenz96,GeoAE,0,64,models/lorenz96_geoae_lam0.1/latent_tda_features/seed0_test_T100_B128_H64_W64_latent64_win15_bins16.pt,46,0.0009312303581158641,0.9919170935429613
lorenz96,GeoAE,0,64,models/lorenz96_geoae_lam0.1/latent_tda_features/seed0_test_T100_B128_H64_W64_latent64_win15_bins16.pt,47,0.0007979886953228952,0.9927150822382842
lorenz96,GeoAE,0,64,models/lorenz96_geoae_lam0.1/latent_tda_features/seed0_test_T100_B128_H64_W64_latent64_win15_bins16.pt,48,0.000747665180420626,0.9934627474187048
lorenz96,GeoAE,0,64,models/lorenz96_geoae_lam0.1/latent_tda_features/seed0_test_T100_B128_H64_W64_latent64_win15_bins16.pt,49,0.0007208561815331455,0.9941836036002379
lorenz96,GeoAE,0,64,models/lorenz96_geoae_lam0.1/latent_tda_features/seed0_test_T100_B128_H64_W64_latent64_win15_bins16.pt,50,0.0006710393749382018,0.9948546429751761
lorenz96,GeoAE,0,64,models/lorenz96_geoae_lam0.1/latent_tda_features/seed0_test_T100_B128_H64_W64_latent64_win15_bins16.pt,51,0.00063069107932147,0.9954853340544976
lorenz96,GeoAE,0,64,models/lorenz96_geoae_lam0.1/latent_tda_features/seed0_test_T100_B128_H64_W64_latent64_win15_bins16.pt,52,0.0005836249990348334,0.9960689590535324
lorenz96,GeoAE,0,64,models/lorenz96_geoae_lam0.1/latent_tda_features/seed0_test_T100_B128_H64_W64_latent64_win15_bins16.pt,53,0.0005171880246110028,0.9965861470781434
lorenz96,GeoAE,0,64,models/lorenz96_geoae_lam0.1/latent_tda_features/seed0_test_T100_B128_H64_W64_latent64_win15_bins16.pt,54,0.00046891831323301523,0.9970550653913764
lorenz96,GeoAE,0,64,models/lorenz96_geoae_lam0.1/latent_tda_features/seed0_test_T100_B128_H64_W64_latent64_win15_bins16.pt,55,0.0004522338316530597,0.9975072992230295
lorenz96,GeoAE,0,64,models/lorenz96_geoae_lam0.1/latent_tda_features/seed0_test_T100_B128_H64_W64_latent64_win15_bins16.pt,56,0.0004079667067226306,0.9979152659297521
lorenz96,GeoAE,0,64,models/lorenz96_geoae_lam0.1/latent_tda_features/seed0_test_T100_B128_H64_W64_latent64_win15_bins16.pt,57,0.0004012601399190163,0.9983165260696711
lorenz96,GeoAE,0,64,models/lorenz96_geoae_lam0.1/latent_tda_features/seed0_test_T100_B128_H64_W64_latent64_win15_bins16.pt,58,0.0003164316057826015,0.9986329576754538
lorenz96,GeoAE,0,64,models/lorenz96_geoae_lam0.1/latent_tda_features/seed0_test_T100_B128_H64_W64_latent64_win15_bins16.pt,59,0.0003078949096518208,0.9989408525851056
lorenz96,GeoAE,0,64,models/lorenz96_geoae_lam0.1/latent_tda_features/seed0_test_T100_B128_H64_W64_latent64_win15_bins16.pt,60,0.00028656638860885655,0.9992274189737145
lorenz96,GeoAE,0,64,models/lorenz96_geoae_lam0.1/latent_tda_features/seed0_test_T100_B128_H64_W64_latent64_win15_bins16.pt,61,0.00024707014176873456,0.9994744891154832
lorenz96,GeoAE,0,64,models/lorenz96_geoae_lam0.1/latent_tda_features/seed0_test_T100_B128_H64_W64_latent64_win15_bins16.pt,62,0.00022754707724772307,0.9997020361927309
lorenz96,GeoAE,0,64,models/lorenz96_geoae_lam0.1/latent_tda_features/seed0_test_T100_B128_H64_W64_latent64_win15_bins16.pt,63,0.00015561102545503977,0.9998576472181859
lorenz96,GeoAE,0,64,models/lorenz96_geoae_lam0.1/latent_tda_features/seed0_test_T100_B128_H64_W64_latent64_win15_bins16.pt,64,0.00014235278181353456,0.9999999999999994
lorenz96,TopoAE,0,64,models/lorenz96_topoae_lam0.1_signature/latent_tda_features/seed0_test_T100_B128_H64_W64_latent64_win15_bins16.pt,1,0.12689569447264382,0.12689569447264382
lorenz96,TopoAE,0,64,models/lorenz96_topoae_lam0.1_signature/latent_tda_features/seed0_test_T100_B128_H64_W64_latent64_win15_bins16.pt,2,0.11977942849267628,0.2466751229653201
lorenz96,TopoAE,0,64,models/lorenz96_topoae_lam0.1_signature/latent_tda_features/seed0_test_T100_B128_H64_W64_latent64_win15_bins16.pt,3,0.10600113350181833,0.3526762564671384
lorenz96,TopoAE,0,64,models/lorenz96_topoae_lam0.1_signature/latent_tda_features/seed0_test_T100_B128_H64_W64_latent64_win15_bins16.pt,4,0.09118536971641472,0.4438616261835531
lorenz96,TopoAE,0,64,models/lorenz96_topoae_lam0.1_signature/latent_tda_features/seed0_test_T100_B128_H64_W64_latent64_win15_bins16.pt,5,0.08617617973210595,0.5300378059156591
lorenz96,TopoAE,0,64,models/lorenz96_topoae_lam0.1_signature/latent_tda_features/seed0_test_T100_B128_H64_W64_latent64_win15_bins16.pt,6,0.08240501696151326,0.6124428228771723
lorenz96,TopoAE,0,64,models/lorenz96_topoae_lam0.1_signature/latent_tda_features/seed0_test_T100_B128_H64_W64_latent64_win15_bins16.pt,7,0.07641835769922167,0.688861180576394
lorenz96,TopoAE,0,64,models/lorenz96_topoae_lam0.1_signature/latent_tda_features/seed0_test_T100_B128_H64_W64_latent64_win15_bins16.pt,8,0.06089093573858775,0.7497521163149817
lorenz96,TopoAE,0,64,models/lorenz96_topoae_lam0.1_signature/latent_tda_features/seed0_test_T100_B128_H64_W64_latent64_win15_bins16.pt,9,0.0558285748370497,0.8055806911520315
lorenz96,TopoAE,0,64,models/lorenz96_topoae_lam0.1_signature/latent_tda_features/seed0_test_T100_B128_H64_W64_latent64_win15_bins16.pt,10,0.04666132930028412,0.8522420204523156
lorenz96,TopoAE,0,64,models/lorenz96_topoae_lam0.1_signature/latent_tda_features/seed0_test_T100_B128_H64_W64_latent64_win15_bins16.pt,11,0.04484621255225955,0.8970882330045751
lorenz96,TopoAE,0,64,models/lorenz96_topoae_lam0.1_signature/latent_tda_features/seed0_test_T100_B128_H64_W64_latent64_win15_bins16.pt,12,0.03922430813768281,0.9363125411422579
lorenz96,TopoAE,0,64,models/lorenz96_topoae_lam0.1_signature/latent_tda_features/seed0_test_T100_B128_H64_W64_latent64_win15_bins16.pt,13,0.02161568475904179,0.9579282259012997
lorenz96,TopoAE,0,64,models/lorenz96_topoae_lam0.1_signature/latent_tda_features/seed0_test_T100_B128_H64_W64_latent64_win15_bins16.pt,14,0.015276604909260406,0.9732048308105601
lorenz96,TopoAE,0,64,models/lorenz96_topoae_lam0.1_signature/latent_tda_features/seed0_test_T100_B128_H64_W64_latent64_win15_bins16.pt,15,0.0119922203191343,0.9851970511296944
lorenz96,TopoAE,0,64,models/lorenz96_topoae_lam0.1_signature/latent_tda_features/seed0_test_T100_B128_H64_W64_latent64_win15_bins16.pt,16,0.01156858075476617,0.9967656318844605
lorenz96,TopoAE,0,64,models/lorenz96_topoae_lam0.1_signature/latent_tda_features/seed0_test_T100_B128_H64_W64_latent64_win15_bins16.pt,17,0.0016621108080390311,0.9984277426924996
lorenz96,TopoAE,0,64,models/lorenz96_topoae_lam0.1_signature/latent_tda_features/seed0_test_T100_B128_H64_W64_latent64_win15_bins16.pt,18,0.0009212091360432183,0.9993489518285428
lorenz96,TopoAE,0,64,models/lorenz96_topoae_lam0.1_signature/latent_tda_features/seed0_test_T100_B128_H64_W64_latent64_win15_bins16.pt,19,0.0003097083502986341,0.9996586601788414
lorenz96,TopoAE,0,64,models/lorenz96_topoae_lam0.1_signature/latent_tda_features/seed0_test_T100_B128_H64_W64_latent64_win15_bins16.pt,20,0.00011127465767726163,0.9997699348365187
lorenz96,TopoAE,0,64,models/lorenz96_topoae_lam0.1_signature/latent_tda_features/seed0_test_T100_B128_H64_W64_latent64_win15_bins16.pt,21,5.7571423756028824e-05,0.9998275062602747
lorenz96,TopoAE,0,64,models/lorenz96_topoae_lam0.1_signature/latent_tda_features/seed0_test_T100_B128_H64_W64_latent64_win15_bins16.pt,22,4.87617907748095e-05,0.9998762680510496
lorenz96,TopoAE,0,64,models/lorenz96_topoae_lam0.1_signature/latent_tda_features/seed0_test_T100_B128_H64_W64_latent64_win15_bins16.pt,23,2.6577241197885357e-05,0.9999028452922475
lorenz96,TopoAE,0,64,models/lorenz96_topoae_lam0.1_signature/latent_tda_features/seed0_test_T100_B128_H64_W64_latent64_win15_bins16.pt,24,2.326941292052371e-05,0.999926114705168
lorenz96,TopoAE,0,64,models/lorenz96_topoae_lam0.1_signature/latent_tda_features/seed0_test_T100_B128_H64_W64_latent64_win15_bins16.pt,25,1.7184566066492444e-05,0.9999432992712345
lorenz96,TopoAE,0,64,models/lorenz96_topoae_lam0.1_signature/latent_tda_features/seed0_test_T100_B128_H64_W64_latent64_win15_bins16.pt,26,1.0177389178248407e-05,0.9999534766604128
lorenz96,TopoAE,0,64,models/lorenz96_topoae_lam0.1_signature/latent_tda_features/seed0_test_T100_B128_H64_W64_latent64_win15_bins16.pt,27,7.932335072072977e-06,0.9999614089954849
lorenz96,TopoAE,0,64,models/lorenz96_topoae_lam0.1_signature/latent_tda_features/seed0_test_T100_B128_H64_W64_latent64_win15_bins16.pt,28,6.736641027191283e-06,0.9999681456365122
lorenz96,TopoAE,0,64,models/lorenz96_topoae_lam0.1_signature/latent_tda_features/seed0_test_T100_B128_H64_W64_latent64_win15_bins16.pt,29,5.767127037332122e-06,0.9999739127635495
lorenz96,TopoAE,0,64,models/lorenz96_topoae_lam0.1_signature/latent_tda_features/seed0_test_T100_B128_H64_W64_latent64_win15_bins16.pt,30,4.057417237562783e-06,0.999977970180787
lorenz96,TopoAE,0,64,models/lorenz96_topoae_lam0.1_signature/latent_tda_features/seed0_test_T100_B128_H64_W64_latent64_win15_bins16.pt,31,3.489682292701892e-06,0.9999814598630797
lorenz96,TopoAE,0,64,models/lorenz96_topoae_lam0.1_signature/latent_tda_features/seed0_test_T100_B128_H64_W64_latent64_win15_bins16.pt,32,2.64915085431713e-06,0.9999841090139341
lorenz96,TopoAE,0,64,models/lorenz96_topoae_lam0.1_signature/latent_tda_features/seed0_test_T100_B128_H64_W64_latent64_win15_bins16.pt,33,2.5300588927846618e-06,0.9999866390728269
lorenz96,TopoAE,0,64,models/lorenz96_topoae_lam0.1_signature/latent_tda_features/seed0_test_T100_B128_H64_W64_latent64_win15_bins16.pt,34,2.044428363274269e-06,0.9999886835011902
lorenz96,TopoAE,0,64,models/lorenz96_topoae_lam0.1_signature/latent_tda_features/seed0_test_T100_B128_H64_W64_latent64_win15_bins16.pt,35,1.6252475771854733e-06,0.9999903087487674
lorenz96,TopoAE,0,64,models/lorenz96_topoae_lam0.1_signature/latent_tda_features/seed0_test_T100_B128_H64_W64_latent64_win15_bins16.pt,36,1.4632034613151884e-06,0.9999917719522287
lorenz96,TopoAE,0,64,models/lorenz96_topoae_lam0.1_signature/latent_tda_features/seed0_test_T100_B128_H64_W64_latent64_win15_bins16.pt,37,1.269289176265527e-06,0.999993041241405
lorenz96,TopoAE,0,64,models/lorenz96_topoae_lam0.1_signature/latent_tda_features/seed0_test_T100_B128_H64_W64_latent64_win15_bins16.pt,38,1.174797250414846e-06,0.9999942160386553
lorenz96,TopoAE,0,64,models/lorenz96_topoae_lam0.1_signature/latent_tda_features/seed0_test_T100_B128_H64_W64_latent64_win15_bins16.pt,39,8.951579676864527e-07,0.999995111196623
lorenz96,TopoAE,0,64,models/lorenz96_topoae_lam0.1_signature/latent_tda_features/seed0_test_T100_B128_H64_W64_latent64_win15_bins16.pt,40,7.225709210143065e-07,0.999995833767544
lorenz96,TopoAE,0,64,models/lorenz96_topoae_lam0.1_signature/latent_tda_features/seed0_test_T100_B128_H64_W64_latent64_win15_bins16.pt,41,6.853298839882722e-07,0.9999965190974279
lorenz96,TopoAE,0,64,models/lorenz96_topoae_lam0.1_signature/latent_tda_features/seed0_test_T100_B128_H64_W64_latent64_win15_bins16.pt,42,4.900539332256905e-07,0.9999970091513611
lorenz96,TopoAE,0,64,models/lorenz96_topoae_lam0.1_signature/latent_tda_features/seed0_test_T100_B128_H64_W64_latent64_win15_bins16.pt,43,4.6472731584208326e-07,0.999997473878677
lorenz96,TopoAE,0,64,models/lorenz96_topoae_lam0.1_signature/latent_tda_features/seed0_test_T100_B128_H64_W64_latent64_win15_bins16.pt,44,4.1549079693079656e-07,0.9999978893694739
lorenz96,TopoAE,0,64,models/lorenz96_topoae_lam0.1_signature/latent_tda_features/seed0_test_T100_B128_H64_W64_latent64_win15_bins16.pt,45,3.434454466433557e-07,0.9999982328149205
lorenz96,TopoAE,0,64,models/lorenz96_topoae_lam0.1_signature/latent_tda_features/seed0_test_T100_B128_H64_W64_latent64_win15_bins16.pt,46,3.1114943274815835e-07,0.9999985439643533
lorenz96,TopoAE,0,64,models/lorenz96_topoae_lam0.1_signature/latent_tda_features/seed0_test_T100_B128_H64_W64_latent64_win15_bins16.pt,47,2.714036180667097e-07,0.9999988153679713
lorenz96,TopoAE,0,64,models/lorenz96_topoae_lam0.1_signature/latent_tda_features/seed0_test_T100_B128_H64_W64_latent64_win15_bins16.pt,48,1.9769082940809037e-07,0.9999990130588007
lorenz96,TopoAE,0,64,models/lorenz96_topoae_lam0.1_signature/latent_tda_features/seed0_test_T100_B128_H64_W64_latent64_win15_bins16.pt,49,1.6690945356562126e-07,0.9999991799682543
lorenz96,TopoAE,0,64,models/lorenz96_topoae_lam0.1_signature/latent_tda_features/seed0_test_T100_B128_H64_W64_latent64_win15_bins16.pt,50,1.3360961444119002e-07,0.9999993135778688
lorenz96,TopoAE,0,64,models/lorenz96_topoae_lam0.1_signature/latent_tda_features/seed0_test_T100_B128_H64_W64_latent64_win15_bins16.pt,51,1.14286278988912e-07,0.9999994278641477
lorenz96,TopoAE,0,64,models/lorenz96_topoae_lam0.1_signature/latent_tda_features/seed0_test_T100_B128_H64_W64_latent64_win15_bins16.pt,52,8.811280302249442e-08,0.9999995159769508
lorenz96,TopoAE,0,64,models/lorenz96_topoae_lam0.1_signature/latent_tda_features/seed0_test_T100_B128_H64_W64_latent64_win15_bins16.pt,53,7.65525041561881e-08,0.9999995925294549
lorenz96,TopoAE,0,64,models/lorenz96_topoae_lam0.1_signature/latent_tda_features/seed0_test_T100_B128_H64_W64_latent64_win15_bins16.pt,54,6.398094513875404e-08,0.9999996565104
lorenz96,TopoAE,0,64,models/lorenz96_topoae_lam0.1_signature/latent_tda_features/seed0_test_T100_B128_H64_W64_latent64_win15_bins16.pt,55,5.967523145880546e-08,0.9999997161856314
lorenz96,TopoAE,0,64,models/lorenz96_topoae_lam0.1_signature/latent_tda_features/seed0_test_T100_B128_H64_W64_latent64_win15_bins16.pt,56,5.7474981143043874e-08,0.9999997736606125
lorenz96,TopoAE,0,64,models/lorenz96_topoae_lam0.1_signature/latent_tda_features/seed0_test_T100_B128_H64_W64_latent64_win15_bins16.pt,57,4.911659411630711e-08,0.9999998227772067
lorenz96,TopoAE,0,64,models/lorenz96_topoae_lam0.1_signature/latent_tda_features/seed0_test_T100_B128_H64_W64_latent64_win15_bins16.pt,58,3.8127932000097753e-08,0.9999998609051387
lorenz96,TopoAE,0,64,models/lorenz96_topoae_lam0.1_signature/latent_tda_features/seed0_test_T100_B128_H64_W64_latent64_win15_bins16.pt,59,3.684105450290591e-08,0.9999998977461932
lorenz96,TopoAE,0,64,models/lorenz96_topoae_lam0.1_signature/latent_tda_features/seed0_test_T100_B128_H64_W64_latent64_win15_bins16.pt,60,3.0021254984516436e-08,0.9999999277674483
lorenz96,TopoAE,0,64,models/lorenz96_topoae_lam0.1_signature/latent_tda_features/seed0_test_T100_B128_H64_W64_latent64_win15_bins16.pt,61,2.1116205386034162e-08,0.9999999488836536
lorenz96,TopoAE,0,64,models/lorenz96_topoae_lam0.1_signature/latent_tda_features/seed0_test_T100_B128_H64_W64_latent64_win15_bins16.pt,62,2.1013644748517746e-08,0.9999999698972983
lorenz96,TopoAE,0,64,models/lorenz96_topoae_lam0.1_signature/latent_tda_features/seed0_test_T100_B128_H64_W64_latent64_win15_bins16.pt,63,1.6417235659333953e-08,0.999999986314534
lorenz96,TopoAE,0,64,models/lorenz96_topoae_lam0.1_signature/latent_tda_features/seed0_test_T100_B128_H64_W64_latent64_win15_bins16.pt,64,1.3685466072217461e-08,1.0
electric_devices,AE,0,64,models/electric_devices/latent_tda_features/seed0_test_T96_B128_H32_W32_latent64_win15_bins16.pt,1,0.5510207913526739,0.5510207913526739
electric_devices,AE,0,64,models/electric_devices/latent_tda_features/seed0_test_T96_B128_H32_W32_latent64_win15_bins16.pt,2,0.4445081651216231,0.9955289564742971
electric_devices,AE,0,64,models/electric_devices/latent_tda_features/seed0_test_T96_B128_H32_W32_latent64_win15_bins16.pt,3,0.001842881436762456,0.9973718379110595
electric_devices,AE,0,64,models/electric_devices/latent_tda_features/seed0_test_T96_B128_H32_W32_latent64_win15_bins16.pt,4,0.0006457392369690824,0.9980175771480286
electric_devices,AE,0,64,models/electric_devices/latent_tda_features/seed0_test_T96_B128_H32_W32_latent64_win15_bins16.pt,5,0.00044918490249799646,0.9984667620505266
electric_devices,AE,0,64,models/electric_devices/latent_tda_features/seed0_test_T96_B128_H32_W32_latent64_win15_bins16.pt,6,0.00029314994386593315,0.9987599119943926
electric_devices,AE,0,64,models/electric_devices/latent_tda_features/seed0_test_T96_B128_H32_W32_latent64_win15_bins16.pt,7,0.00022757989602419426,0.9989874918904168
electric_devices,AE,0,64,models/electric_devices/latent_tda_features/seed0_test_T96_B128_H32_W32_latent64_win15_bins16.pt,8,0.0001713849693509012,0.9991588768597677
electric_devices,AE,0,64,models/electric_devices/latent_tda_features/seed0_test_T96_B128_H32_W32_latent64_win15_bins16.pt,9,0.00014573225365360743,0.9993046091134212
electric_devices,AE,0,64,models/electric_devices/latent_tda_features/seed0_test_T96_B128_H32_W32_latent64_win15_bins16.pt,10,0.00011228588724624066,0.9994168950006674
electric_devices,AE,0,64,models/electric_devices/latent_tda_features/seed0_test_T96_B128_H32_W32_latent64_win15_bins16.pt,11,9.42720199748473e-05,0.9995111670206422
electric_devices,AE,0,64,models/electric_devices/latent_tda_features/seed0_test_T96_B128_H32_W32_latent64_win15_bins16.pt,12,8.350695241491267e-05,0.9995946739730571
electric_devices,AE,0,64,models/electric_devices/latent_tda_features/seed0_test_T96_B128_H32_W32_latent64_win15_bins16.pt,13,5.468571840017112e-05,0.9996493596914573
electric_devices,AE,0,64,models/electric_devices/latent_tda_features/seed0_test_T96_B128_H32_W32_latent64_win15_bins16.pt,14,4.047772081579345e-05,0.9996898374122731
electric_devices,AE,0,64,models/electric_devices/latent_tda_features/seed0_test_T96_B128_H32_W32_latent64_win15_bins16.pt,15,3.718634596283992e-05,0.999727023758236
electric_devices,AE,0,64,models/electric_devices/latent_tda_features/seed0_test_T96_B128_H32_W32_latent64_win15_bins16.pt,16,3.549255841354547e-05,0.9997625163166495
electric_devices,AE,0,64,models/electric_devices/latent_tda_features/seed0_test_T96_B128_H32_W32_latent64_win15_bins16.pt,17,2.7236258495512184e-05,0.999789752575145
electric_devices,AE,0,64,models/electric_devices/latent_tda_features/seed0_test_T96_B128_H32_W32_latent64_win15_bins16.pt,18,2.381083993785061e-05,0.9998135634150829
electric_devices,AE,0,64,models/electric_devices/latent_tda_features/seed0_test_T96_B128_H32_W32_latent64_win15_bins16.pt,19,1.951210848922093e-05,0.9998330755235721
electric_devices,AE,0,64,models/electric_devices/latent_tda_features/seed0_test_T96_B128_H32_W32_latent64_win15_bins16.pt,20,1.821099305164382e-05,0.9998512865166238
electric_devices,AE,0,64,models/electric_devices/latent_tda_features/seed0_test_T96_B128_H32_W32_latent64_win15_bins16.pt,21,1.5417228559018887e-05,0.9998667037451828
electric_devices,AE,0,64,models/electric_devices/latent_tda_features/seed0_test_T96_B128_H32_W32_latent64_win15_bins16.pt,22,1.3724940694744456e-05,0.9998804286858776
electric_devices,AE,0,64,models/electric_devices/latent_tda_features/seed0_test_T96_B128_H32_W32_latent64_win15_bins16.pt,23,1.1981596292359656e-05,0.9998924102821699
electric_devices,AE,0,64,models/electric_devices/latent_tda_features/seed0_test_T96_B128_H32_W32_latent64_win15_bins16.pt,24,1.1301166976417094e-05,0.9999037114491464
electric_devices,AE,0,64,models/electric_devices/latent_tda_features/seed0_test_T96_B128_H32_W32_latent64_win15_bins16.pt,25,8.896264280465031e-06,0.9999126077134268
electric_devices,AE,0,64,models/electric_devices/latent_tda_features/seed0_test_T96_B128_H32_W32_latent64_win15_bins16.pt,26,7.912578803732343e-06,0.9999205202922306
electric_devices,AE,0,64,models/electric_devices/latent_tda_features/seed0_test_T96_B128_H32_W32_latent64_win15_bins16.pt,27,6.981121476995031e-06,0.9999275014137076
electric_devices,AE,0,64,models/electric_devices/latent_tda_features/seed0_test_T96_B128_H32_W32_latent64_win15_bins16.pt,28,5.906048246404786e-06,0.9999334074619539
electric_devices,AE,0,64,models/electric_devices/latent_tda_features/seed0_test_T96_B128_H32_W32_latent64_win15_bins16.pt,29,5.238285976974043e-06,0.9999386457479309
electric_devices,AE,0,64,models/electric_devices/latent_tda_features/seed0_test_T96_B128_H32_W32_latent64_win15_bins16.pt,30,4.711965886001485e-06,0.9999433577138169
electric_devices,AE,0,64,models/electric_devices/latent_tda_features/seed0_test_T96_B128_H32_W32_latent64_win15_bins16.pt,31,4.3804057765121595e-06,0.9999477381195935
electric_devices,AE,0,64,models/electric_devices/latent_tda_features/seed0_test_T96_B128_H32_W32_latent64_win15_bins16.pt,32,4.0897492556403515e-06,0.9999518278688491
electric_devices,AE,0,64,models/electric_devices/latent_tda_features/seed0_test_T96_B128_H32_W32_latent64_win15_bins16.pt,33,3.929321540839591e-06,0.9999557571903899
electric_devices,AE,0,64,models/electric_devices/latent_tda_features/seed0_test_T96_B128_H32_W32_latent64_win15_bins16.pt,34,3.5877973311351525e-06,0.999959344987721
electric_devices,AE,0,64,models/electric_devices/latent_tda_features/seed0_test_T96_B128_H32_W32_latent64_win15_bins16.pt,35,3.1263837166176993e-06,0.9999624713714376
electric_devices,AE,0,64,models/electric_devices/latent_tda_features/seed0_test_T96_B128_H32_W32_latent64_win15_bins16.pt,36,3.0700670939029405e-06,0.9999655414385314
electric_devices,AE,0,64,models/electric_devices/latent_tda_features/seed0_test_T96_B128_H32_W32_latent64_win15_bins16.pt,37,2.7304252640045925e-06,0.9999682718637954
electric_devices,AE,0,64,models/electric_devices/latent_tda_features/seed0_test_T96_B128_H32_W32_latent64_win15_bins16.pt,38,2.594775341311878e-06,0.9999708666391367
electric_devices,AE,0,64,models/electric_devices/latent_tda_features/seed0_test_T96_B128_H32_W32_latent64_win15_bins16.pt,39,2.359432779598856e-06,0.9999732260719163
electric_devices,AE,0,64,models/electric_devices/latent_tda_features/seed0_test_T96_B128_H32_W32_latent64_win15_bins16.pt,40,2.160740864218485e-06,0.9999753868127805
electric_devices,AE,0,64,models/electric_devices/latent_tda_features/seed0_test_T96_B128_H32_W32_latent64_win15_bins16.pt,41,2.0618349031899895e-06,0.9999774486476837
electric_devices,AE,0,64,models/electric_devices/latent_tda_features/seed0_test_T96_B128_H32_W32_latent64_win15_bins16.pt,42,1.8186031233971158e-06,0.9999792672508071
electric_devices,AE,0,64,models/electric_devices/latent_tda_features/seed0_test_T96_B128_H32_W32_latent64_win15_bins16.pt,43,1.6615231439945786e-06,0.9999809287739511
electric_devices,AE,0,64,models/electric_devices/latent_tda_features/seed0_test_T96_B128_H32_W32_latent64_win15_bins16.pt,44,1.6385233506196925e-06,0.9999825672973017
electric_devices,AE,0,64,models/electric_devices/latent_tda_features/seed0_test_T96_B128_H32_W32_latent64_win15_bins16.pt,45,1.5674732156053157e-06,0.9999841347705173
electric_devices,AE,0,64,models/electric_devices/latent_tda_features/seed0_test_T96_B128_H32_W32_latent64_win15_bins16.pt,46,1.4132670813273594e-06,0.9999855480375986
electric_devices,AE,0,64,models/electric_devices/latent_tda_features/seed0_test_T96_B128_H32_W32_latent64_win15_bins16.pt,47,1.3364585398234796e-06,0.9999868844961385
electric_devices,AE,0,64,models/electric_devices/latent_tda_features/seed0_test_T96_B128_H32_W32_latent64_win15_bins16.pt,48,1.219886150475404e-06,0.9999881043822889
electric_devices,AE,0,64,models/electric_devices/latent_tda_features/seed0_test_T96_B128_H32_W32_latent64_win15_bins16.pt,49,1.1279331189303171e-06,0.9999892323154078
electric_devices,AE,0,64,models/electric_devices/latent_tda_features/seed0_test_T96_B128_H32_W32_latent64_win15_bins16.pt,50,1.060021269390955e-06,0.9999902923366772
electric_devices,AE,0,64,models/electric_devices/latent_tda_features/seed0_test_T96_B128_H32_W32_latent64_win15_bins16.pt,51,1.0144869455413093e-06,0.9999913068236228
electric_devices,AE,0,64,models/electric_devices/latent_tda_features/seed0_test_T96_B128_H32_W32_latent64_win15_bins16.pt,52,9.275822473528716e-07,0.9999922344058702
electric_devices,AE,0,64,models/electric_devices/latent_tda_features/seed0_test_T96_B128_H32_W32_latent64_win15_bins16.pt,53,8.772577512456616e-07,0.9999931116636214
electric_devices,AE,0,64,models/electric_devices/latent_tda_features/seed0_test_T96_B128_H32_W32_latent64_win15_bins16.pt,54,8.546829826221678e-07,0.999993966346604
electric_devices,AE,0,64,models/electric_devices/latent_tda_features/seed0_test_T96_B128_H32_W32_latent64_win15_bins16.pt,55,8.282168038249509e-07,0.9999947945634078
electric_devices,AE,0,64,models/electric_devices/latent_tda_features/seed0_test_T96_B128_H32_W32_latent64_win15_bins16.pt,56,7.440718231818243e-07,0.9999955386352309
electric_devices,AE,0,64,models/electric_devices/latent_tda_features/seed0_test_T96_B128_H32_W32_latent64_win15_bins16.pt,57,7.235167885988906e-07,0.9999962621520195
electric_devices,AE,0,64,models/electric_devices/latent_tda_features/seed0_test_T96_B128_H32_W32_latent64_win15_bins16.pt,58,6.426843930265145e-07,0.9999969048364126
electric_devices,AE,0,64,models/electric_devices/latent_tda_features/seed0_test_T96_B128_H32_W32_latent64_win15_bins16.pt,59,6.323003535071126e-07,0.9999975371367661
electric_devices,AE,0,64,models/electric_devices/latent_tda_features/seed0_test_T96_B128_H32_W32_latent64_win15_bins16.pt,60,5.86042611022963e-07,0.9999981231793771
electric_devices,AE,0,64,models/electric_devices/latent_tda_features/seed0_test_T96_B128_H32_W32_latent64_win15_bins16.pt,61,5.332900920520997e-07,0.9999986564694692
electric_devices,AE,0,64,models/electric_devices/latent_tda_features/seed0_test_T96_B128_H32_W32_latent64_win15_bins16.pt,62,4.6992043174340497e-07,0.999999126389901
electric_devices,AE,0,64,models/electric_devices/latent_tda_features/seed0_test_T96_B128_H32_W32_latent64_win15_bins16.pt,63,4.4891724110136144e-07,0.999999575307142
electric_devices,AE,0,64,models/electric_devices/latent_tda_features/seed0_test_T96_B128_H32_W32_latent64_win15_bins16.pt,64,4.246928578593068e-07,0.9999999999999999
electric_devices,GeoAE,0,64,models/electric_devices_geoae_lam0.1/latent_tda_features/seed0_test_T96_B128_H32_W32_latent64_win15_bins16.pt,1,0.17144105311934635,0.17144105311934635
electric_devices,GeoAE,0,64,models/electric_devices_geoae_lam0.1/latent_tda_features/seed0_test_T96_B128_H32_W32_latent64_win15_bins16.pt,2,0.12248384751528726,0.2939249006346336
electric_devices,GeoAE,0,64,models/electric_devices_geoae_lam0.1/latent_tda_features/seed0_test_T96_B128_H32_W32_latent64_win15_bins16.pt,3,0.09122573997579726,0.38515064061043086
electric_devices,GeoAE,0,64,models/electric_devices_geoae_lam0.1/latent_tda_features/seed0_test_T96_B128_H32_W32_latent64_win15_bins16.pt,4,0.06670790818798093,0.4518585487984118
electric_devices,GeoAE,0,64,models/electric_devices_geoae_lam0.1/latent_tda_features/seed0_test_T96_B128_H32_W32_latent64_win15_bins16.pt,5,0.04399397993756418,0.49585252873597596
electric_devices,GeoAE,0,64,models/electric_devices_geoae_lam0.1/latent_tda_features/seed0_test_T96_B128_H32_W32_latent64_win15_bins16.pt,6,0.037322143602335316,0.5331746723383113
electric_devices,GeoAE,0,64,models/electric_devices_geoae_lam0.1/latent_tda_features/seed0_test_T96_B128_H32_W32_latent64_win15_bins16.pt,7,0.03440478559619563,0.5675794579345069
electric_devices,GeoAE,0,64,models/electric_devices_geoae_lam0.1/latent_tda_features/seed0_test_T96_B128_H32_W32_latent64_win15_bins16.pt,8,0.027384396355798594,0.5949638542903055
electric_devices,GeoAE,0,64,models/electric_devices_geoae_lam0.1/latent_tda_features/seed0_test_T96_B128_H32_W32_latent64_win15_bins16.pt,9,0.026912501140566508,0.621876355430872
electric_devices,GeoAE,0,64,models/electric_devices_geoae_lam0.1/latent_tda_features/seed0_test_T96_B128_H32_W32_latent64_win15_bins16.pt,10,0.024411258252960654,0.6462876136838327
electric_devices,GeoAE,0,64,models/electric_devices_geoae_lam0.1/latent_tda_features/seed0_test_T96_B128_H32_W32_latent64_win15_bins16.pt,11,0.021808890562675952,0.6680965042465087
electric_devices,GeoAE,0,64,models/electric_devices_geoae_lam0.1/latent_tda_features/seed0_test_T96_B128_H32_W32_latent64_win15_bins16.pt,12,0.01971773176928825,0.6878142360157969
electric_devices,GeoAE,0,64,models/electric_devices_geoae_lam0.1/latent_tda_features/seed0_test_T96_B128_H32_W32_latent64_win15_bins16.pt,13,0.019335305711349154,0.7071495417271461
electric_devices,GeoAE,0,64,models/electric_devices_geoae_lam0.1/latent_tda_features/seed0_test_T96_B128_H32_W32_latent64_win15_bins16.pt,14,0.01688028513116984,0.7240298268583159
electric_devices,GeoAE,0,64,models/electric_devices_geoae_lam0.1/latent_tda_features/seed0_test_T96_B128_H32_W32_latent64_win15_bins16.pt,15,0.015971923788938067,0.7400017506472539
electric_devices,GeoAE,0,64,models/electric_devices_geoae_lam0.1/latent_tda_features/seed0_test_T96_B128_H32_W32_latent64_win15_bins16.pt,16,0.014610424389091079,0.754612175036345
electric_devices,GeoAE,0,64,models/electric_devices_geoae_lam0.1/latent_tda_features/seed0_test_T96_B128_H32_W32_latent64_win15_bins16.pt,17,0.014148774925038037,0.7687609499613831
electric_devices,GeoAE,0,64,models/electric_devices_geoae_lam0.1/latent_tda_features/seed0_test_T96_B128_H32_W32_latent64_win15_bins16.pt,18,0.012809398189864464,0.7815703481512476
electric_devices,GeoAE,0,64,models/electric_devices_geoae_lam0.1/latent_tda_features/seed0_test_T96_B128_H32_W32_latent64_win15_bins16.pt,19,0.01209546476841021,0.7936658129196578
electric_devices,GeoAE,0,64,models/electric_devices_geoae_lam0.1/latent_tda_features/seed0_test_T96_B128_H32_W32_latent64_win15_bins16.pt,20,0.011753478261907894,0.8054192911815656
electric_devices,GeoAE,0,64,models/electric_devices_geoae_lam0.1/latent_tda_features/seed0_test_T96_B128_H32_W32_latent64_win15_bins16.pt,21,0.011101269101809374,0.816520560283375
electric_devices,GeoAE,0,64,models/electric_devices_geoae_lam0.1/latent_tda_features/seed0_test_T96_B128_H32_W32_latent64_win15_bins16.pt,22,0.010631175850040853,0.8271517361334159
electric_devices,GeoAE,0,64,models/electric_devices_geoae_lam0.1/latent_tda_features/seed0_test_T96_B128_H32_W32_latent64_win15_bins16.pt,23,0.010046781527716878,0.8371985176611327
electric_devices,GeoAE,0,64,models/electric_devices_geoae_lam0.1/latent_tda_features/seed0_test_T96_B128_H32_W32_latent64_win15_bins16.pt,24,0.009432792934677678,0.8466313105958104
electric_devices,GeoAE,0,64,models/electric_devices_geoae_lam0.1/latent_tda_features/seed0_test_T96_B128_H32_W32_latent64_win15_bins16.pt,25,0.009089276193157563,0.855720586788968
electric_devices,GeoAE,0,64,models/electric_devices_geoae_lam0.1/latent_tda_features/seed0_test_T96_B128_H32_W32_latent64_win15_bins16.pt,26,0.008758613871163296,0.8644792006601313
electric_devices,GeoAE,0,64,models/electric_devices_geoae_lam0.1/latent_tda_features/seed0_test_T96_B128_H32_W32_latent64_win15_bins16.pt,27,0.008232206920387232,0.8727114075805186
electric_devices,GeoAE,0,64,models/electric_devices_geoae_lam0.1/latent_tda_features/seed0_test_T96_B128_H32_W32_latent64_win15_bins16.pt,28,0.00791722037782482,0.8806286279583434
electric_devices,GeoAE,0,64,models/electric_devices_geoae_lam0.1/latent_tda_features/seed0_test_T96_B128_H32_W32_latent64_win15_bins16.pt,29,0.007493371104563093,0.8881219990629065
electric_devices,GeoAE,0,64,models/electric_devices_geoae_lam0.1/latent_tda_features/seed0_test_T96_B128_H32_W32_latent64_win15_bins16.pt,30,0.00711097403233569,0.8952329730952422
electric_devices,GeoAE,0,64,models/electric_devices_geoae_lam0.1/latent_tda_features/seed0_test_T96_B128_H32_W32_latent64_win15_bins16.pt,31,0.00642435215279234,0.9016573252480345
electric_devices,GeoAE,0,64,models/electric_devices_geoae_lam0.1/latent_tda_features/seed0_test_T96_B128_H32_W32_latent64_win15_bins16.pt,32,0.0062702991692446895,0.9079276244172793
electric_devices,GeoAE,0,64,models/electric_devices_geoae_lam0.1/latent_tda_features/seed0_test_T96_B128_H32_W32_latent64_win15_bins16.pt,33,0.005750157522814612,0.9136777819400939
electric_devices,GeoAE,0,64,models/electric_devices_geoae_lam0.1/latent_tda_features/seed0_test_T96_B128_H32_W32_latent64_win15_bins16.pt,34,0.0054599281329805165,0.9191377100730743
electric_devices,GeoAE,0,64,models/electric_devices_geoae_lam0.1/latent_tda_features/seed0_test_T96_B128_H32_W32_latent64_win15_bins16.pt,35,0.0052436529682709475,0.9243813630413452
electric_devices,GeoAE,0,64,models/electric_devices_geoae_lam0.1/latent_tda_features/seed0_test_T96_B128_H32_W32_latent64_win15_bins16.pt,36,0.005041854870440556,0.9294232179117857
electric_devices,GeoAE,0,64,models/electric_devices_geoae_lam0.1/latent_tda_features/seed0_test_T96_B128_H32_W32_latent64_win15_bins16.pt,37,0.004881494284830167,0.9343047121966159
electric_devices,GeoAE,0,64,models/electric_devices_geoae_lam0.1/latent_tda_features/seed0_test_T96_B128_H32_W32_latent64_win15_bins16.pt,38,0.0045028955437099605,0.9388076077403259
electric_devices,GeoAE,0,64,models/electric_devices_geoae_lam0.1/latent_tda_features/seed0_test_T96_B128_H32_W32_latent64_win15_bins16.pt,39,0.0044128479474902305,0.9432204556878161
electric_devices,GeoAE,0,64,models/electric_devices_geoae_lam0.1/latent_tda_features/seed0_test_T96_B128_H32_W32_latent64_win15_bins16.pt,40,0.004166644364657689,0.9473871000524737
electric_devices,GeoAE,0,64,models/electric_devices_geoae_lam0.1/latent_tda_features/seed0_test_T96_B128_H32_W32_latent64_win15_bins16.pt,41,0.0037742025067275605,0.9511613025592013
electric_devices,GeoAE,0,64,models/electric_devices_geoae_lam0.1/latent_tda_features/seed0_test_T96_B128_H32_W32_latent64_win15_bins16.pt,42,0.0036279407152940276,0.9547892432744953
electric_devices,GeoAE,0,64,models/electric_devices_geoae_lam0.1/latent_tda_features/seed0_test_T96_B128_H32_W32_latent64_win15_bins16.pt,43,0.0035055074765778923,0.9582947507510732
electric_devices,GeoAE,0,64,models/electric_devices_geoae_lam0.1/latent_tda_features/seed0_test_T96_B128_H32_W32_latent64_win15_bins16.pt,44,0.003256811310907581,0.9615515620619808
electric_devices,GeoAE,0,64,models/electric_devices_geoae_lam0.1/latent_tda_features/seed0_test_T96_B128_H32_W32_latent64_win15_bins16.pt,45,0.0031016869334644904,0.9646532489954452
electric_devices,GeoAE,0,64,models/electric_devices_geoae_lam0.1/latent_tda_features/seed0_test_T96_B128_H32_W32_latent64_win15_bins16.pt,46,0.0030079615602465236,0.9676612105556918
electric_devices,GeoAE,0,64,models/electric_devices_geoae_lam0.1/latent_tda_features/seed0_test_T96_B128_H32_W32_latent64_win15_bins16.pt,47,0.002997594774245549,0.9706588053299373
electric_devices,GeoAE,0,64,models/electric_devices_geoae_lam0.1/latent_tda_features/seed0_test_T96_B128_H32_W32_latent64_win15_bins16.pt,48,0.00278865045977133,0.9734474557897086
electric_devices,GeoAE,0,64,models/electric_devices_geoae_lam0.1/latent_tda_features/seed0_test_T96_B128_H32_W32_latent64_win15_bins16.pt,49,0.002689726643039652,0.9761371824327483
electric_devices,GeoAE,0,64,models/electric_devices_geoae_lam0.1/latent_tda_features/seed0_test_T96_B128_H32_W32_latent64_win15_bins16.pt,50,0.0024415254135317643,0.97857870784628
electric_devices,GeoAE,0,64,models/electric_devices_geoae_lam0.1/latent_tda_features/seed0_test_T96_B128_H32_W32_latent64_win15_bins16.pt,51,0.0022603123676023253,0.9808390202138824
electric_devices,GeoAE,0,64,models/electric_devices_geoae_lam0.1/latent_tda_features/seed0_test_T96_B128_H32_W32_latent64_win15_bins16.pt,52,0.00216844169687405,0.9830074619107564
electric_devices,GeoAE,0,64,models/electric_devices_geoae_lam0.1/latent_tda_features/seed0_test_T96_B128_H32_W32_latent64_win15_bins16.pt,53,0.002119702780290269,0.9851271646910467
electric_devices,GeoAE,0,64,models/electric_devices_geoae_lam0.1/latent_tda_features/seed0_test_T96_B128_H32_W32_latent64_win15_bins16.pt,54,0.0020062643063406167,0.9871334289973873
electric_devices,GeoAE,0,64,models/electric_devices_geoae_lam0.1/latent_tda_features/seed0_test_T96_B128_H32_W32_latent64_win15_bins16.pt,55,0.001816379043369277,0.9889498080407566
electric_devices,GeoAE,0,64,models/electric_devices_geoae_lam0.1/latent_tda_features/seed0_test_T96_B128_H32_W32_latent64_win15_bins16.pt,56,0.0017010353510022154,0.9906508433917588
electric_devices,GeoAE,0,64,models/electric_devices_geoae_lam0.1/latent_tda_features/seed0_test_T96_B128_H32_W32_latent64_win15_bins16.pt,57,0.0015716773098483129,0.9922225207016071
electric_devices,GeoAE,0,64,models/electric_devices_geoae_lam0.1/latent_tda_features/seed0_test_T96_B128_H32_W32_latent64_win15_bins16.pt,58,0.0014411184039428806,0.99366363910555
electric_devices,GeoAE,0,64,models/electric_devices_geoae_lam0.1/latent_tda_features/seed0_test_T96_B128_H32_W32_latent64_win15_bins16.pt,59,0.0013865494909514088,0.9950501885965014
electric_devices,GeoAE,0,64,models/electric_devices_geoae_lam0.1/latent_tda_features/seed0_test_T96_B128_H32_W32_latent64_win15_bins16.pt,60,0.0012639158271726889,0.9963141044236741
electric_devices,GeoAE,0,64,models/electric_devices_geoae_lam0.1/latent_tda_features/seed0_test_T96_B128_H32_W32_latent64_win15_bins16.pt,61,0.0010861334688074384,0.9974002378924816
electric_devices,GeoAE,0,64,models/electric_devices_geoae_lam0.1/latent_tda_features/seed0_test_T96_B128_H32_W32_latent64_win15_bins16.pt,62,0.0010086598647100601,0.9984088977571917
electric_devices,GeoAE,0,64,models/electric_devices_geoae_lam0.1/latent_tda_features/seed0_test_T96_B128_H32_W32_latent64_win15_bins16.pt,63,0.0008711085731386884,0.9992800063303303
electric_devices,GeoAE,0,64,models/electric_devices_geoae_lam0.1/latent_tda_features/seed0_test_T96_B128_H32_W32_latent64_win15_bins16.pt,64,0.0007199936696696338,1.0
electric_devices,TopoAE,0,64,models/electric_devices_topoae_lam0.1_signature/latent_tda_features/seed0_test_T96_B128_H32_W32_latent64_win15_bins16.pt,1,0.4410165430824463,0.4410165430824463
electric_devices,TopoAE,0,64,models/electric_devices_topoae_lam0.1_signature/latent_tda_features/seed0_test_T96_B128_H32_W32_latent64_win15_bins16.pt,2,0.20574961818379237,0.6467661612662386
electric_devices,TopoAE,0,64,models/electric_devices_topoae_lam0.1_signature/latent_tda_features/seed0_test_T96_B128_H32_W32_latent64_win15_bins16.pt,3,0.1520339953258487,0.7988001565920874
electric_devices,TopoAE,0,64,models/electric_devices_topoae_lam0.1_signature/latent_tda_features/seed0_test_T96_B128_H32_W32_latent64_win15_bins16.pt,4,0.08464023288526745,0.8834403894773548
electric_devices,TopoAE,0,64,models/electric_devices_topoae_lam0.1_signature/latent_tda_features/seed0_test_T96_B128_H32_W32_latent64_win15_bins16.pt,5,0.046834111705722915,0.9302745011830778
electric_devices,TopoAE,0,64,models/electric_devices_topoae_lam0.1_signature/latent_tda_features/seed0_test_T96_B128_H32_W32_latent64_win15_bins16.pt,6,0.03350329718298948,0.9637777983660673
electric_devices,TopoAE,0,64,models/electric_devices_topoae_lam0.1_signature/latent_tda_features/seed0_test_T96_B128_H32_W32_latent64_win15_bins16.pt,7,0.015998472806027043,0.9797762711720943
electric_devices,TopoAE,0,64,models/electric_devices_topoae_lam0.1_signature/latent_tda_features/seed0_test_T96_B128_H32_W32_latent64_win15_bins16.pt,8,0.008388876982814701,0.988165148154909
electric_devices,TopoAE,0,64,models/electric_devices_topoae_lam0.1_signature/latent_tda_features/seed0_test_T96_B128_H32_W32_latent64_win15_bins16.pt,9,0.007671333366882398,0.9958364815217914
electric_devices,TopoAE,0,64,models/electric_devices_topoae_lam0.1_signature/latent_tda_features/seed0_test_T96_B128_H32_W32_latent64_win15_bins16.pt,10,0.0015332843750954241,0.9973697658968869
electric_devices,TopoAE,0,64,models/electric_devices_topoae_lam0.1_signature/latent_tda_features/seed0_test_T96_B128_H32_W32_latent64_win15_bins16.pt,11,0.0007153898485845956,0.9980851557454714
electric_devices,TopoAE,0,64,models/electric_devices_topoae_lam0.1_signature/latent_tda_features/seed0_test_T96_B128_H32_W32_latent64_win15_bins16.pt,12,0.00041319589399632433,0.9984983516394678
electric_devices,TopoAE,0,64,models/electric_devices_topoae_lam0.1_signature/latent_tda_features/seed0_test_T96_B128_H32_W32_latent64_win15_bins16.pt,13,0.0003424040078420271,0.9988407556473098
electric_devices,TopoAE,0,64,models/electric_devices_topoae_lam0.1_signature/latent_tda_features/seed0_test_T96_B128_H32_W32_latent64_win15_bins16.pt,14,0.00026940322522046184,0.9991101588725303
electric_devices,TopoAE,0,64,models/electric_devices_topoae_lam0.1_signature/latent_tda_features/seed0_test_T96_B128_H32_W32_latent64_win15_bins16.pt,15,0.00019572869257676687,0.9993058875651071
electric_devices,TopoAE,0,64,models/electric_devices_topoae_lam0.1_signature/latent_tda_features/seed0_test_T96_B128_H32_W32_latent64_win15_bins16.pt,16,0.00013654681254145258,0.9994424343776486
electric_devices,TopoAE,0,64,models/electric_devices_topoae_lam0.1_signature/latent_tda_features/seed0_test_T96_B128_H32_W32_latent64_win15_bins16.pt,17,0.00011412945967386835,0.9995565638373224
electric_devices,TopoAE,0,64,models/electric_devices_topoae_lam0.1_signature/latent_tda_features/seed0_test_T96_B128_H32_W32_latent64_win15_bins16.pt,18,9.805091515681707e-05,0.9996546147524792
electric_devices,TopoAE,0,64,models/electric_devices_topoae_lam0.1_signature/latent_tda_features/seed0_test_T96_B128_H32_W32_latent64_win15_bins16.pt,19,6.261192758456889e-05,0.9997172266800638
electric_devices,TopoAE,0,64,models/electric_devices_topoae_lam0.1_signature/latent_tda_features/seed0_test_T96_B128_H32_W32_latent64_win15_bins16.pt,20,4.6930661902655596e-05,0.9997641573419664
electric_devices,TopoAE,0,64,models/electric_devices_topoae_lam0.1_signature/latent_tda_features/seed0_test_T96_B128_H32_W32_latent64_win15_bins16.pt,21,3.295329203964512e-05,0.9997971106340061
electric_devices,TopoAE,0,64,models/electric_devices_topoae_lam0.1_signature/latent_tda_features/seed0_test_T96_B128_H32_W32_latent64_win15_bins16.pt,22,3.082230141693581e-05,0.999827932935423
electric_devices,TopoAE,0,64,models/electric_devices_topoae_lam0.1_signature/latent_tda_features/seed0_test_T96_B128_H32_W32_latent64_win15_bins16.pt,23,2.2006165127509786e-05,0.9998499391005505
electric_devices,TopoAE,0,64,models/electric_devices_topoae_lam0.1_signature/latent_tda_features/seed0_test_T96_B128_H32_W32_latent64_win15_bins16.pt,24,1.849875477072967e-05,0.9998684378553213
electric_devices,TopoAE,0,64,models/electric_devices_topoae_lam0.1_signature/latent_tda_features/seed0_test_T96_B128_H32_W32_latent64_win15_bins16.pt,25,1.6131028632583902e-05,0.9998845688839539
electric_devices,TopoAE,0,64,models/electric_devices_topoae_lam0.1_signature/latent_tda_features/seed0_test_T96_B128_H32_W32_latent64_win15_bins16.pt,26,1.3891490234506016e-05,0.9998984603741884
electric_devices,TopoAE,0,64,models/electric_devices_topoae_lam0.1_signature/latent_tda_features/seed0_test_T96_B128_H32_W32_latent64_win15_bins16.pt,27,1.2245333440983409e-05,0.9999107057076294
electric_devices,TopoAE,0,64,models/electric_devices_topoae_lam0.1_signature/latent_tda_features/seed0_test_T96_B128_H32_W32_latent64_win15_bins16.pt,28,9.732339051604078e-06,0.999920438046681
electric_devices,TopoAE,0,64,models/electric_devices_topoae_lam0.1_signature/latent_tda_features/seed0_test_T96_B128_H32_W32_latent64_win15_bins16.pt,29,9.252746841554837e-06,0.9999296907935226
electric_devices,TopoAE,0,64,models/electric_devices_topoae_lam0.1_signature/latent_tda_features/seed0_test_T96_B128_H32_W32_latent64_win15_bins16.pt,30,8.275627564087747e-06,0.9999379664210867
electric_devices,TopoAE,0,64,models/electric_devices_topoae_lam0.1_signature/latent_tda_features/seed0_test_T96_B128_H32_W32_latent64_win15_bins16.pt,31,8.08458087165405e-06,0.9999460510019583
electric_devices,TopoAE,0,64,models/electric_devices_topoae_lam0.1_signature/latent_tda_features/seed0_test_T96_B128_H32_W32_latent64_win15_bins16.pt,32,6.5486315617033566e-06,0.99995259963352
electric_devices,TopoAE,0,64,models/electric_devices_topoae_lam0.1_signature/latent_tda_features/seed0_test_T96_B128_H32_W32_latent64_win15_bins16.pt,33,5.21561361649281e-06,0.9999578152471365
electric_devices,TopoAE,0,64,models/electric_devices_topoae_lam0.1_signature/latent_tda_features/seed0_test_T96_B128_H32_W32_latent64_win15_bins16.pt,34,4.262510072078384e-06,0.9999620777572086
electric_devices,TopoAE,0,64,models/electric_devices_topoae_lam0.1_signature/latent_tda_features/seed0_test_T96_B128_H32_W32_latent64_win15_bins16.pt,35,4.1756715392387065e-06,0.9999662534287478
electric_devices,TopoAE,0,64,models/electric_devices_topoae_lam0.1_signature/latent_tda_features/seed0_test_T96_B128_H32_W32_latent64_win15_bins16.pt,36,3.983708967777051e-06,0.9999702371377156
electric_devices,TopoAE,0,64,models/electric_devices_topoae_lam0.1_signature/latent_tda_features/seed0_test_T96_B128_H32_W32_latent64_win15_bins16.pt,37,3.585113539351973e-06,0.999973822251255
electric_devices,TopoAE,0,64,models/electric_devices_topoae_lam0.1_signature/latent_tda_features/seed0_test_T96_B128_H32_W32_latent64_win15_bins16.pt,38,2.676283469255327e-06,0.9999764985347243
electric_devices,TopoAE,0,64,models/electric_devices_topoae_lam0.1_signature/latent_tda_features/seed0_test_T96_B128_H32_W32_latent64_win15_bins16.pt,39,2.5789722246139327e-06,0.9999790775069489
electric_devices,TopoAE,0,64,models/electric_devices_topoae_lam0.1_signature/latent_tda_features/seed0_test_T96_B128_H32_W32_latent64_win15_bins16.pt,40,2.3107894499264293e-06,0.9999813882963988
electric_devices,TopoAE,0,64,models/electric_devices_topoae_lam0.1_signature/latent_tda_features/seed0_test_T96_B128_H32_W32_latent64_win15_bins16.pt,41,2.1347077610727675e-06,0.9999835230041599
electric_devices,TopoAE,0,64,models/electric_devices_topoae_lam0.1_signature/latent_tda_features/seed0_test_T96_B128_H32_W32_latent64_win15_bins16.pt,42,1.8531700073603526e-06,0.9999853761741673
electric_devices,TopoAE,0,64,models/electric_devices_topoae_lam0.1_signature/latent_tda_features/seed0_test_T96_B128_H32_W32_latent64_win15_bins16.pt,43,1.4937848257875862e-06,0.9999868699589931
electric_devices,TopoAE,0,64,models/electric_devices_topoae_lam0.1_signature/latent_tda_features/seed0_test_T96_B128_H32_W32_latent64_win15_bins16.pt,44,1.4138026135364943e-06,0.9999882837616066
electric_devices,TopoAE,0,64,models/electric_devices_topoae_lam0.1_signature/latent_tda_features/seed0_test_T96_B128_H32_W32_latent64_win15_bins16.pt,45,1.3331795713579344e-06,0.999989616941178
electric_devices,TopoAE,0,64,models/electric_devices_topoae_lam0.1_signature/latent_tda_features/seed0_test_T96_B128_H32_W32_latent64_win15_bins16.pt,46,1.1903932931570166e-06,0.9999908073344712
electric_devices,TopoAE,0,64,models/electric_devices_topoae_lam0.1_signature/latent_tda_features/seed0_test_T96_B128_H32_W32_latent64_win15_bins16.pt,47,1.0924281642676855e-06,0.9999918997626355
electric_devices,TopoAE,0,64,models/electric_devices_topoae_lam0.1_signature/latent_tda_features/seed0_test_T96_B128_H32_W32_latent64_win15_bins16.pt,48,9.91388744127285e-07,0.9999928911513796
electric_devices,TopoAE,0,64,models/electric_devices_topoae_lam0.1_signature/latent_tda_features/seed0_test_T96_B128_H32_W32_latent64_win15_bins16.pt,49,8.232483454776502e-07,0.9999937143997251
electric_devices,TopoAE,0,64,models/electric_devices_topoae_lam0.1_signature/latent_tda_features/seed0_test_T96_B128_H32_W32_latent64_win15_bins16.pt,50,7.982130429094569e-07,0.999994512612768
electric_devices,TopoAE,0,64,models/electric_devices_topoae_lam0.1_signature/latent_tda_features/seed0_test_T96_B128_H32_W32_latent64_win15_bins16.pt,51,7.096974656493778e-07,0.9999952223102336
electric_devices,TopoAE,0,64,models/electric_devices_topoae_lam0.1_signature/latent_tda_features/seed0_test_T96_B128_H32_W32_latent64_win15_bins16.pt,52,6.003023651491695e-07,0.9999958226125988
electric_devices,TopoAE,0,64,models/electric_devices_topoae_lam0.1_signature/latent_tda_features/seed0_test_T96_B128_H32_W32_latent64_win15_bins16.pt,53,5.454681516495115e-07,0.9999963680807504
electric_devices,TopoAE,0,64,models/electric_devices_topoae_lam0.1_signature/latent_tda_features/seed0_test_T96_B128_H32_W32_latent64_win15_bins16.pt,54,4.601701555321063e-07,0.999996828250906
electric_devices,TopoAE,0,64,models/electric_devices_topoae_lam0.1_signature/latent_tda_features/seed0_test_T96_B128_H32_W32_latent64_win15_bins16.pt,55,4.363333188945984e-07,0.9999972645842249
electric_devices,TopoAE,0,64,models/electric_devices_topoae_lam0.1_signature/latent_tda_features/seed0_test_T96_B128_H32_W32_latent64_win15_bins16.pt,56,4.2244419124015854e-07,0.9999976870284162
electric_devices,TopoAE,0,64,models/electric_devices_topoae_lam0.1_signature/latent_tda_features/seed0_test_T96_B128_H32_W32_latent64_win15_bins16.pt,57,3.912875508723815e-07,0.9999980783159671
electric_devices,TopoAE,0,64,models/electric_devices_topoae_lam0.1_signature/latent_tda_features/seed0_test_T96_B128_H32_W32_latent64_win15_bins16.pt,58,3.722215453738666e-07,0.9999984505375125
electric_devices,TopoAE,0,64,models/electric_devices_topoae_lam0.1_signature/latent_tda_features/seed0_test_T96_B128_H32_W32_latent64_win15_bins16.pt,59,3.46424542613849e-07,0.9999987969620551
electric_devices,TopoAE,0,64,models/electric_devices_topoae_lam0.1_signature/latent_tda_features/seed0_test_T96_B128_H32_W32_latent64_win15_bins16.pt,60,3.2644286639002677e-07,0.9999991234049215
electric_devices,TopoAE,0,64,models/electric_devices_topoae_lam0.1_signature/latent_tda_features/seed0_test_T96_B128_H32_W32_latent64_win15_bins16.pt,61,2.699798809640494e-07,0.9999993933848025
electric_devices,TopoAE,0,64,models/electric_devices_topoae_lam0.1_signature/latent_tda_features/seed0_test_T96_B128_H32_W32_latent64_win15_bins16.pt,62,2.3219995189118386e-07,0.9999996255847544
electric_devices,TopoAE,0,64,models/electric_devices_topoae_lam0.1_signature/latent_tda_features/seed0_test_T96_B128_H32_W32_latent64_win15_bins16.pt,63,2.228617355891049e-07,0.99999984844649
electric_devices,TopoAE,0,64,models/electric_devices_topoae_lam0.1_signature/latent_tda_features/seed0_test_T96_B128_H32_W32_latent64_win15_bins16.pt,64,1.515535105819688e-07,1.0000000000000007
glioblastoma,AE,0,128,models/glioblastoma/latent_tda_features/seed0_test_T50_B64_H64_W64_latent128_win15_bins16.pt,1,0.3537528312404107,0.3537528312404107
glioblastoma,AE,0,128,models/glioblastoma/latent_tda_features/seed0_test_T50_B64_H64_W64_latent128_win15_bins16.pt,2,0.1439135969853766,0.49766642822578727
glioblastoma,AE,0,128,models/glioblastoma/latent_tda_features/seed0_test_T50_B64_H64_W64_latent128_win15_bins16.pt,3,0.08619326680572273,0.58385969503151
glioblastoma,AE,0,128,models/glioblastoma/latent_tda_features/seed0_test_T50_B64_H64_W64_latent128_win15_bins16.pt,4,0.07176927755433161,0.6556289725858416
glioblastoma,AE,0,128,models/glioblastoma/latent_tda_features/seed0_test_T50_B64_H64_W64_latent128_win15_bins16.pt,5,0.06055859313942092,0.7161875657252625
glioblastoma,AE,0,128,models/glioblastoma/latent_tda_features/seed0_test_T50_B64_H64_W64_latent128_win15_bins16.pt,6,0.04265100945848038,0.758838575183743
glioblastoma,AE,0,128,models/glioblastoma/latent_tda_features/seed0_test_T50_B64_H64_W64_latent128_win15_bins16.pt,7,0.03883421810371194,0.7976727932874549
glioblastoma,AE,0,128,models/glioblastoma/latent_tda_features/seed0_test_T50_B64_H64_W64_latent128_win15_bins16.pt,8,0.03626339894941264,0.8339361922368675
glioblastoma,AE,0,128,models/glioblastoma/latent_tda_features/seed0_test_T50_B64_H64_W64_latent128_win15_bins16.pt,9,0.02649999430348602,0.8604361865403536
glioblastoma,AE,0,128,models/glioblastoma/latent_tda_features/seed0_test_T50_B64_H64_W64_latent128_win15_bins16.pt,10,0.018530952006897146,0.8789671385472507
glioblastoma,AE,0,128,models/glioblastoma/latent_tda_features/seed0_test_T50_B64_H64_W64_latent128_win15_bins16.pt,11,0.016790188976454873,0.8957573275237056
glioblastoma,AE,0,128,models/glioblastoma/latent_tda_features/seed0_test_T50_B64_H64_W64_latent128_win15_bins16.pt,12,0.015066346771100622,0.9108236742948063
glioblastoma,AE,0,128,models/glioblastoma/latent_tda_features/seed0_test_T50_B64_H64_W64_latent128_win15_bins16.pt,13,0.01159194876345707,0.9224156230582633
glioblastoma,AE,0,128,models/glioblastoma/latent_tda_features/seed0_test_T50_B64_H64_W64_latent128_win15_bins16.pt,14,0.007217005163113339,0.9296326282213766
glioblastoma,AE,0,128,models/glioblastoma/latent_tda_features/seed0_test_T50_B64_H64_W64_latent128_win15_bins16.pt,15,0.006527879172806241,0.9361605073941829
glioblastoma,AE,0,128,models/glioblastoma/latent_tda_features/seed0_test_T50_B64_H64_W64_latent128_win15_bins16.pt,16,0.006040926125351202,0.9422014335195341
glioblastoma,AE,0,128,models/glioblastoma/latent_tda_features/seed0_test_T50_B64_H64_W64_latent128_win15_bins16.pt,17,0.004739094376529027,0.9469405278960631
glioblastoma,AE,0,128,models/glioblastoma/latent_tda_features/seed0_test_T50_B64_H64_W64_latent128_win15_bins16.pt,18,0.004650111091942834,0.9515906389880059
glioblastoma,AE,0,128,models/glioblastoma/latent_tda_features/seed0_test_T50_B64_H64_W64_latent128_win15_bins16.pt,19,0.004091322881947786,0.9556819618699537
glioblastoma,AE,0,128,models/glioblastoma/latent_tda_features/seed0_test_T50_B64_H64_W64_latent128_win15_bins16.pt,20,0.00394680716803526,0.959628769037989
glioblastoma,AE,0,128,models/glioblastoma/latent_tda_features/seed0_test_T50_B64_H64_W64_latent128_win15_bins16.pt,21,0.003277572506208248,0.9629063415441972
glioblastoma,AE,0,128,models/glioblastoma/latent_tda_features/seed0_test_T50_B64_H64_W64_latent128_win15_bins16.pt,22,0.0030141910105908514,0.965920532554788
glioblastoma,AE,0,128,models/glioblastoma/latent_tda_features/seed0_test_T50_B64_H64_W64_latent128_win15_bins16.pt,23,0.002842114376256038,0.9687626469310441
glioblastoma,AE,0,128,models/glioblastoma/latent_tda_features/seed0_test_T50_B64_H64_W64_latent128_win15_bins16.pt,24,0.002610136977421246,0.9713727839084654
glioblastoma,AE,0,128,models/glioblastoma/latent_tda_features/seed0_test_T50_B64_H64_W64_latent128_win15_bins16.pt,25,0.0023666988505636546,0.973739482759029
glioblastoma,AE,0,128,models/glioblastoma/latent_tda_features/seed0_test_T50_B64_H64_W64_latent128_win15_bins16.pt,26,0.002147821802027394,0.9758873045610564
glioblastoma,AE,0,128,models/glioblastoma/latent_tda_features/seed0_test_T50_B64_H64_W64_latent128_win15_bins16.pt,27,0.0018543730333387522,0.9777416775943952
glioblastoma,AE,0,128,models/glioblastoma/latent_tda_features/seed0_test_T50_B64_H64_W64_latent128_win15_bins16.pt,28,0.0015921499392636282,0.9793338275336588
glioblastoma,AE,0,128,models/glioblastoma/latent_tda_features/seed0_test_T50_B64_H64_W64_latent128_win15_bins16.pt,29,0.001463342768332482,0.9807971703019913
glioblastoma,AE,0,128,models/glioblastoma/latent_tda_features/seed0_test_T50_B64_H64_W64_latent128_win15_bins16.pt,30,0.0014161308783298865,0.9822133011803212
glioblastoma,AE,0,128,models/glioblastoma/latent_tda_features/seed0_test_T50_B64_H64_W64_latent128_win15_bins16.pt,31,0.0013776597153837633,0.983590960895705
glioblastoma,AE,0,128,models/glioblastoma/latent_tda_features/seed0_test_T50_B64_H64_W64_latent128_win15_bins16.pt,32,0.0012087136360901904,0.9847996745317952
glioblastoma,AE,0,128,models/glioblastoma/latent_tda_features/seed0_test_T50_B64_H64_W64_latent128_win15_bins16.pt,33,0.0010737350850829933,0.9858734096168782
glioblastoma,AE,0,128,models/glioblastoma/latent_tda_features/seed0_test_T50_B64_H64_W64_latent128_win15_bins16.pt,34,0.0010488033373075123,0.9869222129541857
glioblastoma,AE,0,128,models/glioblastoma/latent_tda_features/seed0_test_T50_B64_H64_W64_latent128_win15_bins16.pt,35,0.0009194556802504843,0.9878416686344362
glioblastoma,AE,0,128,models/glioblastoma/latent_tda_features/seed0_test_T50_B64_H64_W64_latent128_win15_bins16.pt,36,0.0009160086816417721,0.988757677316078
glioblastoma,AE,0,128,models/glioblastoma/latent_tda_features/seed0_test_T50_B64_H64_W64_latent128_win15_bins16.pt,37,0.0008148852122976411,0.9895725625283757
glioblastoma,AE,0,128,models/glioblastoma/latent_tda_features/seed0_test_T50_B64_H64_W64_latent128_win15_bins16.pt,38,0.0007862661044428841,0.9903588286328185
glioblastoma,AE,0,128,models/glioblastoma/latent_tda_features/seed0_test_T50_B64_H64_W64_latent128_win15_bins16.pt,39,0.0006865025445984745,0.991045331177417
glioblastoma,AE,0,128,models/glioblastoma/latent_tda_features/seed0_test_T50_B64_H64_W64_latent128_win15_bins16.pt,40,0.0006481657480569306,0.9916934969254739
glioblastoma,AE,0,128,models/glioblastoma/latent_tda_features/seed0_test_T50_B64_H64_W64_latent128_win15_bins16.pt,41,0.0006403136667447107,0.9923338105922186
glioblastoma,AE,0,128,models/glioblastoma/latent_tda_features/seed0_test_T50_B64_H64_W64_latent128_win15_bins16.pt,42,0.0005730064464553695,0.992906817038674
glioblastoma,AE,0,128,models/glioblastoma/latent_tda_features/seed0_test_T50_B64_H64_W64_latent128_win15_bins16.pt,43,0.00051288157493855,0.9934196986136126
glioblastoma,AE,0,128,models/glioblastoma/latent_tda_features/seed0_test_T50_B64_H64_W64_latent128_win15_bins16.pt,44,0.0004967626847942322,0.9939164612984068
glioblastoma,AE,0,128,models/glioblastoma/latent_tda_features/seed0_test_T50_B64_H64_W64_latent128_win15_bins16.pt,45,0.0004800428113641695,0.994396504109771
glioblastoma,AE,0,128,models/glioblastoma/latent_tda_features/seed0_test_T50_B64_H64_W64_latent128_win15_bins16.pt,46,0.0004228921216141721,0.9948193962313852
glioblastoma,AE,0,128,models/glioblastoma/latent_tda_features/seed0_test_T50_B64_H64_W64_latent128_win15_bins16.pt,47,0.00041123270964783906,0.995230628941033
glioblastoma,AE,0,128,models/glioblastoma/latent_tda_features/seed0_test_T50_B64_H64_W64_latent128_win15_bins16.pt,48,0.00033890003591353923,0.9955695289769465
glioblastoma,AE,0,128,models/glioblastoma/latent_tda_features/seed0_test_T50_B64_H64_W64_latent128_win15_bins16.pt,49,0.0003209499542913489,0.9958904789312378
glioblastoma,AE,0,128,models/glioblastoma/latent_tda_features/seed0_test_T50_B64_H64_W64_latent128_win15_bins16.pt,50,0.00029943147910726814,0.9961899104103451
glioblastoma,AE,0,128,models/glioblastoma/latent_tda_features/seed0_test_T50_B64_H64_W64_latent128_win15_bins16.pt,51,0.0002918596040693336,0.9964817700144144
glioblastoma,AE,0,128,models/glioblastoma/latent_tda_features/seed0_test_T50_B64_H64_W64_latent128_win15_bins16.pt,52,0.00025162800976535497,0.9967333980241797
glioblastoma,AE,0,128,models/glioblastoma/latent_tda_features/seed0_test_T50_B64_H64_W64_latent128_win15_bins16.pt,53,0.00022624532151059048,0.9969596433456903
glioblastoma,AE,0,128,models/glioblastoma/latent_tda_features/seed0_test_T50_B64_H64_W64_latent128_win15_bins16.pt,54,0.00022117991960141553,0.9971808232652918
glioblastoma,AE,0,128,models/glioblastoma/latent_tda_features/seed0_test_T50_B64_H64_W64_latent128_win15_bins16.pt,55,0.00020816649017731613,0.9973889897554691
glioblastoma,AE,0,128,models/glioblastoma/latent_tda_features/seed0_test_T50_B64_H64_W64_latent128_win15_bins16.pt,56,0.00019277249613920778,0.9975817622516083
glioblastoma,AE,0,128,models/glioblastoma/latent_tda_features/seed0_test_T50_B64_H64_W64_latent128_win15_bins16.pt,57,0.00018795959384166602,0.99776972184545
glioblastoma,AE,0,128,models/glioblastoma/latent_tda_features/seed0_test_T50_B64_H64_W64_latent128_win15_bins16.pt,58,0.00017561786447766457,0.9979453397099276
glioblastoma,AE,0,128,models/glioblastoma/latent_tda_features/seed0_test_T50_B64_H64_W64_latent128_win15_bins16.pt,59,0.00016574057656773122,0.9981110802864953
glioblastoma,AE,0,128,models/glioblastoma/latent_tda_features/seed0_test_T50_B64_H64_W64_latent128_win15_bins16.pt,60,0.000156025520148434,0.9982671058066438
glioblastoma,AE,0,128,models/glioblastoma/latent_tda_features/seed0_test_T50_B64_H64_W64_latent128_win15_bins16.pt,61,0.00014675978779638742,0.9984138655944402
glioblastoma,AE,0,128,models/glioblastoma/latent_tda_features/seed0_test_T50_B64_H64_W64_latent128_win15_bins16.pt,62,0.0001311138778308113,0.998544979472271
glioblastoma,AE,0,128,models/glioblastoma/latent_tda_features/seed0_test_T50_B64_H64_W64_latent128_win15_bins16.pt,63,0.00011691311607134287,0.9986618925883424
glioblastoma,AE,0,128,models/glioblastoma/latent_tda_features/seed0_test_T50_B64_H64_W64_latent128_win15_bins16.pt,64,0.00011001280483515963,0.9987719053931775
glioblastoma,AE,0,128,models/glioblastoma/latent_tda_features/seed0_test_T50_B64_H64_W64_latent128_win15_bins16.pt,65,0.00010140359285780655,0.9988733089860353
glioblastoma,AE,0,128,models/glioblastoma/latent_tda_features/seed0_test_T50_B64_H64_W64_latent128_win15_bins16.pt,66,9.313182806536029e-05,0.9989664408141007
glioblastoma,AE,0,128,models/glioblastoma/latent_tda_features/seed0_test_T50_B64_H64_W64_latent128_win15_bins16.pt,67,8.120262173780763e-05,0.9990476434358385
glioblastoma,AE,0,128,models/glioblastoma/latent_tda_features/seed0_test_T50_B64_H64_W64_latent128_win15_bins16.pt,68,7.858309238411291e-05,0.9991262265282226
glioblastoma,AE,0,128,models/glioblastoma/latent_tda_features/seed0_test_T50_B64_H64_W64_latent128_win15_bins16.pt,69,7.473192663003942e-05,0.9992009584548526
glioblastoma,AE,0,128,models/glioblastoma/latent_tda_features/seed0_test_T50_B64_H64_W64_latent128_win15_bins16.pt,70,6.736493691232814e-05,0.9992683233917649
glioblastoma,AE,0,128,models/glioblastoma/latent_tda_features/seed0_test_T50_B64_H64_W64_latent128_win15_bins16.pt,71,6.695479692106887e-05,0.999335278188686
glioblastoma,AE,0,128,models/glioblastoma/latent_tda_features/seed0_test_T50_B64_H64_W64_latent128_win15_bins16.pt,72,6.451981240760215e-05,0.9993997980010936
glioblastoma,AE,0,128,models/glioblastoma/latent_tda_features/seed0_test_T50_B64_H64_W64_latent128_win15_bins16.pt,73,5.7263992746788574e-05,0.9994570619938403
glioblastoma,AE,0,128,models/glioblastoma/latent_tda_features/seed0_test_T50_B64_H64_W64_latent128_win15_bins16.pt,74,5.2379098822436184e-05,0.9995094410926627
glioblastoma,AE,0,128,models/glioblastoma/latent_tda_features/seed0_test_T50_B64_H64_W64_latent128_win15_bins16.pt,75,5.000272920911976e-05,0.9995594438218718
glioblastoma,AE,0,128,models/glioblastoma/latent_tda_features/seed0_test_T50_B64_H64_W64_latent128_win15_bins16.pt,76,4.226594472225048e-05,0.999601709766594
glioblastoma,AE,0,128,models/glioblastoma/latent_tda_features/seed0_test_T50_B64_H64_W64_latent128_win15_bins16.pt,77,3.824362449933986e-05,0.9996399533910933
glioblastoma,AE,0,128,models/glioblastoma/latent_tda_features/seed0_test_T50_B64_H64_W64_latent128_win15_bins16.pt,78,3.4756138967642715e-05,0.999674709530061
glioblastoma,AE,0,128,models/glioblastoma/latent_tda_features/seed0_test_T50_B64_H64_W64_latent128_win15_bins16.pt,79,3.432963620036596e-05,0.9997090391662613
glioblastoma,AE,0,128,models/glioblastoma/latent_tda_features/seed0_test_T50_B64_H64_W64_latent128_win15_bins16.pt,80,2.9444020598984742e-05,0.9997384831868603
glioblastoma,AE,0,128,models/glioblastoma/latent_tda_features/seed0_test_T50_B64_H64_W64_latent128_win15_bins16.pt,81,2.683056018816793e-05,0.9997653137470485
glioblastoma,AE,0,128,models/glioblastoma/latent_tda_features/seed0_test_T50_B64_H64_W64_latent128_win15_bins16.pt,82,2.5101378157886318e-05,0.9997904151252064
glioblastoma,AE,0,128,models/glioblastoma/latent_tda_features/seed0_test_T50_B64_H64_W64_latent128_win15_bins16.pt,83,2.1825550057253887e-05,0.9998122406752636
glioblastoma,AE,0,128,models/glioblastoma/latent_tda_features/seed0_test_T50_B64_H64_W64_latent128_win15_bins16.pt,84,2.1087242388807047e-05,0.9998333279176524
glioblastoma,AE,0,128,models/glioblastoma/latent_tda_features/seed0_test_T50_B64_H64_W64_latent128_win15_bins16.pt,85,1.9303687234414668e-05,0.9998526316048869
glioblastoma,AE,0,128,models/glioblastoma/latent_tda_features/seed0_test_T50_B64_H64_W64_latent128_win15_bins16.pt,86,1.6430025162295848e-05,0.9998690616300492
glioblastoma,AE,0,128,models/glioblastoma/latent_tda_features/seed0_test_T50_B64_H64_W64_latent128_win15_bins16.pt,87,1.577305356753811e-05,0.9998848346836168
glioblastoma,AE,0,128,models/glioblastoma/latent_tda_features/seed0_test_T50_B64_H64_W64_latent128_win15_bins16.pt,88,1.5620575927987432e-05,0.9999004552595447
glioblastoma,AE,0,128,models/glioblastoma/latent_tda_features/seed0_test_T50_B64_H64_W64_latent128_win15_bins16.pt,89,1.316931787731112e-05,0.999913624577422
glioblastoma,AE,0,128,models/glioblastoma/latent_tda_features/seed0_test_T50_B64_H64_W64_latent128_win15_bins16.pt,90,1.1864428033468702e-05,0.9999254890054555
glioblastoma,AE,0,128,models/glioblastoma/latent_tda_features/seed0_test_T50_B64_H64_W64_latent128_win15_bins16.pt,91,1.0183498132158925e-05,0.9999356725035877
glioblastoma,AE,0,128,models/glioblastoma/latent_tda_features/seed0_test_T50_B64_H64_W64_latent128_win15_bins16.pt,92,8.768587701342005e-06,0.9999444410912891
glioblastoma,AE,0,128,models/glioblastoma/latent_tda_features/seed0_test_T50_B64_H64_W64_latent128_win15_bins16.pt,93,7.988859903027089e-06,0.9999524299511922
glioblastoma,AE,0,128,models/glioblastoma/latent_tda_features/seed0_test_T50_B64_H64_W64_latent128_win15_bins16.pt,94,7.6259439061345765e-06,0.9999600558950983
glioblastoma,AE,0,128,models/glioblastoma/latent_tda_features/seed0_test_T50_B64_H64_W64_latent128_win15_bins16.pt,95,6.069204437392873e-06,0.9999661250995356
glioblastoma,AE,0,128,models/glioblastoma/latent_tda_features/seed0_test_T50_B64_H64_W64_latent128_win15_bins16.pt,96,5.128076697280935e-06,0.9999712531762329
glioblastoma,AE,0,128,models/glioblastoma/latent_tda_features/seed0_test_T50_B64_H64_W64_latent128_win15_bins16.pt,97,4.290143799672777e-06,0.9999755433200326
glioblastoma,AE,0,128,models/glioblastoma/latent_tda_features/seed0_test_T50_B64_H64_W64_latent128_win15_bins16.pt,98,3.8745160285248505e-06,0.9999794178360611
glioblastoma,AE,0,128,models/glioblastoma/latent_tda_features/seed0_test_T50_B64_H64_W64_latent128_win15_bins16.pt,99,3.7552769280945933e-06,0.9999831731129892
glioblastoma,AE,0,128,models/glioblastoma/latent_tda_features/seed0_test_T50_B64_H64_W64_latent128_win15_bins16.pt,100,3.175558287526528e-06,0.9999863486712768
glioblastoma,AE,0,128,models/glioblastoma/latent_tda_features/seed0_test_T50_B64_H64_W64_latent128_win15_bins16.pt,101,2.448454331282355e-06,0.9999887971256081
glioblastoma,AE,0,128,models/glioblastoma/latent_tda_features/seed0_test_T50_B64_H64_W64_latent128_win15_bins16.pt,102,2.384790926189867e-06,0.9999911819165342
glioblastoma,AE,0,128,models/glioblastoma/latent_tda_features/seed0_test_T50_B64_H64_W64_latent128_win15_bins16.pt,103,1.9671226831480398e-06,0.9999931490392174
glioblastoma,AE,0,128,models/glioblastoma/latent_tda_features/seed0_test_T50_B64_H64_W64_latent128_win15_bins16.pt,104,1.6283973430256204e-06,0.9999947774365605
glioblastoma,AE,0,128,models/glioblastoma/latent_tda_features/seed0_test_T50_B64_H64_W64_latent128_win15_bins16.pt,105,1.41747520057983e-06,0.9999961949117611
glioblastoma,AE,0,128,models/glioblastoma/latent_tda_features/seed0_test_T50_B64_H64_W64_latent128_win15_bins16.pt,106,1.0519506491416822e-06,0.9999972468624102
glioblastoma,AE,0,128,models/glioblastoma/latent_tda_features/seed0_test_T50_B64_H64_W64_latent128_win15_bins16.pt,107,9.200949519219909e-07,0.9999981669573621
glioblastoma,AE,0,128,models/glioblastoma/latent_tda_features/seed0_test_T50_B64_H64_W64_latent128_win15_bins16.pt,108,6.217567215455349e-07,0.9999987887140837
glioblastoma,AE,0,128,models/glioblastoma/latent_tda_features/seed0_test_T50_B64_H64_W64_latent128_win15_bins16.pt,109,5.070088393136434e-07,0.999999295722923
glioblastoma,AE,0,128,models/glioblastoma/latent_tda_features/seed0_test_T50_B64_H64_W64_latent128_win15_bins16.pt,110,3.8375900498797444e-07,0.999999679481928
glioblastoma,AE,0,128,models/glioblastoma/latent_tda_features/seed0_test_T50_B64_H64_W64_latent128_win15_bins16.pt,111,2.316598683722e-07,0.9999999111417964
glioblastoma,AE,0,128,models/glioblastoma/latent_tda_features/seed0_test_T50_B64_H64_W64_latent128_win15_bins16.pt,112,8.885820340408765e-08,0.9999999999999998
glioblastoma,AE,0,128,models/glioblastoma/latent_tda_features/seed0_test_T50_B64_H64_W64_latent128_win15_bins16.pt,113,9.147777448913096e-17,0.9999999999999999
glioblastoma,AE,0,128,models/glioblastoma/latent_tda_features/seed0_test_T50_B64_H64_W64_latent128_win15_bins16.pt,114,7.471558156238905e-17,1.0
glioblastoma,AE,0,128,models/glioblastoma/latent_tda_features/seed0_test_T50_B64_H64_W64_latent128_win15_bins16.pt,115,6.225720567913663e-17,1.0
glioblastoma,AE,0,128,models/glioblastoma/latent_tda_features/seed0_test_T50_B64_H64_W64_latent128_win15_bins16.pt,116,5.1432034795319735e-17,1.0
glioblastoma,AE,0,128,models/glioblastoma/latent_tda_features/seed0_test_T50_B64_H64_W64_latent128_win15_bins16.pt,117,2.507095361234698e-17,1.0
glioblastoma,AE,0,128,models/glioblastoma/latent_tda_features/seed0_test_T50_B64_H64_W64_latent128_win15_bins16.pt,118,1.7314496172501136e-17,1.0
glioblastoma,AE,0,128,models/glioblastoma/latent_tda_features/seed0_test_T50_B64_H64_W64_latent128_win15_bins16.pt,119,1.0114261067655792e-17,1.0
glioblastoma,AE,0,128,models/glioblastoma/latent_tda_features/seed0_test_T50_B64_H64_W64_latent128_win15_bins16.pt,120,2.2495310377948357e-18,1.0
glioblastoma,AE,0,128,models/glioblastoma/latent_tda_features/seed0_test_T50_B64_H64_W64_latent128_win15_bins16.pt,121,0.0,1.0
glioblastoma,AE,0,128,models/glioblastoma/latent_tda_features/seed0_test_T50_B64_H64_W64_latent128_win15_bins16.pt,122,0.0,1.0
glioblastoma,AE,0,128,models/glioblastoma/latent_tda_features/seed0_test_T50_B64_H64_W64_latent128_win15_bins16.pt,123,0.0,1.0
glioblastoma,AE,0,128,models/glioblastoma/latent_tda_features/seed0_test_T50_B64_H64_W64_latent128_win15_bins16.pt,124,0.0,1.0
glioblastoma,AE,0,128,models/glioblastoma/latent_tda_features/seed0_test_T50_B64_H64_W64_latent128_win15_bins16.pt,125,0.0,1.0
glioblastoma,AE,0,128,models/glioblastoma/latent_tda_features/seed0_test_T50_B64_H64_W64_latent128_win15_bins16.pt,126,0.0,1.0
glioblastoma,AE,0,128,models/glioblastoma/latent_tda_features/seed0_test_T50_B64_H64_W64_latent128_win15_bins16.pt,127,0.0,1.0
glioblastoma,AE,0,128,models/glioblastoma/latent_tda_features/seed0_test_T50_B64_H64_W64_latent128_win15_bins16.pt,128,0.0,1.0
glioblastoma,GeoAE,0,128,models/glioblastoma_geoae_lam0.1/latent_tda_features/seed0_test_T50_B64_H64_W64_latent128_win15_bins16.pt,1,0.1512475216954427,0.1512475216954427
glioblastoma,GeoAE,0,128,models/glioblastoma_geoae_lam0.1/latent_tda_features/seed0_test_T50_B64_H64_W64_latent128_win15_bins16.pt,2,0.13009325286982634,0.28134077456526907
glioblastoma,GeoAE,0,128,models/glioblastoma_geoae_lam0.1/latent_tda_features/seed0_test_T50_B64_H64_W64_latent128_win15_bins16.pt,3,0.07662047165121101,0.35796124621648007
glioblastoma,GeoAE,0,128,models/glioblastoma_geoae_lam0.1/latent_tda_features/seed0_test_T50_B64_H64_W64_latent128_win15_bins16.pt,4,0.055930866733111574,0.41389211294959166
glioblastoma,GeoAE,0,128,models/glioblastoma_geoae_lam0.1/latent_tda_features/seed0_test_T50_B64_H64_W64_latent128_win15_bins16.pt,5,0.05062252098440176,0.4645146339339934
glioblastoma,GeoAE,0,128,models/glioblastoma_geoae_lam0.1/latent_tda_features/seed0_test_T50_B64_H64_W64_latent128_win15_bins16.pt,6,0.04867275349903455,0.5131873874330279
glioblastoma,GeoAE,0,128,models/glioblastoma_geoae_lam0.1/latent_tda_features/seed0_test_T50_B64_H64_W64_latent128_win15_bins16.pt,7,0.039385690252599616,0.5525730776856276
glioblastoma,GeoAE,0,128,models/glioblastoma_geoae_lam0.1/latent_tda_features/seed0_test_T50_B64_H64_W64_latent128_win15_bins16.pt,8,0.03733280150003035,0.589905879185658
glioblastoma,GeoAE,0,128,models/glioblastoma_geoae_lam0.1/latent_tda_features/seed0_test_T50_B64_H64_W64_latent128_win15_bins16.pt,9,0.031764482784830225,0.6216703619704882
glioblastoma,GeoAE,0,128,models/glioblastoma_geoae_lam0.1/latent_tda_features/seed0_test_T50_B64_H64_W64_latent128_win15_bins16.pt,10,0.03023875593254616,0.6519091179030344
glioblastoma,GeoAE,0,128,models/glioblastoma_geoae_lam0.1/latent_tda_features/seed0_test_T50_B64_H64_W64_latent128_win15_bins16.pt,11,0.027625791029459168,0.6795349089324936
glioblastoma,GeoAE,0,128,models/glioblastoma_geoae_lam0.1/latent_tda_features/seed0_test_T50_B64_H64_W64_latent128_win15_bins16.pt,12,0.02412445265793146,0.7036593615904251
glioblastoma,GeoAE,0,128,models/glioblastoma_geoae_lam0.1/latent_tda_features/seed0_test_T50_B64_H64_W64_latent128_win15_bins16.pt,13,0.022947235607764,0.7266065971981891
glioblastoma,GeoAE,0,128,models/glioblastoma_geoae_lam0.1/latent_tda_features/seed0_test_T50_B64_H64_W64_latent128_win15_bins16.pt,14,0.020457672226499992,0.7470642694246891
glioblastoma,GeoAE,0,128,models/glioblastoma_geoae_lam0.1/latent_tda_features/seed0_test_T50_B64_H64_W64_latent128_win15_bins16.pt,15,0.018874175213163345,0.7659384446378524
glioblastoma,GeoAE,0,128,models/glioblastoma_geoae_lam0.1/latent_tda_features/seed0_test_T50_B64_H64_W64_latent128_win15_bins16.pt,16,0.018291888312912574,0.784230332950765
glioblastoma,GeoAE,0,128,models/glioblastoma_geoae_lam0.1/latent_tda_features/seed0_test_T50_B64_H64_W64_latent128_win15_bins16.pt,17,0.015310094445507455,0.7995404273962725
glioblastoma,GeoAE,0,128,models/glioblastoma_geoae_lam0.1/latent_tda_features/seed0_test_T50_B64_H64_W64_latent128_win15_bins16.pt,18,0.01420074526150172,0.8137411726577742
glioblastoma,GeoAE,0,128,models/glioblastoma_geoae_lam0.1/latent_tda_features/seed0_test_T50_B64_H64_W64_latent128_win15_bins16.pt,19,0.013554387621453575,0.8272955602792278
glioblastoma,GeoAE,0,128,models/glioblastoma_geoae_lam0.1/latent_tda_features/seed0_test_T50_B64_H64_W64_latent128_win15_bins16.pt,20,0.012969059259954075,0.8402646195391819
glioblastoma,GeoAE,0,128,models/glioblastoma_geoae_lam0.1/latent_tda_features/seed0_test_T50_B64_H64_W64_latent128_win15_bins16.pt,21,0.012068983391534786,0.8523336029307167
glioblastoma,GeoAE,0,128,models/glioblastoma_geoae_lam0.1/latent_tda_features/seed0_test_T50_B64_H64_W64_latent128_win15_bins16.pt,22,0.009848374020783885,0.8621819769515006
glioblastoma,GeoAE,0,128,models/glioblastoma_geoae_lam0.1/latent_tda_features/seed0_test_T50_B64_H64_W64_latent128_win15_bins16.pt,23,0.009543310224693987,0.8717252871761946
glioblastoma,GeoAE,0,128,models/glioblastoma_geoae_lam0.1/latent_tda_features/seed0_test_T50_B64_H64_W64_latent128_win15_bins16.pt,24,0.009103916388586394,0.880829203564781
glioblastoma,GeoAE,0,128,models/glioblastoma_geoae_lam0.1/latent_tda_features/seed0_test_T50_B64_H64_W64_latent128_win15_bins16.pt,25,0.007681476540461021,0.888510680105242
glioblastoma,GeoAE,0,128,models/glioblastoma_geoae_lam0.1/latent_tda_features/seed0_test_T50_B64_H64_W64_latent128_win15_bins16.pt,26,0.007547200191922483,0.8960578802971645
glioblastoma,GeoAE,0,128,models/glioblastoma_geoae_lam0.1/latent_tda_features/seed0_test_T50_B64_H64_W64_latent128_win15_bins16.pt,27,0.0070765107517300595,0.9031343910488946
glioblastoma,GeoAE,0,128,models/glioblastoma_geoae_lam0.1/latent_tda_features/seed0_test_T50_B64_H64_W64_latent128_win15_bins16.pt,28,0.006891946066765864,0.9100263371156605
glioblastoma,GeoAE,0,128,models/glioblastoma_geoae_lam0.1/latent_tda_features/seed0_test_T50_B64_H64_W64_latent128_win15_bins16.pt,29,0.00625772700069277,0.9162840641163532
glioblastoma,GeoAE,0,128,models/glioblastoma_geoae_lam0.1/latent_tda_features/seed0_test_T50_B64_H64_W64_latent128_win15_bins16.pt,30,0.005926527759841152,0.9222105918761944
glioblastoma,GeoAE,0,128,models/glioblastoma_geoae_lam0.1/latent_tda_features/seed0_test_T50_B64_H64_W64_latent128_win15_bins16.pt,31,0.005532485698712585,0.9277430775749069
glioblastoma,GeoAE,0,128,models/glioblastoma_geoae_lam0.1/latent_tda_features/seed0_test_T50_B64_H64_W64_latent128_win15_bins16.pt,32,0.005184502194262899,0.9329275797691698
glioblastoma,GeoAE,0,128,models/glioblastoma_geoae_lam0.1/latent_tda_features/seed0_test_T50_B64_H64_W64_latent128_win15_bins16.pt,33,0.004553030737704242,0.937480610506874
glioblastoma,GeoAE,0,128,models/glioblastoma_geoae_lam0.1/latent_tda_features/seed0_test_T50_B64_H64_W64_latent128_win15_bins16.pt,34,0.004428325986912255,0.9419089364937863
glioblastoma,GeoAE,0,128,models/glioblastoma_geoae_lam0.1/latent_tda_features/seed0_test_T50_B64_H64_W64_latent128_win15_bins16.pt,35,0.004303492328148976,0.9462124288219352
glioblastoma,GeoAE,0,128,models/glioblastoma_geoae_lam0.1/latent_tda_features/seed0_test_T50_B64_H64_W64_latent128_win15_bins16.pt,36,0.0037136786042032467,0.9499261074261385
glioblastoma,GeoAE,0,128,models/glioblastoma_geoae_lam0.1/latent_tda_features/seed0_test_T50_B64_H64_W64_latent128_win15_bins16.pt,37,0.003589145549147352,0.9535152529752858
glioblastoma,GeoAE,0,128,models/glioblastoma_geoae_lam0.1/latent_tda_features/seed0_test_T50_B64_H64_W64_latent128_win15_bins16.pt,38,0.003286693438937154,0.956801946414223
glioblastoma,GeoAE,0,128,models/glioblastoma_geoae_lam0.1/latent_tda_features/seed0_test_T50_B64_H64_W64_latent128_win15_bins16.pt,39,0.0031798408402590817,0.9599817872544821
glioblastoma,GeoAE,0,128,models/glioblastoma_geoae_lam0.1/latent_tda_features/seed0_test_T50_B64_H64_W64_latent128_win15_bins16.pt,40,0.0029411383219865054,0.9629229255764686
glioblastoma,GeoAE,0,128,models/glioblastoma_geoae_lam0.1/latent_tda_features/seed0_test_T50_B64_H64_W64_latent128_win15_bins16.pt,41,0.0027595841732940473,0.9656825097497627
glioblastoma,GeoAE,0,128,models/glioblastoma_geoae_lam0.1/latent_tda_features/seed0_test_T50_B64_H64_W64_latent128_win15_bins16.pt,42,0.002455925416448166,0.9681384351662108
glioblastoma,GeoAE,0,128,models/glioblastoma_geoae_lam0.1/latent_tda_features/seed0_test_T50_B64_H64_W64_latent128_win15_bins16.pt,43,0.0022444245676911806,0.9703828597339019
glioblastoma,GeoAE,0,128,models/glioblastoma_geoae_lam0.1/latent_tda_features/seed0_test_T50_B64_H64_W64_latent128_win15_bins16.pt,44,0.0021190172103535466,0.9725018769442555
glioblastoma,GeoAE,0,128,models/glioblastoma_geoae_lam0.1/latent_tda_features/seed0_test_T50_B64_H64_W64_latent128_win15_bins16.pt,45,0.001982946520599854,0.9744848234648553
glioblastoma,GeoAE,0,128,models/glioblastoma_geoae_lam0.1/latent_tda_features/seed0_test_T50_B64_H64_W64_latent128_win15_bins16.pt,46,0.0018598405107051134,0.9763446639755604
glioblastoma,GeoAE,0,128,models/glioblastoma_geoae_lam0.1/latent_tda_features/seed0_test_T50_B64_H64_W64_latent128_win15_bins16.pt,47,0.0016547607884211482,0.9779994247639816
glioblastoma,GeoAE,0,128,models/glioblastoma_geoae_lam0.1/latent_tda_features/seed0_test_T50_B64_H64_W64_latent128_win15_bins16.pt,48,0.001506422383945124,0.9795058471479268
glioblastoma,GeoAE,0,128,models/glioblastoma_geoae_lam0.1/latent_tda_features/seed0_test_T50_B64_H64_W64_latent128_win15_bins16.pt,49,0.0014511796511269338,0.9809570267990537
glioblastoma,GeoAE,0,128,models/glioblastoma_geoae_lam0.1/latent_tda_features/seed0_test_T50_B64_H64_W64_latent128_win15_bins16.pt,50,0.0013668977390186047,0.9823239245380724
glioblastoma,GeoAE,0,128,models/glioblastoma_geoae_lam0.1/latent_tda_features/seed0_test_T50_B64_H64_W64_latent128_win15_bins16.pt,51,0.00130591728043975,0.9836298418185121
glioblastoma,GeoAE,0,128,models/glioblastoma_geoae_lam0.1/latent_tda_features/seed0_test_T50_B64_H64_W64_latent128_win15_bins16.pt,52,0.0011974605335224884,0.9848273023520346
glioblastoma,GeoAE,0,128,models/glioblastoma_geoae_lam0.1/latent_tda_features/seed0_test_T50_B64_H64_W64_latent128_win15_bins16.pt,53,0.0011211514575536913,0.9859484538095883
glioblastoma,GeoAE,0,128,models/glioblastoma_geoae_lam0.1/latent_tda_features/seed0_test_T50_B64_H64_W64_latent128_win15_bins16.pt,54,0.0010425019952379176,0.9869909558048262
glioblastoma,GeoAE,0,128,models/glioblastoma_geoae_lam0.1/latent_tda_features/seed0_test_T50_B64_H64_W64_latent128_win15_bins16.pt,55,0.000971459532776213,0.9879624153376024
glioblastoma,GeoAE,0,128,models/glioblastoma_geoae_lam0.1/latent_tda_features/seed0_test_T50_B64_H64_W64_latent128_win15_bins16.pt,56,0.0008975497342124018,0.9888599650718148
glioblastoma,GeoAE,0,128,models/glioblastoma_geoae_lam0.1/latent_tda_features/seed0_test_T50_B64_H64_W64_latent128_win15_bins16.pt,57,0.000877702114150106,0.9897376671859649
glioblastoma,GeoAE,0,128,models/glioblastoma_geoae_lam0.1/latent_tda_features/seed0_test_T50_B64_H64_W64_latent128_win15_bins16.pt,58,0.0007611060174005379,0.9904987732033654
glioblastoma,GeoAE,0,128,models/glioblastoma_geoae_lam0.1/latent_tda_features/seed0_test_T50_B64_H64_W64_latent128_win15_bins16.pt,59,0.0007221152661105596,0.991220888469476
glioblastoma,GeoAE,0,128,models/glioblastoma_geoae_lam0.1/latent_tda_features/seed0_test_T50_B64_H64_W64_latent128_win15_bins16.pt,60,0.0006775609699551995,0.9918984494394312
glioblastoma,GeoAE,0,128,models/glioblastoma_geoae_lam0.1/latent_tda_features/seed0_test_T50_B64_H64_W64_latent128_win15_bins16.pt,61,0.0006354080789885216,0.9925338575184197
glioblastoma,GeoAE,0,128,models/glioblastoma_geoae_lam0.1/latent_tda_features/seed0_test_T50_B64_H64_W64_latent128_win15_bins16.pt,62,0.0005823285641453808,0.9931161860825651
glioblastoma,GeoAE,0,128,models/glioblastoma_geoae_lam0.1/latent_tda_features/seed0_test_T50_B64_H64_W64_latent128_win15_bins16.pt,63,0.0005545608411167228,0.9936707469236818
glioblastoma,GeoAE,0,128,models/glioblastoma_geoae_lam0.1/latent_tda_features/seed0_test_T50_B64_H64_W64_latent128_win15_bins16.pt,64,0.000512114766499881,0.9941828616901818
glioblastoma,GeoAE,0,128,models/glioblastoma_geoae_lam0.1/latent_tda_features/seed0_test_T50_B64_H64_W64_latent128_win15_bins16.pt,65,0.0004762201865714308,0.9946590818767532
glioblastoma,GeoAE,0,128,models/glioblastoma_geoae_lam0.1/latent_tda_features/seed0_test_T50_B64_H64_W64_latent128_win15_bins16.pt,66,0.0004362060819176581,0.9950952879586709
glioblastoma,GeoAE,0,128,models/glioblastoma_geoae_lam0.1/latent_tda_features/seed0_test_T50_B64_H64_W64_latent128_win15_bins16.pt,67,0.00040540483354408515,0.995500692792215
glioblastoma,GeoAE,0,128,models/glioblastoma_geoae_lam0.1/latent_tda_features/seed0_test_T50_B64_H64_W64_latent128_win15_bins16.pt,68,0.00035970506653587434,0.9958603978587508
glioblastoma,GeoAE,0,128,models/glioblastoma_geoae_lam0.1/latent_tda_features/seed0_test_T50_B64_H64_W64_latent128_win15_bins16.pt,69,0.0003238662897977645,0.9961842641485485
glioblastoma,GeoAE,0,128,models/glioblastoma_geoae_lam0.1/latent_tda_features/seed0_test_T50_B64_H64_W64_latent128_win15_bins16.pt,70,0.00030401454615338783,0.9964882786947019
glioblastoma,GeoAE,0,128,models/glioblastoma_geoae_lam0.1/latent_tda_features/seed0_test_T50_B64_H64_W64_latent128_win15_bins16.pt,71,0.0002759041009361148,0.996764182795638
glioblastoma,GeoAE,0,128,models/glioblastoma_geoae_lam0.1/latent_tda_features/seed0_test_T50_B64_H64_W64_latent128_win15_bins16.pt,72,0.00026787365996700256,0.9970320564556051
glioblastoma,GeoAE,0,128,models/glioblastoma_geoae_lam0.1/latent_tda_features/seed0_test_T50_B64_H64_W64_latent128_win15_bins16.pt,73,0.0002580434924566431,0.9972900999480617
glioblastoma,GeoAE,0,128,models/glioblastoma_geoae_lam0.1/latent_tda_features/seed0_test_T50_B64_H64_W64_latent128_win15_bins16.pt,74,0.00023766589636440712,0.9975277658444262
glioblastoma,GeoAE,0,128,models/glioblastoma_geoae_lam0.1/latent_tda_features/seed0_test_T50_B64_H64_W64_latent128_win15_bins16.pt,75,0.00021122043122614472,0.9977389862756523
glioblastoma,GeoAE,0,128,models/glioblastoma_geoae_lam0.1/latent_tda_features/seed0_test_T50_B64_H64_W64_latent128_win15_bins16.pt,76,0.00020809065547063995,0.997947076931123
glioblastoma,GeoAE,0,128,models/glioblastoma_geoae_lam0.1/latent_tda_features/seed0_test_T50_B64_H64_W64_latent128_win15_bins16.pt,77,0.00019418028247736175,0.9981412572136003
glioblastoma,GeoAE,0,128,models/glioblastoma_geoae_lam0.1/latent_tda_features/seed0_test_T50_B64_H64_W64_latent128_win15_bins16.pt,78,0.00018763765906522326,0.9983288948726655
glioblastoma,GeoAE,0,128,models/glioblastoma_geoae_lam0.1/latent_tda_features/seed0_test_T50_B64_H64_W64_latent128_win15_bins16.pt,79,0.00017341025916260659,0.9985023051318281
glioblastoma,GeoAE,0,128,models/glioblastoma_geoae_lam0.1/latent_tda_features/seed0_test_T50_B64_H64_W64_latent128_win15_bins16.pt,80,0.00015619598900243692,0.9986585011208305
glioblastoma,GeoAE,0,128,models/glioblastoma_geoae_lam0.1/latent_tda_features/seed0_test_T50_B64_H64_W64_latent128_win15_bins16.pt,81,0.00013252586215188586,0.9987910269829824
glioblastoma,GeoAE,0,128,models/glioblastoma_geoae_lam0.1/latent_tda_features/seed0_test_T50_B64_H64_W64_latent128_win15_bins16.pt,82,0.00012982710478542532,0.9989208540877678
glioblastoma,GeoAE,0,128,models/glioblastoma_geoae_lam0.1/latent_tda_features/seed0_test_T50_B64_H64_W64_latent128_win15_bins16.pt,83,0.00011552755756356992,0.9990363816453314
glioblastoma,GeoAE,0,128,models/glioblastoma_geoae_lam0.1/latent_tda_features/seed0_test_T50_B64_H64_W64_latent128_win15_bins16.pt,84,9.897442034522756e-05,0.9991353560656766
glioblastoma,GeoAE,0,128,models/glioblastoma_geoae_lam0.1/latent_tda_features/seed0_test_T50_B64_H64_W64_latent128_win15_bins16.pt,85,9.509515085694171e-05,0.9992304512165335
glioblastoma,GeoAE,0,128,models/glioblastoma_geoae_lam0.1/latent_tda_features/seed0_test_T50_B64_H64_W64_latent128_win15_bins16.pt,86,8.242015791322872e-05,0.9993128713744468
glioblastoma,GeoAE,0,128,models/glioblastoma_geoae_lam0.1/latent_tda_features/seed0_test_T50_B64_H64_W64_latent128_win15_bins16.pt,87,7.674785003138934e-05,0.9993896192244782
glioblastoma,GeoAE,0,128,models/glioblastoma_geoae_lam0.1/latent_tda_features/seed0_test_T50_B64_H64_W64_latent128_win15_bins16.pt,88,7.066178814573381e-05,0.999460281012624
glioblastoma,GeoAE,0,128,models/glioblastoma_geoae_lam0.1/latent_tda_features/seed0_test_T50_B64_H64_W64_latent128_win15_bins16.pt,89,6.236259783486338e-05,0.9995226436104588
glioblastoma,GeoAE,0,128,models/glioblastoma_geoae_lam0.1/latent_tda_features/seed0_test_T50_B64_H64_W64_latent128_win15_bins16.pt,90,5.3701500477003854e-05,0.9995763451109358
glioblastoma,GeoAE,0,128,models/glioblastoma_geoae_lam0.1/latent_tda_features/seed0_test_T50_B64_H64_W64_latent128_win15_bins16.pt,91,5.275466202632783e-05,0.9996290997729622
glioblastoma,GeoAE,0,128,models/glioblastoma_geoae_lam0.1/latent_tda_features/seed0_test_T50_B64_H64_W64_latent128_win15_bins16.pt,92,4.902363470086448e-05,0.999678123407663
glioblastoma,GeoAE,0,128,models/glioblastoma_geoae_lam0.1/latent_tda_features/seed0_test_T50_B64_H64_W64_latent128_win15_bins16.pt,93,4.450785895028269e-05,0.9997226312666133
glioblastoma,GeoAE,0,128,models/glioblastoma_geoae_lam0.1/latent_tda_features/seed0_test_T50_B64_H64_W64_latent128_win15_bins16.pt,94,4.053442820811384e-05,0.9997631656948214
glioblastoma,GeoAE,0,128,models/glioblastoma_geoae_lam0.1/latent_tda_features/seed0_test_T50_B64_H64_W64_latent128_win15_bins16.pt,95,3.758124779841056e-05,0.9998007469426198
glioblastoma,GeoAE,0,128,models/glioblastoma_geoae_lam0.1/latent_tda_features/seed0_test_T50_B64_H64_W64_latent128_win15_bins16.pt,96,2.9872678288712267e-05,0.9998306196209085
glioblastoma,GeoAE,0,128,models/glioblastoma_geoae_lam0.1/latent_tda_features/seed0_test_T50_B64_H64_W64_latent128_win15_bins16.pt,97,2.5860435987744903e-05,0.9998564800568962
glioblastoma,GeoAE,0,128,models/glioblastoma_geoae_lam0.1/latent_tda_features/seed0_test_T50_B64_H64_W64_latent128_win15_bins16.pt,98,2.4688384092707667e-05,0.999881168440989
glioblastoma,GeoAE,0,128,models/glioblastoma_geoae_lam0.1/latent_tda_features/seed0_test_T50_B64_H64_W64_latent128_win15_bins16.pt,99,1.77904934466997e-05,0.9998989589344357
glioblastoma,GeoAE,0,128,models/glioblastoma_geoae_lam0.1/latent_tda_features/seed0_test_T50_B64_H64_W64_latent128_win15_bins16.pt,100,1.702904043780899e-05,0.9999159879748735
glioblastoma,GeoAE,0,128,models/glioblastoma_geoae_lam0.1/latent_tda_features/seed0_test_T50_B64_H64_W64_latent128_win15_bins16.pt,101,1.5069464256324364e-05,0.9999310574391298
glioblastoma,GeoAE,0,128,models/glioblastoma_geoae_lam0.1/latent_tda_features/seed0_test_T50_B64_H64_W64_latent128_win15_bins16.pt,102,1.435110273931936e-05,0.9999454085418691
glioblastoma,GeoAE,0,128,models/glioblastoma_geoae_lam0.1/latent_tda_features/seed0_test_T50_B64_H64_W64_latent128_win15_bins16.pt,103,1.1058979945650897e-05,0.9999564675218148
glioblastoma,GeoAE,0,128,models/glioblastoma_geoae_lam0.1/latent_tda_features/seed0_test_T50_B64_H64_W64_latent128_win15_bins16.pt,104,1.0890106077354392e-05,0.9999673576278921
glioblastoma,GeoAE,0,128,models/glioblastoma_geoae_lam0.1/latent_tda_features/seed0_test_T50_B64_H64_W64_latent128_win15_bins16.pt,105,9.55807741476286e-06,0.9999769157053069
glioblastoma,GeoAE,0,128,models/glioblastoma_geoae_lam0.1/latent_tda_features/seed0_test_T50_B64_H64_W64_latent128_win15_bins16.pt,106,5.753899773021727e-06,0.9999826696050799
glioblastoma,GeoAE,0,128,models/glioblastoma_geoae_lam0.1/latent_tda_features/seed0_test_T50_B64_H64_W64_latent128_win15_bins16.pt,107,5.176277712360215e-06,0.9999878458827922
glioblastoma,GeoAE,0,128,models/glioblastoma_geoae_lam0.1/latent_tda_features/seed0_test_T50_B64_H64_W64_latent128_win15_bins16.pt,108,4.0230694035391845e-06,0.9999918689521957
glioblastoma,GeoAE,0,128,models/glioblastoma_geoae_lam0.1/latent_tda_features/seed0_test_T50_B64_H64_W64_latent128_win15_bins16.pt,109,2.5153862412002547e-06,0.9999943843384369
glioblastoma,GeoAE,0,128,models/glioblastoma_geoae_lam0.1/latent_tda_features/seed0_test_T50_B64_H64_W64_latent128_win15_bins16.pt,110,2.3928147522638613e-06,0.9999967771531891
glioblastoma,GeoAE,0,128,models/glioblastoma_geoae_lam0.1/latent_tda_features/seed0_test_T50_B64_H64_W64_latent128_win15_bins16.pt,111,1.9236396069170025e-06,0.9999987007927961
glioblastoma,GeoAE,0,128,models/glioblastoma_geoae_lam0.1/latent_tda_features/seed0_test_T50_B64_H64_W64_latent128_win15_bins16.pt,112,1.2992072036812226e-06,0.9999999999999998
glioblastoma,GeoAE,0,128,models/glioblastoma_geoae_lam0.1/latent_tda_features/seed0_test_T50_B64_H64_W64_latent128_win15_bins16.pt,113,8.756898907598722e-17,0.9999999999999999
glioblastoma,GeoAE,0,128,models/glioblastoma_geoae_lam0.1/latent_tda_features/seed0_test_T50_B64_H64_W64_latent128_win15_bins16.pt,114,5.472553317959044e-17,0.9999999999999999
glioblastoma,GeoAE,0,128,models/glioblastoma_geoae_lam0.1/latent_tda_features/seed0_test_T50_B64_H64_W64_latent128_win15_bins16.pt,115,4.224952315586569e-17,0.9999999999999999
glioblastoma,GeoAE,0,128,models/glioblastoma_geoae_lam0.1/latent_tda_features/seed0_test_T50_B64_H64_W64_latent128_win15_bins16.pt,116,2.7600736138397464e-17,0.9999999999999999
glioblastoma,GeoAE,0,128,models/glioblastoma_geoae_lam0.1/latent_tda_features/seed0_test_T50_B64_H64_W64_latent128_win15_bins16.pt,117,1.7121902523592677e-17,0.9999999999999999
glioblastoma,GeoAE,0,128,models/glioblastoma_geoae_lam0.1/latent_tda_features/seed0_test_T50_B64_H64_W64_latent128_win15_bins16.pt,118,1.5392846544510367e-17,0.9999999999999999
glioblastoma,GeoAE,0,128,models/glioblastoma_geoae_lam0.1/latent_tda_features/seed0_test_T50_B64_H64_W64_latent128_win15_bins16.pt,119,1.1667968419528762e-17,0.9999999999999999
glioblastoma,GeoAE,0,128,models/glioblastoma_geoae_lam0.1/latent_tda_features/seed0_test_T50_B64_H64_W64_latent128_win15_bins16.pt,120,1.15953623989048e-17,0.9999999999999999
glioblastoma,GeoAE,0,128,models/glioblastoma_geoae_lam0.1/latent_tda_features/seed0_test_T50_B64_H64_W64_latent128_win15_bins16.pt,121,0.0,0.9999999999999999
glioblastoma,GeoAE,0,128,models/glioblastoma_geoae_lam0.1/latent_tda_features/seed0_test_T50_B64_H64_W64_latent128_win15_bins16.pt,122,0.0,0.9999999999999999
glioblastoma,GeoAE,0,128,models/glioblastoma_geoae_lam0.1/latent_tda_features/seed0_test_T50_B64_H64_W64_latent128_win15_bins16.pt,123,0.0,0.9999999999999999
glioblastoma,GeoAE,0,128,models/glioblastoma_geoae_lam0.1/latent_tda_features/seed0_test_T50_B64_H64_W64_latent128_win15_bins16.pt,124,0.0,0.9999999999999999
glioblastoma,GeoAE,0,128,models/glioblastoma_geoae_lam0.1/latent_tda_features/seed0_test_T50_B64_H64_W64_latent128_win15_bins16.pt,125,0.0,0.9999999999999999
glioblastoma,GeoAE,0,128,models/glioblastoma_geoae_lam0.1/latent_tda_features/seed0_test_T50_B64_H64_W64_latent128_win15_bins16.pt,126,0.0,0.9999999999999999
glioblastoma,GeoAE,0,128,models/glioblastoma_geoae_lam0.1/latent_tda_features/seed0_test_T50_B64_H64_W64_latent128_win15_bins16.pt,127,0.0,0.9999999999999999
glioblastoma,GeoAE,0,128,models/glioblastoma_geoae_lam0.1/latent_tda_features/seed0_test_T50_B64_H64_W64_latent128_win15_bins16.pt,128,0.0,0.9999999999999999
glioblastoma,TopoAE,0,128,models/glioblastoma_topoae_lam0.1_signature/latent_tda_features/seed0_test_T50_B64_H64_W64_latent128_win15_bins16.pt,1,0.38548561001054044,0.38548561001054044
glioblastoma,TopoAE,0,128,models/glioblastoma_topoae_lam0.1_signature/latent_tda_features/seed0_test_T50_B64_H64_W64_latent128_win15_bins16.pt,2,0.21336960345330777,0.5988552134638482
glioblastoma,TopoAE,0,128,models/glioblastoma_topoae_lam0.1_signature/latent_tda_features/seed0_test_T50_B64_H64_W64_latent128_win15_bins16.pt,3,0.1110661529823093,0.7099213664461574
glioblastoma,TopoAE,0,128,models/glioblastoma_topoae_lam0.1_signature/latent_tda_features/seed0_test_T50_B64_H64_W64_latent128_win15_bins16.pt,4,0.0930241086485599,0.8029454750947174
glioblastoma,TopoAE,0,128,models/glioblastoma_topoae_lam0.1_signature/latent_tda_features/seed0_test_T50_B64_H64_W64_latent128_win15_bins16.pt,5,0.040996958660789846,0.8439424337555073
glioblastoma,TopoAE,0,128,models/glioblastoma_topoae_lam0.1_signature/latent_tda_features/seed0_test_T50_B64_H64_W64_latent128_win15_bins16.pt,6,0.03867807158033984,0.8826205053358471
glioblastoma,TopoAE,0,128,models/glioblastoma_topoae_lam0.1_signature/latent_tda_features/seed0_test_T50_B64_H64_W64_latent128_win15_bins16.pt,7,0.025395796487409035,0.9080163018232562
glioblastoma,TopoAE,0,128,models/glioblastoma_topoae_lam0.1_signature/latent_tda_features/seed0_test_T50_B64_H64_W64_latent128_win15_bins16.pt,8,0.01917193538278925,0.9271882372060455
glioblastoma,TopoAE,0,128,models/glioblastoma_topoae_lam0.1_signature/latent_tda_features/seed0_test_T50_B64_H64_W64_latent128_win15_bins16.pt,9,0.014931516556291238,0.9421197537623367
glioblastoma,TopoAE,0,128,models/glioblastoma_topoae_lam0.1_signature/latent_tda_features/seed0_test_T50_B64_H64_W64_latent128_win15_bins16.pt,10,0.009491647459345182,0.9516114012216819
glioblastoma,TopoAE,0,128,models/glioblastoma_topoae_lam0.1_signature/latent_tda_features/seed0_test_T50_B64_H64_W64_latent128_win15_bins16.pt,11,0.00791369882432509,0.959525100046007
glioblastoma,TopoAE,0,128,models/glioblastoma_topoae_lam0.1_signature/latent_tda_features/seed0_test_T50_B64_H64_W64_latent128_win15_bins16.pt,12,0.006406097675280487,0.9659311977212874
glioblastoma,TopoAE,0,128,models/glioblastoma_topoae_lam0.1_signature/latent_tda_features/seed0_test_T50_B64_H64_W64_latent128_win15_bins16.pt,13,0.005457055852219311,0.9713882535735068
glioblastoma,TopoAE,0,128,models/glioblastoma_topoae_lam0.1_signature/latent_tda_features/seed0_test_T50_B64_H64_W64_latent128_win15_bins16.pt,14,0.004192421478915691,0.9755806750524225
glioblastoma,TopoAE,0,128,models/glioblastoma_topoae_lam0.1_signature/latent_tda_features/seed0_test_T50_B64_H64_W64_latent128_win15_bins16.pt,15,0.003128001080653463,0.978708676133076
glioblastoma,TopoAE,0,128,models/glioblastoma_topoae_lam0.1_signature/latent_tda_features/seed0_test_T50_B64_H64_W64_latent128_win15_bins16.pt,16,0.0025932140871603874,0.9813018902202364
glioblastoma,TopoAE,0,128,models/glioblastoma_topoae_lam0.1_signature/latent_tda_features/seed0_test_T50_B64_H64_W64_latent128_win15_bins16.pt,17,0.0022330034422158936,0.9835348936624523
glioblastoma,TopoAE,0,128,models/glioblastoma_topoae_lam0.1_signature/latent_tda_features/seed0_test_T50_B64_H64_W64_latent128_win15_bins16.pt,18,0.0019847021564155785,0.9855195958188678
glioblastoma,TopoAE,0,128,models/glioblastoma_topoae_lam0.1_signature/latent_tda_features/seed0_test_T50_B64_H64_W64_latent128_win15_bins16.pt,19,0.0018113458183624117,0.9873309416372302
glioblastoma,TopoAE,0,128,models/glioblastoma_topoae_lam0.1_signature/latent_tda_features/seed0_test_T50_B64_H64_W64_latent128_win15_bins16.pt,20,0.0012832590403934817,0.9886142006776237
glioblastoma,TopoAE,0,128,models/glioblastoma_topoae_lam0.1_signature/latent_tda_features/seed0_test_T50_B64_H64_W64_latent128_win15_bins16.pt,21,0.0011523087462272858,0.989766509423851
glioblastoma,TopoAE,0,128,models/glioblastoma_topoae_lam0.1_signature/latent_tda_features/seed0_test_T50_B64_H64_W64_latent128_win15_bins16.pt,22,0.0010130148477996337,0.9907795242716506
glioblastoma,TopoAE,0,128,models/glioblastoma_topoae_lam0.1_signature/latent_tda_features/seed0_test_T50_B64_H64_W64_latent128_win15_bins16.pt,23,0.0009913651072310083,0.9917708893788816
glioblastoma,TopoAE,0,128,models/glioblastoma_topoae_lam0.1_signature/latent_tda_features/seed0_test_T50_B64_H64_W64_latent128_win15_bins16.pt,24,0.0008861852025658343,0.9926570745814474
glioblastoma,TopoAE,0,128,models/glioblastoma_topoae_lam0.1_signature/latent_tda_features/seed0_test_T50_B64_H64_W64_latent128_win15_bins16.pt,25,0.0008017478241187663,0.9934588224055662
glioblastoma,TopoAE,0,128,models/glioblastoma_topoae_lam0.1_signature/latent_tda_features/seed0_test_T50_B64_H64_W64_latent128_win15_bins16.pt,26,0.0006986671703703564,0.9941574895759365
glioblastoma,TopoAE,0,128,models/glioblastoma_topoae_lam0.1_signature/latent_tda_features/seed0_test_T50_B64_H64_W64_latent128_win15_bins16.pt,27,0.0006074699487954261,0.994764959524732
glioblastoma,TopoAE,0,128,models/glioblastoma_topoae_lam0.1_signature/latent_tda_features/seed0_test_T50_B64_H64_W64_latent128_win15_bins16.pt,28,0.0005185131577266515,0.9952834726824586
glioblastoma,TopoAE,0,128,models/glioblastoma_topoae_lam0.1_signature/latent_tda_features/seed0_test_T50_B64_H64_W64_latent128_win15_bins16.pt,29,0.0005024998168782109,0.9957859724993369
glioblastoma,TopoAE,0,128,models/glioblastoma_topoae_lam0.1_signature/latent_tda_features/seed0_test_T50_B64_H64_W64_latent128_win15_bins16.pt,30,0.00042335115008464494,0.9962093236494215
glioblastoma,TopoAE,0,128,models/glioblastoma_topoae_lam0.1_signature/latent_tda_features/seed0_test_T50_B64_H64_W64_latent128_win15_bins16.pt,31,0.00035865765518765984,0.9965679813046091
glioblastoma,TopoAE,0,128,models/glioblastoma_topoae_lam0.1_signature/latent_tda_features/seed0_test_T50_B64_H64_W64_latent128_win15_bins16.pt,32,0.00032519024622939554,0.9968931715508385
glioblastoma,TopoAE,0,128,models/glioblastoma_topoae_lam0.1_signature/latent_tda_features/seed0_test_T50_B64_H64_W64_latent128_win15_bins16.pt,33,0.00030358787029155477,0.99719675942113
glioblastoma,TopoAE,0,128,models/glioblastoma_topoae_lam0.1_signature/latent_tda_features/seed0_test_T50_B64_H64_W64_latent128_win15_bins16.pt,34,0.0002759587929985236,0.9974727182141285
glioblastoma,TopoAE,0,128,models/glioblastoma_topoae_lam0.1_signature/latent_tda_features/seed0_test_T50_B64_H64_W64_latent128_win15_bins16.pt,35,0.00025285525193023586,0.9977255734660587
glioblastoma,TopoAE,0,128,models/glioblastoma_topoae_lam0.1_signature/latent_tda_features/seed0_test_T50_B64_H64_W64_latent128_win15_bins16.pt,36,0.0002324017605390536,0.9979579752265978
glioblastoma,TopoAE,0,128,models/glioblastoma_topoae_lam0.1_signature/latent_tda_features/seed0_test_T50_B64_H64_W64_latent128_win15_bins16.pt,37,0.00020077220077343647,0.9981587474273712
glioblastoma,TopoAE,0,128,models/glioblastoma_topoae_lam0.1_signature/latent_tda_features/seed0_test_T50_B64_H64_W64_latent128_win15_bins16.pt,38,0.00017622919613119773,0.9983349766235025
glioblastoma,TopoAE,0,128,models/glioblastoma_topoae_lam0.1_signature/latent_tda_features/seed0_test_T50_B64_H64_W64_latent128_win15_bins16.pt,39,0.00014828163374990306,0.9984832582572524
glioblastoma,TopoAE,0,128,models/glioblastoma_topoae_lam0.1_signature/latent_tda_features/seed0_test_T50_B64_H64_W64_latent128_win15_bins16.pt,40,0.0001397335931776602,0.99862299185043
glioblastoma,TopoAE,0,128,models/glioblastoma_topoae_lam0.1_signature/latent_tda_features/seed0_test_T50_B64_H64_W64_latent128_win15_bins16.pt,41,0.00013355194841648284,0.9987565437988465
glioblastoma,TopoAE,0,128,models/glioblastoma_topoae_lam0.1_signature/latent_tda_features/seed0_test_T50_B64_H64_W64_latent128_win15_bins16.pt,42,0.00011661394374856946,0.9988731577425951
glioblastoma,TopoAE,0,128,models/glioblastoma_topoae_lam0.1_signature/latent_tda_features/seed0_test_T50_B64_H64_W64_latent128_win15_bins16.pt,43,0.00010401072974972553,0.9989771684723449
glioblastoma,TopoAE,0,128,models/glioblastoma_topoae_lam0.1_signature/latent_tda_features/seed0_test_T50_B64_H64_W64_latent128_win15_bins16.pt,44,9.54387848518164e-05,0.9990726072571967
glioblastoma,TopoAE,0,128,models/glioblastoma_topoae_lam0.1_signature/latent_tda_features/seed0_test_T50_B64_H64_W64_latent128_win15_bins16.pt,45,8.945380067714537e-05,0.9991620610578739
glioblastoma,TopoAE,0,128,models/glioblastoma_topoae_lam0.1_signature/latent_tda_features/seed0_test_T50_B64_H64_W64_latent128_win15_bins16.pt,46,8.593066527668565e-05,0.9992479917231506
glioblastoma,TopoAE,0,128,models/glioblastoma_topoae_lam0.1_signature/latent_tda_features/seed0_test_T50_B64_H64_W64_latent128_win15_bins16.pt,47,7.007391664244673e-05,0.9993180656397931
glioblastoma,TopoAE,0,128,models/glioblastoma_topoae_lam0.1_signature/latent_tda_features/seed0_test_T50_B64_H64_W64_latent128_win15_bins16.pt,48,6.625686372403131e-05,0.9993843225035172
glioblastoma,TopoAE,0,128,models/glioblastoma_topoae_lam0.1_signature/latent_tda_features/seed0_test_T50_B64_H64_W64_latent128_win15_bins16.pt,49,5.784726593720919e-05,0.9994421697694543
glioblastoma,TopoAE,0,128,models/glioblastoma_topoae_lam0.1_signature/latent_tda_features/seed0_test_T50_B64_H64_W64_latent128_win15_bins16.pt,50,5.225112431648896e-05,0.9994944208937708
glioblastoma,TopoAE,0,128,models/glioblastoma_topoae_lam0.1_signature/latent_tda_features/seed0_test_T50_B64_H64_W64_latent128_win15_bins16.pt,51,4.533413370426332e-05,0.999539755027475
glioblastoma,TopoAE,0,128,models/glioblastoma_topoae_lam0.1_signature/latent_tda_features/seed0_test_T50_B64_H64_W64_latent128_win15_bins16.pt,52,4.1857168058539317e-05,0.9995816121955335
glioblastoma,TopoAE,0,128,models/glioblastoma_topoae_lam0.1_signature/latent_tda_features/seed0_test_T50_B64_H64_W64_latent128_win15_bins16.pt,53,3.91005094416188e-05,0.9996207127049752
glioblastoma,TopoAE,0,128,models/glioblastoma_topoae_lam0.1_signature/latent_tda_features/seed0_test_T50_B64_H64_W64_latent128_win15_bins16.pt,54,3.380763922671207e-05,0.9996545203442019
glioblastoma,TopoAE,0,128,models/glioblastoma_topoae_lam0.1_signature/latent_tda_features/seed0_test_T50_B64_H64_W64_latent128_win15_bins16.pt,55,2.8629657537402995e-05,0.9996831500017392
glioblastoma,TopoAE,0,128,models/glioblastoma_topoae_lam0.1_signature/latent_tda_features/seed0_test_T50_B64_H64_W64_latent128_win15_bins16.pt,56,2.6392497160126293e-05,0.9997095424988993
glioblastoma,TopoAE,0,128,models/glioblastoma_topoae_lam0.1_signature/latent_tda_features/seed0_test_T50_B64_H64_W64_latent128_win15_bins16.pt,57,2.5458824275097758e-05,0.9997350013231744
glioblastoma,TopoAE,0,128,models/glioblastoma_topoae_lam0.1_signature/latent_tda_features/seed0_test_T50_B64_H64_W64_latent128_win15_bins16.pt,58,2.339530132524409e-05,0.9997583966244996
glioblastoma,TopoAE,0,128,models/glioblastoma_topoae_lam0.1_signature/latent_tda_features/seed0_test_T50_B64_H64_W64_latent128_win15_bins16.pt,59,2.0874790126943464e-05,0.9997792714146265
glioblastoma,TopoAE,0,128,models/glioblastoma_topoae_lam0.1_signature/latent_tda_features/seed0_test_T50_B64_H64_W64_latent128_win15_bins16.pt,60,1.8698550826983556e-05,0.9997979699654536
glioblastoma,TopoAE,0,128,models/glioblastoma_topoae_lam0.1_signature/latent_tda_features/seed0_test_T50_B64_H64_W64_latent128_win15_bins16.pt,61,1.71818838722707e-05,0.9998151518493258
glioblastoma,TopoAE,0,128,models/glioblastoma_topoae_lam0.1_signature/latent_tda_features/seed0_test_T50_B64_H64_W64_latent128_win15_bins16.pt,62,1.6440513772262142e-05,0.999831592363098
glioblastoma,TopoAE,0,128,models/glioblastoma_topoae_lam0.1_signature/latent_tda_features/seed0_test_T50_B64_H64_W64_latent128_win15_bins16.pt,63,1.4569823040377849e-05,0.9998461621861384
glioblastoma,TopoAE,0,128,models/glioblastoma_topoae_lam0.1_signature/latent_tda_features/seed0_test_T50_B64_H64_W64_latent128_win15_bins16.pt,64,1.3775163540139145e-05,0.9998599373496786
glioblastoma,TopoAE,0,128,models/glioblastoma_topoae_lam0.1_signature/latent_tda_features/seed0_test_T50_B64_H64_W64_latent128_win15_bins16.pt,65,1.2249189937618997e-05,0.9998721865396162
glioblastoma,TopoAE,0,128,models/glioblastoma_topoae_lam0.1_signature/latent_tda_features/seed0_test_T50_B64_H64_W64_latent128_win15_bins16.pt,66,1.1514061397532302e-05,0.9998837006010137
glioblastoma,TopoAE,0,128,models/glioblastoma_topoae_lam0.1_signature/latent_tda_features/seed0_test_T50_B64_H64_W64_latent128_win15_bins16.pt,67,1.1017878306310544e-05,0.99989471847932
glioblastoma,TopoAE,0,128,models/glioblastoma_topoae_lam0.1_signature/latent_tda_features/seed0_test_T50_B64_H64_W64_latent128_win15_bins16.pt,68,9.535640481590243e-06,0.9999042541198015
glioblastoma,TopoAE,0,128,models/glioblastoma_topoae_lam0.1_signature/latent_tda_features/seed0_test_T50_B64_H64_W64_latent128_win15_bins16.pt,69,8.7024387684798e-06,0.99991295655857
glioblastoma,TopoAE,0,128,models/glioblastoma_topoae_lam0.1_signature/latent_tda_features/seed0_test_T50_B64_H64_W64_latent128_win15_bins16.pt,70,8.280364239894416e-06,0.99992123692281
glioblastoma,TopoAE,0,128,models/glioblastoma_topoae_lam0.1_signature/latent_tda_features/seed0_test_T50_B64_H64_W64_latent128_win15_bins16.pt,71,7.968440202035082e-06,0.999929205363012
glioblastoma,TopoAE,0,128,models/glioblastoma_topoae_lam0.1_signature/latent_tda_features/seed0_test_T50_B64_H64_W64_latent128_win15_bins16.pt,72,7.065171772708965e-06,0.9999362705347847
glioblastoma,TopoAE,0,128,models/glioblastoma_topoae_lam0.1_signature/latent_tda_features/seed0_test_T50_B64_H64_W64_latent128_win15_bins16.pt,73,6.651694200605954e-06,0.9999429222289853
glioblastoma,TopoAE,0,128,models/glioblastoma_topoae_lam0.1_signature/latent_tda_features/seed0_test_T50_B64_H64_W64_latent128_win15_bins16.pt,74,5.6493423908171014e-06,0.9999485715713761
glioblastoma,TopoAE,0,128,models/glioblastoma_topoae_lam0.1_signature/latent_tda_features/seed0_test_T50_B64_H64_W64_latent128_win15_bins16.pt,75,5.162786940432259e-06,0.9999537343583165
glioblastoma,TopoAE,0,128,models/glioblastoma_topoae_lam0.1_signature/latent_tda_features/seed0_test_T50_B64_H64_W64_latent128_win15_bins16.pt,76,4.985817875571818e-06,0.999958720176192
glioblastoma,TopoAE,0,128,models/glioblastoma_topoae_lam0.1_signature/latent_tda_features/seed0_test_T50_B64_H64_W64_latent128_win15_bins16.pt,77,4.013699056800199e-06,0.9999627338752488
glioblastoma,TopoAE,0,128,models/glioblastoma_topoae_lam0.1_signature/latent_tda_features/seed0_test_T50_B64_H64_W64_latent128_win15_bins16.pt,78,3.86532913103236e-06,0.9999665992043798
glioblastoma,TopoAE,0,128,models/glioblastoma_topoae_lam0.1_signature/latent_tda_features/seed0_test_T50_B64_H64_W64_latent128_win15_bins16.pt,79,3.7430507766120105e-06,0.9999703422551565
glioblastoma,TopoAE,0,128,models/glioblastoma_topoae_lam0.1_signature/latent_tda_features/seed0_test_T50_B64_H64_W64_latent128_win15_bins16.pt,80,3.322812107461076e-06,0.9999736650672639
glioblastoma,TopoAE,0,128,models/glioblastoma_topoae_lam0.1_signature/latent_tda_features/seed0_test_T50_B64_H64_W64_latent128_win15_bins16.pt,81,2.831442195364043e-06,0.9999764965094593
glioblastoma,TopoAE,0,128,models/glioblastoma_topoae_lam0.1_signature/latent_tda_features/seed0_test_T50_B64_H64_W64_latent128_win15_bins16.pt,82,2.5823462682784692e-06,0.9999790788557276
glioblastoma,TopoAE,0,128,models/glioblastoma_topoae_lam0.1_signature/latent_tda_features/seed0_test_T50_B64_H64_W64_latent128_win15_bins16.pt,83,2.362912577879623e-06,0.9999814417683054
glioblastoma,TopoAE,0,128,models/glioblastoma_topoae_lam0.1_signature/latent_tda_features/seed0_test_T50_B64_H64_W64_latent128_win15_bins16.pt,84,2.059405653292023e-06,0.9999835011739587
glioblastoma,TopoAE,0,128,models/glioblastoma_topoae_lam0.1_signature/latent_tda_features/seed0_test_T50_B64_H64_W64_latent128_win15_bins16.pt,85,1.9953636648363878e-06,0.9999854965376236
glioblastoma,TopoAE,0,128,models/glioblastoma_topoae_lam0.1_signature/latent_tda_features/seed0_test_T50_B64_H64_W64_latent128_win15_bins16.pt,86,1.6774552436727906e-06,0.9999871739928673
glioblastoma,TopoAE,0,128,models/glioblastoma_topoae_lam0.1_signature/latent_tda_features/seed0_test_T50_B64_H64_W64_latent128_win15_bins16.pt,87,1.594049568667348e-06,0.999988768042436
glioblastoma,TopoAE,0,128,models/glioblastoma_topoae_lam0.1_signature/latent_tda_features/seed0_test_T50_B64_H64_W64_latent128_win15_bins16.pt,88,1.4200134559640679e-06,0.9999901880558919
glioblastoma,TopoAE,0,128,models/glioblastoma_topoae_lam0.1_signature/latent_tda_features/seed0_test_T50_B64_H64_W64_latent128_win15_bins16.pt,89,1.2091653015541e-06,0.9999913972211935
glioblastoma,TopoAE,0,128,models/glioblastoma_topoae_lam0.1_signature/latent_tda_features/seed0_test_T50_B64_H64_W64_latent128_win15_bins16.pt,90,1.1140529888651988e-06,0.9999925112741823
glioblastoma,TopoAE,0,128,models/glioblastoma_topoae_lam0.1_signature/latent_tda_features/seed0_test_T50_B64_H64_W64_latent128_win15_bins16.pt,91,1.052730114100907e-06,0.9999935640042964
glioblastoma,TopoAE,0,128,models/glioblastoma_topoae_lam0.1_signature/latent_tda_features/seed0_test_T50_B64_H64_W64_latent128_win15_bins16.pt,92,8.68853838392863e-07,0.9999944328581348
glioblastoma,TopoAE,0,128,models/glioblastoma_topoae_lam0.1_signature/latent_tda_features/seed0_test_T50_B64_H64_W64_latent128_win15_bins16.pt,93,7.906500622002307e-07,0.999995223508197
glioblastoma,TopoAE,0,128,models/glioblastoma_topoae_lam0.1_signature/latent_tda_features/seed0_test_T50_B64_H64_W64_latent128_win15_bins16.pt,94,6.940528086729396e-07,0.9999959175610057
glioblastoma,TopoAE,0,128,models/glioblastoma_topoae_lam0.1_signature/latent_tda_features/seed0_test_T50_B64_H64_W64_latent128_win15_bins16.pt,95,6.112812606097886e-07,0.9999965288422663
glioblastoma,TopoAE,0,128,models/glioblastoma_topoae_lam0.1_signature/latent_tda_features/seed0_test_T50_B64_H64_W64_latent128_win15_bins16.pt,96,5.434411470423914e-07,0.9999970722834134
glioblastoma,TopoAE,0,128,models/glioblastoma_topoae_lam0.1_signature/latent_tda_features/seed0_test_T50_B64_H64_W64_latent128_win15_bins16.pt,97,5.057379378530581e-07,0.9999975780213513
glioblastoma,TopoAE,0,128,models/glioblastoma_topoae_lam0.1_signature/latent_tda_features/seed0_test_T50_B64_H64_W64_latent128_win15_bins16.pt,98,4.1552286361394887e-07,0.9999979935442148
glioblastoma,TopoAE,0,128,models/glioblastoma_topoae_lam0.1_signature/latent_tda_features/seed0_test_T50_B64_H64_W64_latent128_win15_bins16.pt,99,3.639338340185986e-07,0.9999983574780489
glioblastoma,TopoAE,0,128,models/glioblastoma_topoae_lam0.1_signature/latent_tda_features/seed0_test_T50_B64_H64_W64_latent128_win15_bins16.pt,100,3.472403840283417e-07,0.9999987047184329
glioblastoma,TopoAE,0,128,models/glioblastoma_topoae_lam0.1_signature/latent_tda_features/seed0_test_T50_B64_H64_W64_latent128_win15_bins16.pt,101,2.949053753362413e-07,0.9999989996238082
glioblastoma,TopoAE,0,128,models/glioblastoma_topoae_lam0.1_signature/latent_tda_features/seed0_test_T50_B64_H64_W64_latent128_win15_bins16.pt,102,1.8918938475325595e-07,0.9999991888131929
glioblastoma,TopoAE,0,128,models/glioblastoma_topoae_lam0.1_signature/latent_tda_features/seed0_test_T50_B64_H64_W64_latent128_win15_bins16.pt,103,1.8062683675400518e-07,0.9999993694400297
glioblastoma,TopoAE,0,128,models/glioblastoma_topoae_lam0.1_signature/latent_tda_features/seed0_test_T50_B64_H64_W64_latent128_win15_bins16.pt,104,1.566450781569229e-07,0.9999995260851078
glioblastoma,TopoAE,0,128,models/glioblastoma_topoae_lam0.1_signature/latent_tda_features/seed0_test_T50_B64_H64_W64_latent128_win15_bins16.pt,105,1.1632730491533485e-07,0.9999996424124127
glioblastoma,TopoAE,0,128,models/glioblastoma_topoae_lam0.1_signature/latent_tda_features/seed0_test_T50_B64_H64_W64_latent128_win15_bins16.pt,106,9.665685868902932e-08,0.9999997390692714
glioblastoma,TopoAE,0,128,models/glioblastoma_topoae_lam0.1_signature/latent_tda_features/seed0_test_T50_B64_H64_W64_latent128_win15_bins16.pt,107,9.068637769014889e-08,0.9999998297556492
glioblastoma,TopoAE,0,128,models/glioblastoma_topoae_lam0.1_signature/latent_tda_features/seed0_test_T50_B64_H64_W64_latent128_win15_bins16.pt,108,6.428513305322467e-08,0.9999998940407823
glioblastoma,TopoAE,0,128,models/glioblastoma_topoae_lam0.1_signature/latent_tda_features/seed0_test_T50_B64_H64_W64_latent128_win15_bins16.pt,109,4.252625352278609e-08,0.9999999365670358
glioblastoma,TopoAE,0,128,models/glioblastoma_topoae_lam0.1_signature/latent_tda_features/seed0_test_T50_B64_H64_W64_latent128_win15_bins16.pt,110,2.9296437432863833e-08,0.9999999658634732
glioblastoma,TopoAE,0,128,models/glioblastoma_topoae_lam0.1_signature/latent_tda_features/seed0_test_T50_B64_H64_W64_latent128_win15_bins16.pt,111,2.2630981267178663e-08,0.9999999884944545
glioblastoma,TopoAE,0,128,models/glioblastoma_topoae_lam0.1_signature/latent_tda_features/seed0_test_T50_B64_H64_W64_latent128_win15_bins16.pt,112,1.1505544931897513e-08,0.9999999999999994
glioblastoma,TopoAE,0,128,models/glioblastoma_topoae_lam0.1_signature/latent_tda_features/seed0_test_T50_B64_H64_W64_latent128_win15_bins16.pt,113,1.8399960770680608e-16,0.9999999999999997
glioblastoma,TopoAE,0,128,models/glioblastoma_topoae_lam0.1_signature/latent_tda_features/seed0_test_T50_B64_H64_W64_latent128_win15_bins16.pt,114,1.3395914208364724e-16,0.9999999999999998
glioblastoma,TopoAE,0,128,models/glioblastoma_topoae_lam0.1_signature/latent_tda_features/seed0_test_T50_B64_H64_W64_latent128_win15_bins16.pt,115,9.17679364459029e-17,0.9999999999999999
glioblastoma,TopoAE,0,128,models/glioblastoma_topoae_lam0.1_signature/latent_tda_features/seed0_test_T50_B64_H64_W64_latent128_win15_bins16.pt,116,7.426408124221019e-17,1.0
glioblastoma,TopoAE,0,128,models/glioblastoma_topoae_lam0.1_signature/latent_tda_features/seed0_test_T50_B64_H64_W64_latent128_win15_bins16.pt,117,4.6138604798629937e-17,1.0
glioblastoma,TopoAE,0,128,models/glioblastoma_topoae_lam0.1_signature/latent_tda_features/seed0_test_T50_B64_H64_W64_latent128_win15_bins16.pt,118,4.122309520028429e-17,1.0
glioblastoma,TopoAE,0,128,models/glioblastoma_topoae_lam0.1_signature/latent_tda_features/seed0_test_T50_B64_H64_W64_latent128_win15_bins16.pt,119,1.2931711299482463e-17,1.0
glioblastoma,TopoAE,0,128,models/glioblastoma_topoae_lam0.1_signature/latent_tda_features/seed0_test_T50_B64_H64_W64_latent128_win15_bins16.pt,120,0.0,1.0
glioblastoma,TopoAE,0,128,models/glioblastoma_topoae_lam0.1_signature/latent_tda_features/seed0_test_T50_B64_H64_W64_latent128_win15_bins16.pt,121,0.0,1.0
glioblastoma,TopoAE,0,128,models/glioblastoma_topoae_lam0.1_signature/latent_tda_features/seed0_test_T50_B64_H64_W64_latent128_win15_bins16.pt,122,0.0,1.0
glioblastoma,TopoAE,0,128,models/glioblastoma_topoae_lam0.1_signature/latent_tda_features/seed0_test_T50_B64_H64_W64_latent128_win15_bins16.pt,123,0.0,1.0
glioblastoma,TopoAE,0,128,models/glioblastoma_topoae_lam0.1_signature/latent_tda_features/seed0_test_T50_B64_H64_W64_latent128_win15_bins16.pt,124,0.0,1.0
glioblastoma,TopoAE,0,128,models/glioblastoma_topoae_lam0.1_signature/latent_tda_features/seed0_test_T50_B64_H64_W64_latent128_win15_bins16.pt,125,0.0,1.0
glioblastoma,TopoAE,0,128,models/glioblastoma_topoae_lam0.1_signature/latent_tda_features/seed0_test_T50_B64_H64_W64_latent128_win15_bins16.pt,126,0.0,1.0
glioblastoma,TopoAE,0,128,models/glioblastoma_topoae_lam0.1_signature/latent_tda_features/seed0_test_T50_B64_H64_W64_latent128_win15_bins16.pt,127,0.0,1.0
glioblastoma,TopoAE,0,128,models/glioblastoma_topoae_lam0.1_signature/latent_tda_features/seed0_test_T50_B64_H64_W64_latent128_win15_bins16.pt,128,0.0,1.0
hela,AE,0,128,models/hela/latent_tda_features/seed0_test_T50_B28_H64_W64_latent128_win15_bins16.pt,1,0.9656355307999057,0.9656355307999057
hela,AE,0,128,models/hela/latent_tda_features/seed0_test_T50_B28_H64_W64_latent128_win15_bins16.pt,2,0.013163613576373679,0.9787991443762794
hela,AE,0,128,models/hela/latent_tda_features/seed0_test_T50_B28_H64_W64_latent128_win15_bins16.pt,3,0.009701302306997794,0.9885004466832772
hela,AE,0,128,models/hela/latent_tda_features/seed0_test_T50_B28_H64_W64_latent128_win15_bins16.pt,4,0.004605820002062768,0.99310626668534
hela,AE,0,128,models/hela/latent_tda_features/seed0_test_T50_B28_H64_W64_latent128_win15_bins16.pt,5,0.0020368170946460126,0.995143083779986
hela,AE,0,128,models/hela/latent_tda_features/seed0_test_T50_B28_H64_W64_latent128_win15_bins16.pt,6,0.0009502838459775172,0.9960933676259635
hela,AE,0,128,models/hela/latent_tda_features/seed0_test_T50_B28_H64_W64_latent128_win15_bins16.pt,7,0.0008064578169089617,0.9968998254428724
hela,AE,0,128,models/hela/latent_tda_features/seed0_test_T50_B28_H64_W64_latent128_win15_bins16.pt,8,0.0005738130614825837,0.997473638504355
hela,AE,0,128,models/hela/latent_tda_features/seed0_test_T50_B28_H64_W64_latent128_win15_bins16.pt,9,0.0004556545376680524,0.997929293042023
hela,AE,0,128,models/hela/latent_tda_features/seed0_test_T50_B28_H64_W64_latent128_win15_bins16.pt,10,0.00039655335218020374,0.9983258463942033
hela,AE,0,128,models/hela/latent_tda_features/seed0_test_T50_B28_H64_W64_latent128_win15_bins16.pt,11,0.00021760785769491211,0.9985434542518982
hela,AE,0,128,models/hela/latent_tda_features/seed0_test_T50_B28_H64_W64_latent128_win15_bins16.pt,12,0.0001791003480602641,0.9987225545999584
hela,AE,0,128,models/hela/latent_tda_features/seed0_test_T50_B28_H64_W64_latent128_win15_bins16.pt,13,0.00015420939194575486,0.9988767639919042
hela,AE,0,128,models/hela/latent_tda_features/seed0_test_T50_B28_H64_W64_latent128_win15_bins16.pt,14,0.00011222442579957,0.9989889884177038
hela,AE,0,128,models/hela/latent_tda_features/seed0_test_T50_B28_H64_W64_latent128_win15_bins16.pt,15,8.198818402821285e-05,0.9990709766017319
hela,AE,0,128,models/hela/latent_tda_features/seed0_test_T50_B28_H64_W64_latent128_win15_bins16.pt,16,7.659127588991145e-05,0.9991475678776218
hela,AE,0,128,models/hela/latent_tda_features/seed0_test_T50_B28_H64_W64_latent128_win15_bins16.pt,17,7.22908405471011e-05,0.9992198587181689
hela,AE,0,128,models/hela/latent_tda_features/seed0_test_T50_B28_H64_W64_latent128_win15_bins16.pt,18,6.0099525406826805e-05,0.9992799582435757
hela,AE,0,128,models/hela/latent_tda_features/seed0_test_T50_B28_H64_W64_latent128_win15_bins16.pt,19,5.6901174271707575e-05,0.9993368594178474
hela,AE,0,128,models/hela/latent_tda_features/seed0_test_T50_B28_H64_W64_latent128_win15_bins16.pt,20,5.406590985496806e-05,0.9993909253277025
hela,AE,0,128,models/hela/latent_tda_features/seed0_test_T50_B28_H64_W64_latent128_win15_bins16.pt,21,4.8538877493655925e-05,0.9994394642051961
hela,AE,0,128,models/hela/latent_tda_features/seed0_test_T50_B28_H64_W64_latent128_win15_bins16.pt,22,4.425004431583143e-05,0.999483714249512
hela,AE,0,128,models/hela/latent_tda_features/seed0_test_T50_B28_H64_W64_latent128_win15_bins16.pt,23,4.0137477479950664e-05,0.999523851726992
hela,AE,0,128,models/hela/latent_tda_features/seed0_test_T50_B28_H64_W64_latent128_win15_bins16.pt,24,3.6106665299911594e-05,0.999559958392292
hela,AE,0,128,models/hela/latent_tda_features/seed0_test_T50_B28_H64_W64_latent128_win15_bins16.pt,25,3.224885199478197e-05,0.9995922072442868
hela,AE,0,128,models/hela/latent_tda_features/seed0_test_T50_B28_H64_W64_latent128_win15_bins16.pt,26,2.8518608179013858e-05,0.9996207258524658
hela,AE,0,128,models/hela/latent_tda_features/seed0_test_T50_B28_H64_W64_latent128_win15_bins16.pt,27,2.5036766140802122e-05,0.9996457626186066
hela,AE,0,128,models/hela/latent_tda_features/seed0_test_T50_B28_H64_W64_latent128_win15_bins16.pt,28,2.3353280521415045e-05,0.999669115899128
hela,AE,0,128,models/hela/latent_tda_features/seed0_test_T50_B28_H64_W64_latent128_win15_bins16.pt,29,2.0393357839207606e-05,0.9996895092569672
hela,AE,0,128,models/hela/latent_tda_features/seed0_test_T50_B28_H64_W64_latent128_win15_bins16.pt,30,1.9093246986132228e-05,0.9997086025039533
hela,AE,0,128,models/hela/latent_tda_features/seed0_test_T50_B28_H64_W64_latent128_win15_bins16.pt,31,1.8305322307600495e-05,0.999726907826261
hela,AE,0,128,models/hela/latent_tda_features/seed0_test_T50_B28_H64_W64_latent128_win15_bins16.pt,32,1.6618847125063526e-05,0.9997435266733861
hela,AE,0,128,models/hela/latent_tda_features/seed0_test_T50_B28_H64_W64_latent128_win15_bins16.pt,33,1.590476335067066e-05,0.9997594314367367
hela,AE,0,128,models/hela/latent_tda_features/seed0_test_T50_B28_H64_W64_latent128_win15_bins16.pt,34,1.5109938503295908e-05,0.99977454137524
hela,AE,0,128,models/hela/latent_tda_features/seed0_test_T50_B28_H64_W64_latent128_win15_bins16.pt,35,1.4005306195752254e-05,0.9997885466814358
hela,AE,0,128,models/hela/latent_tda_features/seed0_test_T50_B28_H64_W64_latent128_win15_bins16.pt,36,1.3528811205003256e-05,0.9998020754926408
hela,AE,0,128,models/hela/latent_tda_features/seed0_test_T50_B28_H64_W64_latent128_win15_bins16.pt,37,1.2058983065312875e-05,0.9998141344757061
hela,AE,0,128,models/hela/latent_tda_features/seed0_test_T50_B28_H64_W64_latent128_win15_bins16.pt,38,1.1428135083114563e-05,0.9998255626107893
hela,AE,0,128,models/hela/latent_tda_features/seed0_test_T50_B28_H64_W64_latent128_win15_bins16.pt,39,1.0356295257422167e-05,0.9998359189060467
hela,AE,0,128,models/hela/latent_tda_features/seed0_test_T50_B28_H64_W64_latent128_win15_bins16.pt,40,9.73764832468669e-06,0.9998456565543714
hela,AE,0,128,models/hela/latent_tda_features/seed0_test_T50_B28_H64_W64_latent128_win15_bins16.pt,41,9.055136793117231e-06,0.9998547116911646
hela,AE,0,128,models/hela/latent_tda_features/seed0_test_T50_B28_H64_W64_latent128_win15_bins16.pt,42,8.128930641722952e-06,0.9998628406218063
hela,AE,0,128,models/hela/latent_tda_features/seed0_test_T50_B28_H64_W64_latent128_win15_bins16.pt,43,7.877324943407579e-06,0.9998707179467498
hela,AE,0,128,models/hela/latent_tda_features/seed0_test_T50_B28_H64_W64_latent128_win15_bins16.pt,44,7.156519112671182e-06,0.9998778744658624
hela,AE,0,128,models/hela/latent_tda_features/seed0_test_T50_B28_H64_W64_latent128_win15_bins16.pt,45,6.964846072501055e-06,0.999884839311935
hela,AE,0,128,models/hela/latent_tda_features/seed0_test_T50_B28_H64_W64_latent128_win15_bins16.pt,46,6.57854860739088e-06,0.9998914178605424
hela,AE,0,128,models/hela/latent_tda_features/seed0_test_T50_B28_H64_W64_latent128_win15_bins16.pt,47,6.25891118121081e-06,0.9998976767717236
hela,AE,0,128,models/hela/latent_tda_features/seed0_test_T50_B28_H64_W64_latent128_win15_bins16.pt,48,5.699397863589159e-06,0.9999033761695871
hela,AE,0,128,models/hela/latent_tda_features/seed0_test_T50_B28_H64_W64_latent128_win15_bins16.pt,49,5.51228358170461e-06,0.9999088884531688
hela,AE,0,128,models/hela/latent_tda_features/seed0_test_T50_B28_H64_W64_latent128_win15_bins16.pt,50,5.100820402560802e-06,0.9999139892735714
hela,AE,0,128,models/hela/latent_tda_features/seed0_test_T50_B28_H64_W64_latent128_win15_bins16.pt,51,4.8903844899288425e-06,0.9999188796580614
hela,AE,0,128,models/hela/latent_tda_features/seed0_test_T50_B28_H64_W64_latent128_win15_bins16.pt,52,4.647582889902861e-06,0.9999235272409512
hela,AE,0,128,models/hela/latent_tda_features/seed0_test_T50_B28_H64_W64_latent128_win15_bins16.pt,53,4.206100224632284e-06,0.9999277333411759
hela,AE,0,128,models/hela/latent_tda_features/seed0_test_T50_B28_H64_W64_latent128_win15_bins16.pt,54,3.935056959542076e-06,0.9999316683981354
hela,AE,0,128,models/hela/latent_tda_features/seed0_test_T50_B28_H64_W64_latent128_win15_bins16.pt,55,3.786791492042573e-06,0.9999354551896275
hela,AE,0,128,models/hela/latent_tda_features/seed0_test_T50_B28_H64_W64_latent128_win15_bins16.pt,56,3.6299273636933914e-06,0.9999390851169911
hela,AE,0,128,models/hela/latent_tda_features/seed0_test_T50_B28_H64_W64_latent128_win15_bins16.pt,57,3.412512655499854e-06,0.9999424976296466
hela,AE,0,128,models/hela/latent_tda_features/seed0_test_T50_B28_H64_W64_latent128_win15_bins16.pt,58,3.2529181307452384e-06,0.9999457505477773
hela,AE,0,128,models/hela/latent_tda_features/seed0_test_T50_B28_H64_W64_latent128_win15_bins16.pt,59,3.0324473276841716e-06,0.999948782995105
hela,AE,0,128,models/hela/latent_tda_features/seed0_test_T50_B28_H64_W64_latent128_win15_bins16.pt,60,2.9371720100839523e-06,0.9999517201671151
hela,AE,0,128,models/hela/latent_tda_features/seed0_test_T50_B28_H64_W64_latent128_win15_bins16.pt,61,2.8117326466389967e-06,0.9999545318997617
hela,AE,0,128,models/hela/latent_tda_features/seed0_test_T50_B28_H64_W64_latent128_win15_bins16.pt,62,2.6252364313738325e-06,0.999957157136193
hela,AE,0,128,models/hela/latent_tda_features/seed0_test_T50_B28_H64_W64_latent128_win15_bins16.pt,63,2.5392663564536835e-06,0.9999596964025494
hela,AE,0,128,models/hela/latent_tda_features/seed0_test_T50_B28_H64_W64_latent128_win15_bins16.pt,64,2.456592255278823e-06,0.9999621529948047
hela,AE,0,128,models/hela/latent_tda_features/seed0_test_T50_B28_H64_W64_latent128_win15_bins16.pt,65,2.289655921670597e-06,0.9999644426507264
hela,AE,0,128,models/hela/latent_tda_features/seed0_test_T50_B28_H64_W64_latent128_win15_bins16.pt,66,2.2377652372661708e-06,0.9999666804159636
hela,AE,0,128,models/hela/latent_tda_features/seed0_test_T50_B28_H64_W64_latent128_win15_bins16.pt,67,1.880917107572253e-06,0.9999685613330712
hela,AE,0,128,models/hela/latent_tda_features/seed0_test_T50_B28_H64_W64_latent128_win15_bins16.pt,68,1.8078932247289784e-06,0.9999703692262959
hela,AE,0,128,models/hela/latent_tda_features/seed0_test_T50_B28_H64_W64_latent128_win15_bins16.pt,69,1.7029543563677161e-06,0.9999720721806523
hela,AE,0,128,models/hela/latent_tda_features/seed0_test_T50_B28_H64_W64_latent128_win15_bins16.pt,70,1.6523153331870377e-06,0.9999737244959855
hela,AE,0,128,models/hela/latent_tda_features/seed0_test_T50_B28_H64_W64_latent128_win15_bins16.pt,71,1.5392218559718888e-06,0.9999752637178415
hela,AE,0,128,models/hela/latent_tda_features/seed0_test_T50_B28_H64_W64_latent128_win15_bins16.pt,72,1.4662865585391003e-06,0.9999767300044
hela,AE,0,128,models/hela/latent_tda_features/seed0_test_T50_B28_H64_W64_latent128_win15_bins16.pt,73,1.3698892101736988e-06,0.9999780998936102
hela,AE,0,128,models/hela/latent_tda_features/seed0_test_T50_B28_H64_W64_latent128_win15_bins16.pt,74,1.3145696908630792e-06,0.9999794144633011
hela,AE,0,128,models/hela/latent_tda_features/seed0_test_T50_B28_H64_W64_latent128_win15_bins16.pt,75,1.2242065866676092e-06,0.9999806386698877
hela,AE,0,128,models/hela/latent_tda_features/seed0_test_T50_B28_H64_W64_latent128_win15_bins16.pt,76,1.158293965368663e-06,0.9999817969638531
hela,AE,0,128,models/hela/latent_tda_features/seed0_test_T50_B28_H64_W64_latent128_win15_bins16.pt,77,1.130746753418814e-06,0.9999829277106066
hela,AE,0,128,models/hela/latent_tda_features/seed0_test_T50_B28_H64_W64_latent128_win15_bins16.pt,78,1.0414176509015558e-06,0.9999839691282575
hela,AE,0,128,models/hela/latent_tda_features/seed0_test_T50_B28_H64_W64_latent128_win15_bins16.pt,79,9.398698228852265e-07,0.9999849089980803
hela,AE,0,128,models/hela/latent_tda_features/seed0_test_T50_B28_H64_W64_latent128_win15_bins16.pt,80,8.906839372515067e-07,0.9999857996820176
hela,AE,0,128,models/hela/latent_tda_features/seed0_test_T50_B28_H64_W64_latent128_win15_bins16.pt,81,8.743834977423547e-07,0.9999866740655153
hela,AE,0,128,models/hela/latent_tda_features/seed0_test_T50_B28_H64_W64_latent128_win15_bins16.pt,82,8.246811850332702e-07,0.9999874987467003
hela,AE,0,128,models/hela/latent_tda_features/seed0_test_T50_B28_H64_W64_latent128_win15_bins16.pt,83,7.514303080666396e-07,0.9999882501770084
hela,AE,0,128,models/hela/latent_tda_features/seed0_test_T50_B28_H64_W64_latent128_win15_bins16.pt,84,7.305499363716312e-07,0.9999889807269448
hela,AE,0,128,models/hela/latent_tda_features/seed0_test_T50_B28_H64_W64_latent128_win15_bins16.pt,85,6.985388332083764e-07,0.999989679265778
hela,AE,0,128,models/hela/latent_tda_features/seed0_test_T50_B28_H64_W64_latent128_win15_bins16.pt,86,6.516849788739171e-07,0.9999903309507568
hela,AE,0,128,models/hela/latent_tda_features/seed0_test_T50_B28_H64_W64_latent128_win15_bins16.pt,87,6.388500459991503e-07,0.9999909698008028
hela,AE,0,128,models/hela/latent_tda_features/seed0_test_T50_B28_H64_W64_latent128_win15_bins16.pt,88,5.788538981780181e-07,0.999991548654701
hela,AE,0,128,models/hela/latent_tda_features/seed0_test_T50_B28_H64_W64_latent128_win15_bins16.pt,89,5.618518848499032e-07,0.9999921105065858
hela,AE,0,128,models/hela/latent_tda_features/seed0_test_T50_B28_H64_W64_latent128_win15_bins16.pt,90,5.154660264024036e-07,0.9999926259726122
hela,AE,0,128,models/hela/latent_tda_features/seed0_test_T50_B28_H64_W64_latent128_win15_bins16.pt,91,4.900162666063081e-07,0.9999931159888787
hela,AE,0,128,models/hela/latent_tda_features/seed0_test_T50_B28_H64_W64_latent128_win15_bins16.pt,92,4.520697020124193e-07,0.9999935680585808
hela,AE,0,128,models/hela/latent_tda_features/seed0_test_T50_B28_H64_W64_latent128_win15_bins16.pt,93,4.465742328050533e-07,0.9999940146328136
hela,AE,0,128,models/hela/latent_tda_features/seed0_test_T50_B28_H64_W64_latent128_win15_bins16.pt,94,4.3473074061447874e-07,0.9999944493635542
hela,AE,0,128,models/hela/latent_tda_features/seed0_test_T50_B28_H64_W64_latent128_win15_bins16.pt,95,3.9601443135443267e-07,0.9999948453779856
hela,AE,0,128,models/hela/latent_tda_features/seed0_test_T50_B28_H64_W64_latent128_win15_bins16.pt,96,3.725527224089795e-07,0.999995217930708
hela,AE,0,128,models/hela/latent_tda_features/seed0_test_T50_B28_H64_W64_latent128_win15_bins16.pt,97,3.6465093230874644e-07,0.9999955825816403
hela,AE,0,128,models/hela/latent_tda_features/seed0_test_T50_B28_H64_W64_latent128_win15_bins16.pt,98,3.217802621187927e-07,0.9999959043619024
hela,AE,0,128,models/hela/latent_tda_features/seed0_test_T50_B28_H64_W64_latent128_win15_bins16.pt,99,2.970546869442555e-07,0.9999962014165894
hela,AE,0,128,models/hela/latent_tda_features/seed0_test_T50_B28_H64_W64_latent128_win15_bins16.pt,100,2.8249540092930387e-07,0.9999964839119904
hela,AE,0,128,models/hela/latent_tda_features/seed0_test_T50_B28_H64_W64_latent128_win15_bins16.pt,101,2.6601495877344974e-07,0.9999967499269491
hela,AE,0,128,models/hela/latent_tda_features/seed0_test_T50_B28_H64_W64_latent128_win15_bins16.pt,102,2.3748810724619688e-07,0.9999969874150564
hela,AE,0,128,models/hela/latent_tda_features/seed0_test_T50_B28_H64_W64_latent128_win15_bins16.pt,103,2.3593973473647158e-07,0.9999972233547911
hela,AE,0,128,models/hela/latent_tda_features/seed0_test_T50_B28_H64_W64_latent128_win15_bins16.pt,104,2.1738433215996548e-07,0.9999974407391233
hela,AE,0,128,models/hela/latent_tda_features/seed0_test_T50_B28_H64_W64_latent128_win15_bins16.pt,105,2.074245671309187e-07,0.9999976481636904
hela,AE,0,128,models/hela/latent_tda_features/seed0_test_T50_B28_H64_W64_latent128_win15_bins16.pt,106,1.9620662569422113e-07,0.9999978443703161
hela,AE,0,128,models/hela/latent_tda_features/seed0_test_T50_B28_H64_W64_latent128_win15_bins16.pt,107,1.8145476481531235e-07,0.9999980258250809
hela,AE,0,128,models/hela/latent_tda_features/seed0_test_T50_B28_H64_W64_latent128_win15_bins16.pt,108,1.7582072398517012e-07,0.9999982016458049
hela,AE,0,128,models/hela/latent_tda_features/seed0_test_T50_B28_H64_W64_latent128_win15_bins16.pt,109,1.6439949710085083e-07,0.999998366045302
hela,AE,0,128,models/hela/latent_tda_features/seed0_test_T50_B28_H64_W64_latent128_win15_bins16.pt,110,1.5971062334276382e-07,0.9999985257559254
hela,AE,0,128,models/hela/latent_tda_features/seed0_test_T50_B28_H64_W64_latent128_win15_bins16.pt,111,1.4872497523831766e-07,0.9999986744809006
hela,AE,0,128,models/hela/latent_tda_features/seed0_test_T50_B28_H64_W64_latent128_win15_bins16.pt,112,1.3574930920910606e-07,0.9999988102302099
hela,AE,0,128,models/hela/latent_tda_features/seed0_test_T50_B28_H64_W64_latent128_win15_bins16.pt,113,1.3325621569953632e-07,0.9999989434864256
hela,AE,0,128,models/hela/latent_tda_features/seed0_test_T50_B28_H64_W64_latent128_win15_bins16.pt,114,1.2562344819153432e-07,0.9999990691098738
hela,AE,0,128,models/hela/latent_tda_features/seed0_test_T50_B28_H64_W64_latent128_win15_bins16.pt,115,1.1965494905157154e-07,0.9999991887648229
hela,AE,0,128,models/hela/latent_tda_features/seed0_test_T50_B28_H64_W64_latent128_win15_bins16.pt,116,1.0413301107035488e-07,0.999999292897834
hela,AE,0,128,models/hela/latent_tda_features/seed0_test_T50_B28_H64_W64_latent128_win15_bins16.pt,117,9.448691563667468e-08,0.9999993873847496
hela,AE,0,128,models/hela/latent_tda_features/seed0_test_T50_B28_H64_W64_latent128_win15_bins16.pt,118,8.548403565391319e-08,0.9999994728687852
hela,AE,0,128,models/hela/latent_tda_features/seed0_test_T50_B28_H64_W64_latent128_win15_bins16.pt,119,7.732709166193806e-08,0.9999995501958768
hela,AE,0,128,models/hela/latent_tda_features/seed0_test_T50_B28_H64_W64_latent128_win15_bins16.pt,120,7.492117850829535e-08,0.9999996251170553
hela,AE,0,128,models/hela/latent_tda_features/seed0_test_T50_B28_H64_W64_latent128_win15_bins16.pt,121,6.705880495467671e-08,0.9999996921758603
hela,AE,0,128,models/hela/latent_tda_features/seed0_test_T50_B28_H64_W64_latent128_win15_bins16.pt,122,6.01242587926587e-08,0.9999997523001191
hela,AE,0,128,models/hela/latent_tda_features/seed0_test_T50_B28_H64_W64_latent128_win15_bins16.pt,123,5.676525584485414e-08,0.9999998090653749
hela,AE,0,128,models/hela/latent_tda_features/seed0_test_T50_B28_H64_W64_latent128_win15_bins16.pt,124,4.873771539162613e-08,0.9999998578030903
hela,AE,0,128,models/hela/latent_tda_features/seed0_test_T50_B28_H64_W64_latent128_win15_bins16.pt,125,4.5013355349859936e-08,0.9999999028164457
hela,AE,0,128,models/hela/latent_tda_features/seed0_test_T50_B28_H64_W64_latent128_win15_bins16.pt,126,3.992316511883274e-08,0.9999999427396108
hela,AE,0,128,models/hela/latent_tda_features/seed0_test_T50_B28_H64_W64_latent128_win15_bins16.pt,127,3.249148200417041e-08,0.9999999752310927
hela,AE,0,128,models/hela/latent_tda_features/seed0_test_T50_B28_H64_W64_latent128_win15_bins16.pt,128,2.4768907549676418e-08,1.0000000000000002
hela,GeoAE,0,128,models/hela_geoae_lam0.1/latent_tda_features/seed0_test_T50_B28_H64_W64_latent128_win15_bins16.pt,1,0.6371422464650761,0.6371422464650761
hela,GeoAE,0,128,models/hela_geoae_lam0.1/latent_tda_features/seed0_test_T50_B28_H64_W64_latent128_win15_bins16.pt,2,0.09189220864777778,0.7290344551128539
hela,GeoAE,0,128,models/hela_geoae_lam0.1/latent_tda_features/seed0_test_T50_B28_H64_W64_latent128_win15_bins16.pt,3,0.028041594952629197,0.7570760500654831
hela,GeoAE,0,128,models/hela_geoae_lam0.1/latent_tda_features/seed0_test_T50_B28_H64_W64_latent128_win15_bins16.pt,4,0.021054246614537073,0.7781302966800201
hela,GeoAE,0,128,models/hela_geoae_lam0.1/latent_tda_features/seed0_test_T50_B28_H64_W64_latent128_win15_bins16.pt,5,0.01715433758592582,0.7952846342659459
hela,GeoAE,0,128,models/hela_geoae_lam0.1/latent_tda_features/seed0_test_T50_B28_H64_W64_latent128_win15_bins16.pt,6,0.014671895492565432,0.8099565297585113
hela,GeoAE,0,128,models/hela_geoae_lam0.1/latent_tda_features/seed0_test_T50_B28_H64_W64_latent128_win15_bins16.pt,7,0.013705129869055872,0.8236616596275672
hela,GeoAE,0,128,models/hela_geoae_lam0.1/latent_tda_features/seed0_test_T50_B28_H64_W64_latent128_win15_bins16.pt,8,0.011884234356187644,0.8355458939837549
hela,GeoAE,0,128,models/hela_geoae_lam0.1/latent_tda_features/seed0_test_T50_B28_H64_W64_latent128_win15_bins16.pt,9,0.010868089022867584,0.8464139830066225
hela,GeoAE,0,128,models/hela_geoae_lam0.1/latent_tda_features/seed0_test_T50_B28_H64_W64_latent128_win15_bins16.pt,10,0.00955193606012205,0.8559659190667446
hela,GeoAE,0,128,models/hela_geoae_lam0.1/latent_tda_features/seed0_test_T50_B28_H64_W64_latent128_win15_bins16.pt,11,0.009084239157057666,0.8650501582238023
hela,GeoAE,0,128,models/hela_geoae_lam0.1/latent_tda_features/seed0_test_T50_B28_H64_W64_latent128_win15_bins16.pt,12,0.008728737053220104,0.8737788952770223
hela,GeoAE,0,128,models/hela_geoae_lam0.1/latent_tda_features/seed0_test_T50_B28_H64_W64_latent128_win15_bins16.pt,13,0.00775270390691814,0.8815315991839405
hela,GeoAE,0,128,models/hela_geoae_lam0.1/latent_tda_features/seed0_test_T50_B28_H64_W64_latent128_win15_bins16.pt,14,0.007096607868255519,0.888628207052196
hela,GeoAE,0,128,models/hela_geoae_lam0.1/latent_tda_features/seed0_test_T50_B28_H64_W64_latent128_win15_bins16.pt,15,0.006758200956871005,0.895386408009067
hela,GeoAE,0,128,models/hela_geoae_lam0.1/latent_tda_features/seed0_test_T50_B28_H64_W64_latent128_win15_bins16.pt,16,0.0064501888658548105,0.9018365968749218
hela,GeoAE,0,128,models/hela_geoae_lam0.1/latent_tda_features/seed0_test_T50_B28_H64_W64_latent128_win15_bins16.pt,17,0.005707264762559017,0.9075438616374808
hela,GeoAE,0,128,models/hela_geoae_lam0.1/latent_tda_features/seed0_test_T50_B28_H64_W64_latent128_win15_bins16.pt,18,0.005126472135099535,0.9126703337725803
hela,GeoAE,0,128,models/hela_geoae_lam0.1/latent_tda_features/seed0_test_T50_B28_H64_W64_latent128_win15_bins16.pt,19,0.004976886266551441,0.9176472200391318
hela,GeoAE,0,128,models/hela_geoae_lam0.1/latent_tda_features/seed0_test_T50_B28_H64_W64_latent128_win15_bins16.pt,20,0.0044442425889436935,0.9220914626280755
hela,GeoAE,0,128,models/hela_geoae_lam0.1/latent_tda_features/seed0_test_T50_B28_H64_W64_latent128_win15_bins16.pt,21,0.004303064015731659,0.9263945266438072
hela,GeoAE,0,128,models/hela_geoae_lam0.1/latent_tda_features/seed0_test_T50_B28_H64_W64_latent128_win15_bins16.pt,22,0.004240385076130061,0.9306349117199373
hela,GeoAE,0,128,models/hela_geoae_lam0.1/latent_tda_features/seed0_test_T50_B28_H64_W64_latent128_win15_bins16.pt,23,0.003762064041004584,0.9343969757609418
hela,GeoAE,0,128,models/hela_geoae_lam0.1/latent_tda_features/seed0_test_T50_B28_H64_W64_latent128_win15_bins16.pt,24,0.0035418279293930326,0.9379388036903349
hela,GeoAE,0,128,models/hela_geoae_lam0.1/latent_tda_features/seed0_test_T50_B28_H64_W64_latent128_win15_bins16.pt,25,0.0033568282655614978,0.9412956319558964
hela,GeoAE,0,128,models/hela_geoae_lam0.1/latent_tda_features/seed0_test_T50_B28_H64_W64_latent128_win15_bins16.pt,26,0.0030118915953766083,0.944307523551273
hela,GeoAE,0,128,models/hela_geoae_lam0.1/latent_tda_features/seed0_test_T50_B28_H64_W64_latent128_win15_bins16.pt,27,0.0028262257020156317,0.9471337492532886
hela,GeoAE,0,128,models/hela_geoae_lam0.1/latent_tda_features/seed0_test_T50_B28_H64_W64_latent128_win15_bins16.pt,28,0.002777361160787954,0.9499111104140766
hela,GeoAE,0,128,models/hela_geoae_lam0.1/latent_tda_features/seed0_test_T50_B28_H64_W64_latent128_win15_bins16.pt,29,0.002678882363275043,0.9525899927773517
hela,GeoAE,0,128,models/hela_geoae_lam0.1/latent_tda_features/seed0_test_T50_B28_H64_W64_latent128_win15_bins16.pt,30,0.0025180174062812343,0.9551080101836329
hela,GeoAE,0,128,models/hela_geoae_lam0.1/latent_tda_features/seed0_test_T50_B28_H64_W64_latent128_win15_bins16.pt,31,0.0023254770666930563,0.957433487250326
hela,GeoAE,0,128,models/hela_geoae_lam0.1/latent_tda_features/seed0_test_T50_B28_H64_W64_latent128_win15_bins16.pt,32,0.0021491293872374397,0.9595826166375634
hela,GeoAE,0,128,models/hela_geoae_lam0.1/latent_tda_features/seed0_test_T50_B28_H64_W64_latent128_win15_bins16.pt,33,0.0021050905260055737,0.961687707163569
hela,GeoAE,0,128,models/hela_geoae_lam0.1/latent_tda_features/seed0_test_T50_B28_H64_W64_latent128_win15_bins16.pt,34,0.0019302530276987067,0.9636179601912677
hela,GeoAE,0,128,models/hela_geoae_lam0.1/latent_tda_features/seed0_test_T50_B28_H64_W64_latent128_win15_bins16.pt,35,0.0019076753527022072,0.9655256355439699
hela,GeoAE,0,128,models/hela_geoae_lam0.1/latent_tda_features/seed0_test_T50_B28_H64_W64_latent128_win15_bins16.pt,36,0.0017330136448590586,0.9672586491888289
hela,GeoAE,0,128,models/hela_geoae_lam0.1/latent_tda_features/seed0_test_T50_B28_H64_W64_latent128_win15_bins16.pt,37,0.0017108230920787814,0.9689694722809077
hela,GeoAE,0,128,models/hela_geoae_lam0.1/latent_tda_features/seed0_test_T50_B28_H64_W64_latent128_win15_bins16.pt,38,0.0016278702284265127,0.9705973425093342
hela,GeoAE,0,128,models/hela_geoae_lam0.1/latent_tda_features/seed0_test_T50_B28_H64_W64_latent128_win15_bins16.pt,39,0.0015107614461777263,0.9721081039555118
hela,GeoAE,0,128,models/hela_geoae_lam0.1/latent_tda_features/seed0_test_T50_B28_H64_W64_latent128_win15_bins16.pt,40,0.0014501699803371154,0.9735582739358489
hela,GeoAE,0,128,models/hela_geoae_lam0.1/latent_tda_features/seed0_test_T50_B28_H64_W64_latent128_win15_bins16.pt,41,0.0013724104675750795,0.974930684403424
hela,GeoAE,0,128,models/hela_geoae_lam0.1/latent_tda_features/seed0_test_T50_B28_H64_W64_latent128_win15_bins16.pt,42,0.00130991217987903,0.9762405965833031
hela,GeoAE,0,128,models/hela_geoae_lam0.1/latent_tda_features/seed0_test_T50_B28_H64_W64_latent128_win15_bins16.pt,43,0.0012360485739808216,0.9774766451572839
hela,GeoAE,0,128,models/hela_geoae_lam0.1/latent_tda_features/seed0_test_T50_B28_H64_W64_latent128_win15_bins16.pt,44,0.001151486267782021,0.978628131425066
hela,GeoAE,0,128,models/hela_geoae_lam0.1/latent_tda_features/seed0_test_T50_B28_H64_W64_latent128_win15_bins16.pt,45,0.0010507954958664594,0.9796789269209325
hela,GeoAE,0,128,models/hela_geoae_lam0.1/latent_tda_features/seed0_test_T50_B28_H64_W64_latent128_win15_bins16.pt,46,0.0010253670337569294,0.9807042939546894
hela,GeoAE,0,128,models/hela_geoae_lam0.1/latent_tda_features/seed0_test_T50_B28_H64_W64_latent128_win15_bins16.pt,47,0.0009838968486357471,0.9816881908033251
hela,GeoAE,0,128,models/hela_geoae_lam0.1/latent_tda_features/seed0_test_T50_B28_H64_W64_latent128_win15_bins16.pt,48,0.0009525235920660031,0.9826407143953911
hela,GeoAE,0,128,models/hela_geoae_lam0.1/latent_tda_features/seed0_test_T50_B28_H64_W64_latent128_win15_bins16.pt,49,0.000910213580556198,0.9835509279759473
hela,GeoAE,0,128,models/hela_geoae_lam0.1/latent_tda_features/seed0_test_T50_B28_H64_W64_latent128_win15_bins16.pt,50,0.0008498028425753695,0.9844007308185228
hela,GeoAE,0,128,models/hela_geoae_lam0.1/latent_tda_features/seed0_test_T50_B28_H64_W64_latent128_win15_bins16.pt,51,0.0007988681897968904,0.9851995990083197
hela,GeoAE,0,128,models/hela_geoae_lam0.1/latent_tda_features/seed0_test_T50_B28_H64_W64_latent128_win15_bins16.pt,52,0.0007883862465423774,0.9859879852548621
hela,GeoAE,0,128,models/hela_geoae_lam0.1/latent_tda_features/seed0_test_T50_B28_H64_W64_latent128_win15_bins16.pt,53,0.0007204002110771861,0.9867083854659393
hela,GeoAE,0,128,models/hela_geoae_lam0.1/latent_tda_features/seed0_test_T50_B28_H64_W64_latent128_win15_bins16.pt,54,0.0007017148350544684,0.9874101003009937
hela,GeoAE,0,128,models/hela_geoae_lam0.1/latent_tda_features/seed0_test_T50_B28_H64_W64_latent128_win15_bins16.pt,55,0.0006493723306317362,0.9880594726316255
hela,GeoAE,0,128,models/hela_geoae_lam0.1/latent_tda_features/seed0_test_T50_B28_H64_W64_latent128_win15_bins16.pt,56,0.0006372439184003841,0.9886967165500259
hela,GeoAE,0,128,models/hela_geoae_lam0.1/latent_tda_features/seed0_test_T50_B28_H64_W64_latent128_win15_bins16.pt,57,0.0006069515449980824,0.989303668095024
hela,GeoAE,0,128,models/hela_geoae_lam0.1/latent_tda_features/seed0_test_T50_B28_H64_W64_latent128_win15_bins16.pt,58,0.0005565102444363597,0.9898601783394604
hela,GeoAE,0,128,models/hela_geoae_lam0.1/latent_tda_features/seed0_test_T50_B28_H64_W64_latent128_win15_bins16.pt,59,0.0005325505727534893,0.9903927289122139
hela,GeoAE,0,128,models/hela_geoae_lam0.1/latent_tda_features/seed0_test_T50_B28_H64_W64_latent128_win15_bins16.pt,60,0.0005184146290398106,0.9909111435412536
hela,GeoAE,0,128,models/hela_geoae_lam0.1/latent_tda_features/seed0_test_T50_B28_H64_W64_latent128_win15_bins16.pt,61,0.00047432421396094253,0.9913854677552146
hela,GeoAE,0,128,models/hela_geoae_lam0.1/latent_tda_features/seed0_test_T50_B28_H64_W64_latent128_win15_bins16.pt,62,0.0004718287145104965,0.9918572964697251
hela,GeoAE,0,128,models/hela_geoae_lam0.1/latent_tda_features/seed0_test_T50_B28_H64_W64_latent128_win15_bins16.pt,63,0.00042369748244553004,0.9922809939521706
hela,GeoAE,0,128,models/hela_geoae_lam0.1/latent_tda_features/seed0_test_T50_B28_H64_W64_latent128_win15_bins16.pt,64,0.0004145593087796901,0.9926955532609503
hela,GeoAE,0,128,models/hela_geoae_lam0.1/latent_tda_features/seed0_test_T50_B28_H64_W64_latent128_win15_bins16.pt,65,0.00039645206052142407,0.9930920053214717
hela,GeoAE,0,128,models/hela_geoae_lam0.1/latent_tda_features/seed0_test_T50_B28_H64_W64_latent128_win15_bins16.pt,66,0.00036915703278796055,0.9934611623542596
hela,GeoAE,0,128,models/hela_geoae_lam0.1/latent_tda_features/seed0_test_T50_B28_H64_W64_latent128_win15_bins16.pt,67,0.00035022843997051,0.9938113907942301
hela,GeoAE,0,128,models/hela_geoae_lam0.1/latent_tda_features/seed0_test_T50_B28_H64_W64_latent128_win15_bins16.pt,68,0.00034039025140870303,0.9941517810456388
hela,GeoAE,0,128,models/hela_geoae_lam0.1/latent_tda_features/seed0_test_T50_B28_H64_W64_latent128_win15_bins16.pt,69,0.0003194629924340082,0.9944712440380729
hela,GeoAE,0,128,models/hela_geoae_lam0.1/latent_tda_features/seed0_test_T50_B28_H64_W64_latent128_win15_bins16.pt,70,0.00030573968516677853,0.9947769837232396
hela,GeoAE,0,128,models/hela_geoae_lam0.1/latent_tda_features/seed0_test_T50_B28_H64_W64_latent128_win15_bins16.pt,71,0.0002772524109528457,0.9950542361341925
hela,GeoAE,0,128,models/hela_geoae_lam0.1/latent_tda_features/seed0_test_T50_B28_H64_W64_latent128_win15_bins16.pt,72,0.0002703411992549638,0.9953245773334475
hela,GeoAE,0,128,models/hela_geoae_lam0.1/latent_tda_features/seed0_test_T50_B28_H64_W64_latent128_win15_bins16.pt,73,0.00026118528542169196,0.9955857626188692
hela,GeoAE,0,128,models/hela_geoae_lam0.1/latent_tda_features/seed0_test_T50_B28_H64_W64_latent128_win15_bins16.pt,74,0.0002500227802856407,0.9958357853991548
hela,GeoAE,0,128,models/hela_geoae_lam0.1/latent_tda_features/seed0_test_T50_B28_H64_W64_latent128_win15_bins16.pt,75,0.00023733876158458925,0.9960731241607395
hela,GeoAE,0,128,models/hela_geoae_lam0.1/latent_tda_features/seed0_test_T50_B28_H64_W64_latent128_win15_bins16.pt,76,0.00022326349116095218,0.9962963876519004
hela,GeoAE,0,128,models/hela_geoae_lam0.1/latent_tda_features/seed0_test_T50_B28_H64_W64_latent128_win15_bins16.pt,77,0.00021308702658210716,0.9965094746784825
hela,GeoAE,0,128,models/hela_geoae_lam0.1/latent_tda_features/seed0_test_T50_B28_H64_W64_latent128_win15_bins16.pt,78,0.00020155870175249307,0.996711033380235
hela,GeoAE,0,128,models/hela_geoae_lam0.1/latent_tda_features/seed0_test_T50_B28_H64_W64_latent128_win15_bins16.pt,79,0.00018604538150917923,0.9968970787617442
hela,GeoAE,0,128,models/hela_geoae_lam0.1/latent_tda_features/seed0_test_T50_B28_H64_W64_latent128_win15_bins16.pt,80,0.00018335014486807913,0.9970804289066122
hela,GeoAE,0,128,models/hela_geoae_lam0.1/latent_tda_features/seed0_test_T50_B28_H64_W64_latent128_win15_bins16.pt,81,0.00017617840628486519,0.997256607312897
hela,GeoAE,0,128,models/hela_geoae_lam0.1/latent_tda_features/seed0_test_T50_B28_H64_W64_latent128_win15_bins16.pt,82,0.00016594801717254048,0.9974225553300695
hela,GeoAE,0,128,models/hela_geoae_lam0.1/latent_tda_features/seed0_test_T50_B28_H64_W64_latent128_win15_bins16.pt,83,0.00015881955555916636,0.9975813748856287
hela,GeoAE,0,128,models/hela_geoae_lam0.1/latent_tda_features/seed0_test_T50_B28_H64_W64_latent128_win15_bins16.pt,84,0.0001547403204206008,0.9977361152060493
hela,GeoAE,0,128,models/hela_geoae_lam0.1/latent_tda_features/seed0_test_T50_B28_H64_W64_latent128_win15_bins16.pt,85,0.00014751856050064426,0.99788363376655
hela,GeoAE,0,128,models/hela_geoae_lam0.1/latent_tda_features/seed0_test_T50_B28_H64_W64_latent128_win15_bins16.pt,86,0.00013369170464827193,0.9980173254711983
hela,GeoAE,0,128,models/hela_geoae_lam0.1/latent_tda_features/seed0_test_T50_B28_H64_W64_latent128_win15_bins16.pt,87,0.00012776648709384898,0.9981450919582922
hela,GeoAE,0,128,models/hela_geoae_lam0.1/latent_tda_features/seed0_test_T50_B28_H64_W64_latent128_win15_bins16.pt,88,0.00012453554086913618,0.9982696274991613
hela,GeoAE,0,128,models/hela_geoae_lam0.1/latent_tda_features/seed0_test_T50_B28_H64_W64_latent128_win15_bins16.pt,89,0.00012257149554246603,0.9983921989947038
hela,GeoAE,0,128,models/hela_geoae_lam0.1/latent_tda_features/seed0_test_T50_B28_H64_W64_latent128_win15_bins16.pt,90,0.00011267283751830926,0.998504871832222
hela,GeoAE,0,128,models/hela_geoae_lam0.1/latent_tda_features/seed0_test_T50_B28_H64_W64_latent128_win15_bins16.pt,91,0.0001029089464167916,0.9986077807786389
hela,GeoAE,0,128,models/hela_geoae_lam0.1/latent_tda_features/seed0_test_T50_B28_H64_W64_latent128_win15_bins16.pt,92,9.989313215679609e-05,0.9987076739107956
hela,GeoAE,0,128,models/hela_geoae_lam0.1/latent_tda_features/seed0_test_T50_B28_H64_W64_latent128_win15_bins16.pt,93,8.807072473668419e-05,0.9987957446355323
hela,GeoAE,0,128,models/hela_geoae_lam0.1/latent_tda_features/seed0_test_T50_B28_H64_W64_latent128_win15_bins16.pt,94,8.234276251749852e-05,0.9988780873980498
hela,GeoAE,0,128,models/hela_geoae_lam0.1/latent_tda_features/seed0_test_T50_B28_H64_W64_latent128_win15_bins16.pt,95,7.984033988296972e-05,0.9989579277379328
hela,GeoAE,0,128,models/hela_geoae_lam0.1/latent_tda_features/seed0_test_T50_B28_H64_W64_latent128_win15_bins16.pt,96,7.473820946456131e-05,0.9990326659473974
hela,GeoAE,0,128,models/hela_geoae_lam0.1/latent_tda_features/seed0_test_T50_B28_H64_W64_latent128_win15_bins16.pt,97,7.026203551994781e-05,0.9991029279829173
hela,GeoAE,0,128,models/hela_geoae_lam0.1/latent_tda_features/seed0_test_T50_B28_H64_W64_latent128_win15_bins16.pt,98,6.212468100963793e-05,0.999165052663927
hela,GeoAE,0,128,models/hela_geoae_lam0.1/latent_tda_features/seed0_test_T50_B28_H64_W64_latent128_win15_bins16.pt,99,6.0401766034674305e-05,0.9992254544299617
hela,GeoAE,0,128,models/hela_geoae_lam0.1/latent_tda_features/seed0_test_T50_B28_H64_W64_latent128_win15_bins16.pt,100,5.742766605985205e-05,0.9992828820960216
hela,GeoAE,0,128,models/hela_geoae_lam0.1/latent_tda_features/seed0_test_T50_B28_H64_W64_latent128_win15_bins16.pt,101,5.4215764593489544e-05,0.9993370978606151
hela,GeoAE,0,128,models/hela_geoae_lam0.1/latent_tda_features/seed0_test_T50_B28_H64_W64_latent128_win15_bins16.pt,102,5.261565639178673e-05,0.9993897135170069
hela,GeoAE,0,128,models/hela_geoae_lam0.1/latent_tda_features/seed0_test_T50_B28_H64_W64_latent128_win15_bins16.pt,103,5.013862681116383e-05,0.999439852143818
hela,GeoAE,0,128,models/hela_geoae_lam0.1/latent_tda_features/seed0_test_T50_B28_H64_W64_latent128_win15_bins16.pt,104,4.762931595138269e-05,0.9994874814597694
hela,GeoAE,0,128,models/hela_geoae_lam0.1/latent_tda_features/seed0_test_T50_B28_H64_W64_latent128_win15_bins16.pt,105,4.4509404128560454e-05,0.999531990863898
hela,GeoAE,0,128,models/hela_geoae_lam0.1/latent_tda_features/seed0_test_T50_B28_H64_W64_latent128_win15_bins16.pt,106,4.300889906055366e-05,0.9995749997629585
hela,GeoAE,0,128,models/hela_geoae_lam0.1/latent_tda_features/seed0_test_T50_B28_H64_W64_latent128_win15_bins16.pt,107,3.8589687615932203e-05,0.9996135894505744
hela,GeoAE,0,128,models/hela_geoae_lam0.1/latent_tda_features/seed0_test_T50_B28_H64_W64_latent128_win15_bins16.pt,108,3.5333995645264655e-05,0.9996489234462197
hela,GeoAE,0,128,models/hela_geoae_lam0.1/latent_tda_features/seed0_test_T50_B28_H64_W64_latent128_win15_bins16.pt,109,3.322995777434251e-05,0.999682153403994
hela,GeoAE,0,128,models/hela_geoae_lam0.1/latent_tda_features/seed0_test_T50_B28_H64_W64_latent128_win15_bins16.pt,110,3.167943744016182e-05,0.9997138328414342
hela,GeoAE,0,128,models/hela_geoae_lam0.1/latent_tda_features/seed0_test_T50_B28_H64_W64_latent128_win15_bins16.pt,111,3.0557236396445935e-05,0.9997443900778307
hela,GeoAE,0,128,models/hela_geoae_lam0.1/latent_tda_features/seed0_test_T50_B28_H64_W64_latent128_win15_bins16.pt,112,2.6727287804919413e-05,0.9997711173656356
hela,GeoAE,0,128,models/hela_geoae_lam0.1/latent_tda_features/seed0_test_T50_B28_H64_W64_latent128_win15_bins16.pt,113,2.5322981962446356e-05,0.9997964403475981
hela,GeoAE,0,128,models/hela_geoae_lam0.1/latent_tda_features/seed0_test_T50_B28_H64_W64_latent128_win15_bins16.pt,114,2.4057660563861585e-05,0.999820498008162
hela,GeoAE,0,128,models/hela_geoae_lam0.1/latent_tda_features/seed0_test_T50_B28_H64_W64_latent128_win15_bins16.pt,115,2.0878264239197352e-05,0.9998413762724012
hela,GeoAE,0,128,models/hela_geoae_lam0.1/latent_tda_features/seed0_test_T50_B28_H64_W64_latent128_win15_bins16.pt,116,1.962592922683894e-05,0.9998610022016281
hela,GeoAE,0,128,models/hela_geoae_lam0.1/latent_tda_features/seed0_test_T50_B28_H64_W64_latent128_win15_bins16.pt,117,1.796630091262841e-05,0.9998789685025408
hela,GeoAE,0,128,models/hela_geoae_lam0.1/latent_tda_features/seed0_test_T50_B28_H64_W64_latent128_win15_bins16.pt,118,1.6608774202637225e-05,0.9998955772767434
hela,GeoAE,0,128,models/hela_geoae_lam0.1/latent_tda_features/seed0_test_T50_B28_H64_W64_latent128_win15_bins16.pt,119,1.5513014545088684e-05,0.9999110902912884
hela,GeoAE,0,128,models/hela_geoae_lam0.1/latent_tda_features/seed0_test_T50_B28_H64_W64_latent128_win15_bins16.pt,120,1.3184308700659595e-05,0.9999242745999891
hela,GeoAE,0,128,models/hela_geoae_lam0.1/latent_tda_features/seed0_test_T50_B28_H64_W64_latent128_win15_bins16.pt,121,1.2171489619249555e-05,0.9999364460896084
hela,GeoAE,0,128,models/hela_geoae_lam0.1/latent_tda_features/seed0_test_T50_B28_H64_W64_latent128_win15_bins16.pt,122,1.179353504074886e-05,0.9999482396246492
hela,GeoAE,0,128,models/hela_geoae_lam0.1/latent_tda_features/seed0_test_T50_B28_H64_W64_latent128_win15_bins16.pt,123,1.1457470974577322e-05,0.9999596970956237
hela,GeoAE,0,128,models/hela_geoae_lam0.1/latent_tda_features/seed0_test_T50_B28_H64_W64_latent128_win15_bins16.pt,124,1.0246361595930195e-05,0.9999699434572197
hela,GeoAE,0,128,models/hela_geoae_lam0.1/latent_tda_features/seed0_test_T50_B28_H64_W64_latent128_win15_bins16.pt,125,9.402822464694697e-06,0.9999793462796843
hela,GeoAE,0,128,models/hela_geoae_lam0.1/latent_tda_features/seed0_test_T50_B28_H64_W64_latent128_win15_bins16.pt,126,8.337525940686854e-06,0.999987683805625
hela,GeoAE,0,128,models/hela_geoae_lam0.1/latent_tda_features/seed0_test_T50_B28_H64_W64_latent128_win15_bins16.pt,127,7.020622037788904e-06,0.9999947044276628
hela,GeoAE,0,128,models/hela_geoae_lam0.1/latent_tda_features/seed0_test_T50_B28_H64_W64_latent128_win15_bins16.pt,128,5.295572338022325e-06,1.0000000000000009
hela,TopoAE,0,128,models/hela_topoae_lam0.1_signature/latent_tda_features/seed0_test_T50_B28_H64_W64_latent128_win15_bins16.pt,1,0.7733810919477163,0.7733810919477163
hela,TopoAE,0,128,models/hela_topoae_lam0.1_signature/latent_tda_features/seed0_test_T50_B28_H64_W64_latent128_win15_bins16.pt,2,0.09492474920707461,0.8683058411547909
hela,TopoAE,0,128,models/hela_topoae_lam0.1_signature/latent_tda_features/seed0_test_T50_B28_H64_W64_latent128_win15_bins16.pt,3,0.03902650027160198,0.907332341426393
hela,TopoAE,0,128,models/hela_topoae_lam0.1_signature/latent_tda_features/seed0_test_T50_B28_H64_W64_latent128_win15_bins16.pt,4,0.017665029305111143,0.9249973707315041
hela,TopoAE,0,128,models/hela_topoae_lam0.1_signature/latent_tda_features/seed0_test_T50_B28_H64_W64_latent128_win15_bins16.pt,5,0.008257041024486203,0.9332544117559903
hela,TopoAE,0,128,models/hela_topoae_lam0.1_signature/latent_tda_features/seed0_test_T50_B28_H64_W64_latent128_win15_bins16.pt,6,0.00778434306875417,0.9410387548247445
hela,TopoAE,0,128,models/hela_topoae_lam0.1_signature/latent_tda_features/seed0_test_T50_B28_H64_W64_latent128_win15_bins16.pt,7,0.006755024220841446,0.9477937790455859
hela,TopoAE,0,128,models/hela_topoae_lam0.1_signature/latent_tda_features/seed0_test_T50_B28_H64_W64_latent128_win15_bins16.pt,8,0.005726210707182572,0.9535199897527685
hela,TopoAE,0,128,models/hela_topoae_lam0.1_signature/latent_tda_features/seed0_test_T50_B28_H64_W64_latent128_win15_bins16.pt,9,0.004845429321881236,0.9583654190746498
hela,TopoAE,0,128,models/hela_topoae_lam0.1_signature/latent_tda_features/seed0_test_T50_B28_H64_W64_latent128_win15_bins16.pt,10,0.003985760719476001,0.9623511797941258
hela,TopoAE,0,128,models/hela_topoae_lam0.1_signature/latent_tda_features/seed0_test_T50_B28_H64_W64_latent128_win15_bins16.pt,11,0.0034192644016248137,0.9657704441957505
hela,TopoAE,0,128,models/hela_topoae_lam0.1_signature/latent_tda_features/seed0_test_T50_B28_H64_W64_latent128_win15_bins16.pt,12,0.0029160939052783152,0.9686865381010289
hela,TopoAE,0,128,models/hela_topoae_lam0.1_signature/latent_tda_features/seed0_test_T50_B28_H64_W64_latent128_win15_bins16.pt,13,0.0026436299423677283,0.9713301680433967
hela,TopoAE,0,128,models/hela_topoae_lam0.1_signature/latent_tda_features/seed0_test_T50_B28_H64_W64_latent128_win15_bins16.pt,14,0.0025447075826331993,0.9738748756260299
hela,TopoAE,0,128,models/hela_topoae_lam0.1_signature/latent_tda_features/seed0_test_T50_B28_H64_W64_latent128_win15_bins16.pt,15,0.0022497929830819605,0.9761246686091118
hela,TopoAE,0,128,models/hela_topoae_lam0.1_signature/latent_tda_features/seed0_test_T50_B28_H64_W64_latent128_win15_bins16.pt,16,0.002010856445357063,0.9781355250544689
hela,TopoAE,0,128,models/hela_topoae_lam0.1_signature/latent_tda_features/seed0_test_T50_B28_H64_W64_latent128_win15_bins16.pt,17,0.00191093140022514,0.980046456454694
hela,TopoAE,0,128,models/hela_topoae_lam0.1_signature/latent_tda_features/seed0_test_T50_B28_H64_W64_latent128_win15_bins16.pt,18,0.0017880193699155041,0.9818344758246095
hela,TopoAE,0,128,models/hela_topoae_lam0.1_signature/latent_tda_features/seed0_test_T50_B28_H64_W64_latent128_win15_bins16.pt,19,0.0016204861479584044,0.9834549619725679
hela,TopoAE,0,128,models/hela_topoae_lam0.1_signature/latent_tda_features/seed0_test_T50_B28_H64_W64_latent128_win15_bins16.pt,20,0.0013534322495361909,0.9848083942221041
hela,TopoAE,0,128,models/hela_topoae_lam0.1_signature/latent_tda_features/seed0_test_T50_B28_H64_W64_latent128_win15_bins16.pt,21,0.0011873178452347086,0.9859957120673388
hela,TopoAE,0,128,models/hela_topoae_lam0.1_signature/latent_tda_features/seed0_test_T50_B28_H64_W64_latent128_win15_bins16.pt,22,0.0011791794583648478,0.9871748915257037
hela,TopoAE,0,128,models/hela_topoae_lam0.1_signature/latent_tda_features/seed0_test_T50_B28_H64_W64_latent128_win15_bins16.pt,23,0.0009859440139036398,0.9881608355396073
hela,TopoAE,0,128,models/hela_topoae_lam0.1_signature/latent_tda_features/seed0_test_T50_B28_H64_W64_latent128_win15_bins16.pt,24,0.0008709905544649154,0.9890318260940723
hela,TopoAE,0,128,models/hela_topoae_lam0.1_signature/latent_tda_features/seed0_test_T50_B28_H64_W64_latent128_win15_bins16.pt,25,0.0008168968778636544,0.9898487229719359
hela,TopoAE,0,128,models/hela_topoae_lam0.1_signature/latent_tda_features/seed0_test_T50_B28_H64_W64_latent128_win15_bins16.pt,26,0.000756615535432515,0.9906053385073684
hela,TopoAE,0,128,models/hela_topoae_lam0.1_signature/latent_tda_features/seed0_test_T50_B28_H64_W64_latent128_win15_bins16.pt,27,0.0006852714107729107,0.9912906099181413
hela,TopoAE,0,128,models/hela_topoae_lam0.1_signature/latent_tda_features/seed0_test_T50_B28_H64_W64_latent128_win15_bins16.pt,28,0.0006135224281702621,0.9919041323463116
hela,TopoAE,0,128,models/hela_topoae_lam0.1_signature/latent_tda_features/seed0_test_T50_B28_H64_W64_latent128_win15_bins16.pt,29,0.0006080355815646044,0.9925121679278762
hela,TopoAE,0,128,models/hela_topoae_lam0.1_signature/latent_tda_features/seed0_test_T50_B28_H64_W64_latent128_win15_bins16.pt,30,0.0005374030874335018,0.9930495710153098
hela,TopoAE,0,128,models/hela_topoae_lam0.1_signature/latent_tda_features/seed0_test_T50_B28_H64_W64_latent128_win15_bins16.pt,31,0.00047836909177344645,0.9935279401070832
hela,TopoAE,0,128,models/hela_topoae_lam0.1_signature/latent_tda_features/seed0_test_T50_B28_H64_W64_latent128_win15_bins16.pt,32,0.00045802495932396897,0.9939859650664072
hela,TopoAE,0,128,models/hela_topoae_lam0.1_signature/latent_tda_features/seed0_test_T50_B28_H64_W64_latent128_win15_bins16.pt,33,0.00040210538869176344,0.994388070455099
hela,TopoAE,0,128,models/hela_topoae_lam0.1_signature/latent_tda_features/seed0_test_T50_B28_H64_W64_latent128_win15_bins16.pt,34,0.00038365900967059175,0.9947717294647697
hela,TopoAE,0,128,models/hela_topoae_lam0.1_signature/latent_tda_features/seed0_test_T50_B28_H64_W64_latent128_win15_bins16.pt,35,0.00035719665086015754,0.9951289261156299
hela,TopoAE,0,128,models/hela_topoae_lam0.1_signature/latent_tda_features/seed0_test_T50_B28_H64_W64_latent128_win15_bins16.pt,36,0.00034304994764238703,0.9954719760632722
hela,TopoAE,0,128,models/hela_topoae_lam0.1_signature/latent_tda_features/seed0_test_T50_B28_H64_W64_latent128_win15_bins16.pt,37,0.000310714579852825,0.9957826906431251
hela,TopoAE,0,128,models/hela_topoae_lam0.1_signature/latent_tda_features/seed0_test_T50_B28_H64_W64_latent128_win15_bins16.pt,38,0.00029495731349610184,0.9960776479566211
hela,TopoAE,0,128,models/hela_topoae_lam0.1_signature/latent_tda_features/seed0_test_T50_B28_H64_W64_latent128_win15_bins16.pt,39,0.0002748995714263592,0.9963525475280475
hela,TopoAE,0,128,models/hela_topoae_lam0.1_signature/latent_tda_features/seed0_test_T50_B28_H64_W64_latent128_win15_bins16.pt,40,0.0002571373878405694,0.9966096849158881
hela,TopoAE,0,128,models/hela_topoae_lam0.1_signature/latent_tda_features/seed0_test_T50_B28_H64_W64_latent128_win15_bins16.pt,41,0.00023877716692056536,0.9968484620828086
hela,TopoAE,0,128,models/hela_topoae_lam0.1_signature/latent_tda_features/seed0_test_T50_B28_H64_W64_latent128_win15_bins16.pt,42,0.0002347974088301629,0.9970832594916388
hela,TopoAE,0,128,models/hela_topoae_lam0.1_signature/latent_tda_features/seed0_test_T50_B28_H64_W64_latent128_win15_bins16.pt,43,0.00020949863172296392,0.9972927581233617
hela,TopoAE,0,128,models/hela_topoae_lam0.1_signature/latent_tda_features/seed0_test_T50_B28_H64_W64_latent128_win15_bins16.pt,44,0.0001979973757036608,0.9974907554990654
hela,TopoAE,0,128,models/hela_topoae_lam0.1_signature/latent_tda_features/seed0_test_T50_B28_H64_W64_latent128_win15_bins16.pt,45,0.00018177148263328694,0.9976725269816987
hela,TopoAE,0,128,models/hela_topoae_lam0.1_signature/latent_tda_features/seed0_test_T50_B28_H64_W64_latent128_win15_bins16.pt,46,0.00016915324121258938,0.9978416802229113
hela,TopoAE,0,128,models/hela_topoae_lam0.1_signature/latent_tda_features/seed0_test_T50_B28_H64_W64_latent128_win15_bins16.pt,47,0.00015439563982862448,0.99799607586274
hela,TopoAE,0,128,models/hela_topoae_lam0.1_signature/latent_tda_features/seed0_test_T50_B28_H64_W64_latent128_win15_bins16.pt,48,0.00014381559044764877,0.9981398914531876
hela,TopoAE,0,128,models/hela_topoae_lam0.1_signature/latent_tda_features/seed0_test_T50_B28_H64_W64_latent128_win15_bins16.pt,49,0.00012448153189330714,0.9982643729850809
hela,TopoAE,0,128,models/hela_topoae_lam0.1_signature/latent_tda_features/seed0_test_T50_B28_H64_W64_latent128_win15_bins16.pt,50,0.00011684004495353605,0.9983812130300344
hela,TopoAE,0,128,models/hela_topoae_lam0.1_signature/latent_tda_features/seed0_test_T50_B28_H64_W64_latent128_win15_bins16.pt,51,0.00011076598078694783,0.9984919790108213
hela,TopoAE,0,128,models/hela_topoae_lam0.1_signature/latent_tda_features/seed0_test_T50_B28_H64_W64_latent128_win15_bins16.pt,52,0.00010294122104776516,0.9985949202318691
hela,TopoAE,0,128,models/hela_topoae_lam0.1_signature/latent_tda_features/seed0_test_T50_B28_H64_W64_latent128_win15_bins16.pt,53,0.00010009873788844215,0.9986950189697575
hela,TopoAE,0,128,models/hela_topoae_lam0.1_signature/latent_tda_features/seed0_test_T50_B28_H64_W64_latent128_win15_bins16.pt,54,8.887135729153625e-05,0.9987838903270491
hela,TopoAE,0,128,models/hela_topoae_lam0.1_signature/latent_tda_features/seed0_test_T50_B28_H64_W64_latent128_win15_bins16.pt,55,7.962739859857651e-05,0.9988635177256476
hela,TopoAE,0,128,models/hela_topoae_lam0.1_signature/latent_tda_features/seed0_test_T50_B28_H64_W64_latent128_win15_bins16.pt,56,7.556825024368059e-05,0.9989390859758913
hela,TopoAE,0,128,models/hela_topoae_lam0.1_signature/latent_tda_features/seed0_test_T50_B28_H64_W64_latent128_win15_bins16.pt,57,7.360112466769193e-05,0.999012687100559
hela,TopoAE,0,128,models/hela_topoae_lam0.1_signature/latent_tda_features/seed0_test_T50_B28_H64_W64_latent128_win15_bins16.pt,58,6.745115855782662e-05,0.9990801382591168
hela,TopoAE,0,128,models/hela_topoae_lam0.1_signature/latent_tda_features/seed0_test_T50_B28_H64_W64_latent128_win15_bins16.pt,59,6.304859426564662e-05,0.9991431868533824
hela,TopoAE,0,128,models/hela_topoae_lam0.1_signature/latent_tda_features/seed0_test_T50_B28_H64_W64_latent128_win15_bins16.pt,60,6.217732093546333e-05,0.9992053641743179
hela,TopoAE,0,128,models/hela_topoae_lam0.1_signature/latent_tda_features/seed0_test_T50_B28_H64_W64_latent128_win15_bins16.pt,61,5.241380271924841e-05,0.9992577779770372
hela,TopoAE,0,128,models/hela_topoae_lam0.1_signature/latent_tda_features/seed0_test_T50_B28_H64_W64_latent128_win15_bins16.pt,62,4.798585874472318e-05,0.999305763835782
hela,TopoAE,0,128,models/hela_topoae_lam0.1_signature/latent_tda_features/seed0_test_T50_B28_H64_W64_latent128_win15_bins16.pt,63,4.491747474455405e-05,0.9993506813105265
hela,TopoAE,0,128,models/hela_topoae_lam0.1_signature/latent_tda_features/seed0_test_T50_B28_H64_W64_latent128_win15_bins16.pt,64,4.1678468634412895e-05,0.999392359779161
hela,TopoAE,0,128,models/hela_topoae_lam0.1_signature/latent_tda_features/seed0_test_T50_B28_H64_W64_latent128_win15_bins16.pt,65,4.0642700481031843e-05,0.999433002479642
hela,TopoAE,0,128,models/hela_topoae_lam0.1_signature/latent_tda_features/seed0_test_T50_B28_H64_W64_latent128_win15_bins16.pt,66,4.023540983644757e-05,0.9994732378894784
hela,TopoAE,0,128,models/hela_topoae_lam0.1_signature/latent_tda_features/seed0_test_T50_B28_H64_W64_latent128_win15_bins16.pt,67,3.557623172712711e-05,0.9995088141212055
hela,TopoAE,0,128,models/hela_topoae_lam0.1_signature/latent_tda_features/seed0_test_T50_B28_H64_W64_latent128_win15_bins16.pt,68,3.18145290406932e-05,0.9995406286502462
hela,TopoAE,0,128,models/hela_topoae_lam0.1_signature/latent_tda_features/seed0_test_T50_B28_H64_W64_latent128_win15_bins16.pt,69,3.059193686410216e-05,0.9995712205871102
hela,TopoAE,0,128,models/hela_topoae_lam0.1_signature/latent_tda_features/seed0_test_T50_B28_H64_W64_latent128_win15_bins16.pt,70,2.5304033916804997e-05,0.999596524621027
hela,TopoAE,0,128,models/hela_topoae_lam0.1_signature/latent_tda_features/seed0_test_T50_B28_H64_W64_latent128_win15_bins16.pt,71,2.5062038827459146e-05,0.9996215866598545
hela,TopoAE,0,128,models/hela_topoae_lam0.1_signature/latent_tda_features/seed0_test_T50_B28_H64_W64_latent128_win15_bins16.pt,72,2.3849295867833737e-05,0.9996454359557223
hela,TopoAE,0,128,models/hela_topoae_lam0.1_signature/latent_tda_features/seed0_test_T50_B28_H64_W64_latent128_win15_bins16.pt,73,2.3108587593941534e-05,0.9996685445433162
hela,TopoAE,0,128,models/hela_topoae_lam0.1_signature/latent_tda_features/seed0_test_T50_B28_H64_W64_latent128_win15_bins16.pt,74,2.3000759920887355e-05,0.9996915453032371
hela,TopoAE,0,128,models/hela_topoae_lam0.1_signature/latent_tda_features/seed0_test_T50_B28_H64_W64_latent128_win15_bins16.pt,75,2.174687400984436e-05,0.9997132921772469
hela,TopoAE,0,128,models/hela_topoae_lam0.1_signature/latent_tda_features/seed0_test_T50_B28_H64_W64_latent128_win15_bins16.pt,76,1.9480592183255232e-05,0.9997327727694302
hela,TopoAE,0,128,models/hela_topoae_lam0.1_signature/latent_tda_features/seed0_test_T50_B28_H64_W64_latent128_win15_bins16.pt,77,1.8778309704462883e-05,0.9997515510791346
hela,TopoAE,0,128,models/hela_topoae_lam0.1_signature/latent_tda_features/seed0_test_T50_B28_H64_W64_latent128_win15_bins16.pt,78,1.718539466873076e-05,0.9997687364738034
hela,TopoAE,0,128,models/hela_topoae_lam0.1_signature/latent_tda_features/seed0_test_T50_B28_H64_W64_latent128_win15_bins16.pt,79,1.664916575437467e-05,0.9997853856395578
hela,TopoAE,0,128,models/hela_topoae_lam0.1_signature/latent_tda_features/seed0_test_T50_B28_H64_W64_latent128_win15_bins16.pt,80,1.582133589101704e-05,0.9998012069754488
hela,TopoAE,0,128,models/hela_topoae_lam0.1_signature/latent_tda_features/seed0_test_T50_B28_H64_W64_latent128_win15_bins16.pt,81,1.4157291466064917e-05,0.9998153642669149
hela,TopoAE,0,128,models/hela_topoae_lam0.1_signature/latent_tda_features/seed0_test_T50_B28_H64_W64_latent128_win15_bins16.pt,82,1.3224660294133717e-05,0.999828588927209
hela,TopoAE,0,128,models/hela_topoae_lam0.1_signature/latent_tda_features/seed0_test_T50_B28_H64_W64_latent128_win15_bins16.pt,83,1.2305568060054321e-05,0.9998408944952691
hela,TopoAE,0,128,models/hela_topoae_lam0.1_signature/latent_tda_features/seed0_test_T50_B28_H64_W64_latent128_win15_bins16.pt,84,1.0632805760887455e-05,0.99985152730103
hela,TopoAE,0,128,models/hela_topoae_lam0.1_signature/latent_tda_features/seed0_test_T50_B28_H64_W64_latent128_win15_bins16.pt,85,1.0293448440608809e-05,0.9998618207494706
hela,TopoAE,0,128,models/hela_topoae_lam0.1_signature/latent_tda_features/seed0_test_T50_B28_H64_W64_latent128_win15_bins16.pt,86,9.699297472963437e-06,0.9998715200469436
hela,TopoAE,0,128,models/hela_topoae_lam0.1_signature/latent_tda_features/seed0_test_T50_B28_H64_W64_latent128_win15_bins16.pt,87,9.39021689344109e-06,0.999880910263837
hela,TopoAE,0,128,models/hela_topoae_lam0.1_signature/latent_tda_features/seed0_test_T50_B28_H64_W64_latent128_win15_bins16.pt,88,9.031863268048517e-06,0.999889942127105
hela,TopoAE,0,128,models/hela_topoae_lam0.1_signature/latent_tda_features/seed0_test_T50_B28_H64_W64_latent128_win15_bins16.pt,89,8.192700136872066e-06,0.9998981348272419
hela,TopoAE,0,128,models/hela_topoae_lam0.1_signature/latent_tda_features/seed0_test_T50_B28_H64_W64_latent128_win15_bins16.pt,90,7.075242312985335e-06,0.9999052100695549
hela,TopoAE,0,128,models/hela_topoae_lam0.1_signature/latent_tda_features/seed0_test_T50_B28_H64_W64_latent128_win15_bins16.pt,91,6.709775126946407e-06,0.9999119198446819
hela,TopoAE,0,128,models/hela_topoae_lam0.1_signature/latent_tda_features/seed0_test_T50_B28_H64_W64_latent128_win15_bins16.pt,92,6.046445046309961e-06,0.9999179662897282
hela,TopoAE,0,128,models/hela_topoae_lam0.1_signature/latent_tda_features/seed0_test_T50_B28_H64_W64_latent128_win15_bins16.pt,93,5.766024940269341e-06,0.9999237323146685
hela,TopoAE,0,128,models/hela_topoae_lam0.1_signature/latent_tda_features/seed0_test_T50_B28_H64_W64_latent128_win15_bins16.pt,94,5.535534606487035e-06,0.9999292678492749
hela,TopoAE,0,128,models/hela_topoae_lam0.1_signature/latent_tda_features/seed0_test_T50_B28_H64_W64_latent128_win15_bins16.pt,95,5.340356142432336e-06,0.9999346082054174
hela,TopoAE,0,128,models/hela_topoae_lam0.1_signature/latent_tda_features/seed0_test_T50_B28_H64_W64_latent128_win15_bins16.pt,96,4.975957416098893e-06,0.9999395841628335
hela,TopoAE,0,128,models/hela_topoae_lam0.1_signature/latent_tda_features/seed0_test_T50_B28_H64_W64_latent128_win15_bins16.pt,97,4.690286884177221e-06,0.9999442744497177
hela,TopoAE,0,128,models/hela_topoae_lam0.1_signature/latent_tda_features/seed0_test_T50_B28_H64_W64_latent128_win15_bins16.pt,98,4.368577614656056e-06,0.9999486430273323
hela,TopoAE,0,128,models/hela_topoae_lam0.1_signature/latent_tda_features/seed0_test_T50_B28_H64_W64_latent128_win15_bins16.pt,99,4.184268099274719e-06,0.9999528272954316
hela,TopoAE,0,128,models/hela_topoae_lam0.1_signature/latent_tda_features/seed0_test_T50_B28_H64_W64_latent128_win15_bins16.pt,100,4.037532625595352e-06,0.9999568648280571
hela,TopoAE,0,128,models/hela_topoae_lam0.1_signature/latent_tda_features/seed0_test_T50_B28_H64_W64_latent128_win15_bins16.pt,101,3.96410932037225e-06,0.9999608289373775
hela,TopoAE,0,128,models/hela_topoae_lam0.1_signature/latent_tda_features/seed0_test_T50_B28_H64_W64_latent128_win15_bins16.pt,102,3.4707531221407636e-06,0.9999642996904996
hela,TopoAE,0,128,models/hela_topoae_lam0.1_signature/latent_tda_features/seed0_test_T50_B28_H64_W64_latent128_win15_bins16.pt,103,3.231295571804379e-06,0.9999675309860714
hela,TopoAE,0,128,models/hela_topoae_lam0.1_signature/latent_tda_features/seed0_test_T50_B28_H64_W64_latent128_win15_bins16.pt,104,2.9895281483220703e-06,0.9999705205142198
hela,TopoAE,0,128,models/hela_topoae_lam0.1_signature/latent_tda_features/seed0_test_T50_B28_H64_W64_latent128_win15_bins16.pt,105,2.8849068507366817e-06,0.9999734054210705
hela,TopoAE,0,128,models/hela_topoae_lam0.1_signature/latent_tda_features/seed0_test_T50_B28_H64_W64_latent128_win15_bins16.pt,106,2.6834144383741544e-06,0.9999760888355088
hela,TopoAE,0,128,models/hela_topoae_lam0.1_signature/latent_tda_features/seed0_test_T50_B28_H64_W64_latent128_win15_bins16.pt,107,2.5650489911427945e-06,0.9999786538844999
hela,TopoAE,0,128,models/hela_topoae_lam0.1_signature/latent_tda_features/seed0_test_T50_B28_H64_W64_latent128_win15_bins16.pt,108,2.40637880049153e-06,0.9999810602633004
hela,TopoAE,0,128,models/hela_topoae_lam0.1_signature/latent_tda_features/seed0_test_T50_B28_H64_W64_latent128_win15_bins16.pt,109,2.0047325465525426e-06,0.9999830649958469
hela,TopoAE,0,128,models/hela_topoae_lam0.1_signature/latent_tda_features/seed0_test_T50_B28_H64_W64_latent128_win15_bins16.pt,110,1.8948715044251405e-06,0.9999849598673513
hela,TopoAE,0,128,models/hela_topoae_lam0.1_signature/latent_tda_features/seed0_test_T50_B28_H64_W64_latent128_win15_bins16.pt,111,1.7328186135179257e-06,0.9999866926859647
hela,TopoAE,0,128,models/hela_topoae_lam0.1_signature/latent_tda_features/seed0_test_T50_B28_H64_W64_latent128_win15_bins16.pt,112,1.6529455162019032e-06,0.999988345631481
hela,TopoAE,0,128,models/hela_topoae_lam0.1_signature/latent_tda_features/seed0_test_T50_B28_H64_W64_latent128_win15_bins16.pt,113,1.5751882070006752e-06,0.999989920819688
hela,TopoAE,0,128,models/hela_topoae_lam0.1_signature/latent_tda_features/seed0_test_T50_B28_H64_W64_latent128_win15_bins16.pt,114,1.2955356987881767e-06,0.9999912163553868
hela,TopoAE,0,128,models/hela_topoae_lam0.1_signature/latent_tda_features/seed0_test_T50_B28_H64_W64_latent128_win15_bins16.pt,115,1.271972769547031e-06,0.9999924883281563
hela,TopoAE,0,128,models/hela_topoae_lam0.1_signature/latent_tda_features/seed0_test_T50_B28_H64_W64_latent128_win15_bins16.pt,116,1.1080620817057114e-06,0.9999935963902381
hela,TopoAE,0,128,models/hela_topoae_lam0.1_signature/latent_tda_features/seed0_test_T50_B28_H64_W64_latent128_win15_bins16.pt,117,9.260190435153798e-07,0.9999945224092817
hela,TopoAE,0,128,models/hela_topoae_lam0.1_signature/latent_tda_features/seed0_test_T50_B28_H64_W64_latent128_win15_bins16.pt,118,8.492092079715404e-07,0.9999953716184896
hela,TopoAE,0,128,models/hela_topoae_lam0.1_signature/latent_tda_features/seed0_test_T50_B28_H64_W64_latent128_win15_bins16.pt,119,7.382579881539845e-07,0.9999961098764778
hela,TopoAE,0,128,models/hela_topoae_lam0.1_signature/latent_tda_features/seed0_test_T50_B28_H64_W64_latent128_win15_bins16.pt,120,6.944669927906263e-07,0.9999968043434706
hela,TopoAE,0,128,models/hela_topoae_lam0.1_signature/latent_tda_features/seed0_test_T50_B28_H64_W64_latent128_win15_bins16.pt,121,6.416209993907921e-07,0.99999744596447
hela,TopoAE,0,128,models/hela_topoae_lam0.1_signature/latent_tda_features/seed0_test_T50_B28_H64_W64_latent128_win15_bins16.pt,122,5.769722846829497e-07,0.9999980229367548
hela,TopoAE,0,128,models/hela_topoae_lam0.1_signature/latent_tda_features/seed0_test_T50_B28_H64_W64_latent128_win15_bins16.pt,123,4.626201688749869e-07,0.9999984855569236
hela,TopoAE,0,128,models/hela_topoae_lam0.1_signature/latent_tda_features/seed0_test_T50_B28_H64_W64_latent128_win15_bins16.pt,124,4.109526317248428e-07,0.9999988965095553
hela,TopoAE,0,128,models/hela_topoae_lam0.1_signature/latent_tda_features/seed0_test_T50_B28_H64_W64_latent128_win15_bins16.pt,125,3.708809317663351e-07,0.9999992673904871
hela,TopoAE,0,128,models/hela_topoae_lam0.1_signature/latent_tda_features/seed0_test_T50_B28_H64_W64_latent128_win15_bins16.pt,126,3.586661581238055e-07,0.9999996260566452
hela,TopoAE,0,128,models/hela_topoae_lam0.1_signature/latent_tda_features/seed0_test_T50_B28_H64_W64_latent128_win15_bins16.pt,127,2.2146240922836916e-07,0.9999998475190544
hela,TopoAE,0,128,models/hela_topoae_lam0.1_signature/latent_tda_features/seed0_test_T50_B28_H64_W64_latent128_win15_bins16.pt,128,1.5248094587847908e-07,1.0000000000000002
